"id","name","event_no","card_cost","color","max_in_deck","restriction","image","caption","filler","created_at","name_en","name_fr","name_kr","name_scn","name_tcn","name_ina","name_thai","caption_en","caption_fr","caption_kr","caption_scn","caption_tcn","caption_ina","caption_thai"
1,"剣1カード",61,0,0,18,,"event03.swf","このカードは剣1として扱う",1,"2010-10-17 06:35:33 UTC","Sword 1","Epée 1","검1 카드","剑1卡","劍1卡","Sword 1","การ์ดดาบ 1","This card can be used as a Sword 1.","Cette carte peut être utilisée comme Epée 1","이 카드는 검1의 효과가 있습니다.","此卡当作剑1使用","此卡當作劍1使用","Digunakan sebagai Sword 1","ใช้การ์ดนี้แทนดาบ 1"
2,"剣2カード",97,0,0,18,,"event04.swf","このカードは剣2として扱う",0,"2010-10-17 06:35:33 UTC","Sword 2","Epée 2","검2 카드","剑2卡","劍2卡","Sword 2","การ์ดดาบ 2","This card can be used as a Sword 2.","Cette carte peut être utilisée comme Epée 2","이 카드는 검2의 효과가 있습니다.","此卡当作剑2使用","此卡當作劍2使用","Digunakan sebagai Sword 2","ใช้การ์ดนี้แทนดาบ 2"
3,"剣3カード",133,0,0,18,,"event03.swf","このカードは剣3として扱う",0,"2010-10-17 06:35:33 UTC","Sword 3","Epée 3","검3 카드","剑3卡","劍3卡","Sword 3","การ์ดดาบ 3","This card can be used as a Sword 3.","Cette carte peut être utilisée comme Epée 3","이 카드는 검3의 효과가 있습니다.","此卡当作剑3使用","此卡當作劍3使用","Digunakan sebagai Sword 3","ใช้การ์ดนี้แทนดาบ 3"
4,"剣4カード",169,1,3,9,,"event04.swf","このカードは剣4として扱う",0,"2010-10-17 06:35:33 UTC","Sword 4","Epée 4","검4 카드","剑4卡","劍4卡","Sword 4","การ์ดดาบ 4","This card can be used as a Sword 4.","Cette carte peut être utilisée comme Epée 4","이 카드는 검4의 효과가 있습니다.","此卡当作剑4使用","此卡當作劍4使用","Digunakan sebagai Sword 4","ใช้การ์ดนี้แทนดาบ 4"
5,"剣5カード",187,1,3,9,,"event03.swf","このカードは剣5として扱う",0,"2010-10-17 06:35:33 UTC","Sword 5","Epée 5","검5 카드","剑5卡","劍5卡","Sword 5","การ์ดดาบ 5","This card can be used as a Sword 5.","Cette carte peut être utilisée comme Epée 5","이 카드는 검5의 효과가 있습니다.","此卡当作剑5使用","此卡當作劍5使用","Digunakan sebagai Sword 5","ใช้การ์ดนี้แทนดาบ 5"
6,"剣6カード",205,1,3,9,,"event04.swf","このカードは剣6として扱う",0,"2010-10-17 06:35:33 UTC","Sword 6","Epée 6","검6 카드","剑6卡","劍6卡","Sword 6","การ์ดดาบ 6","This card can be used as a Sword 6.","Cette carte peut être utilisée comme Epée 6","이 카드는 검6의 효과가 있습니다.","此卡当作剑6使用","此卡當作劍6使用","Digunakan sebagai Sword 6","ใช้การ์ดนี้แทนดาบ 6"
7,"剣7カード",223,1,3,9,,"event03.swf","このカードは剣7として扱う",0,"2010-10-17 06:35:33 UTC","Sword 7","Epée 7","검7 카드","剑7卡","劍7卡","Sword 7","การ์ดดาบ 7","This card can be used as a Sword 7.","Cette carte peut être utilisée comme Epée 7","이 카드는 검7의 효과가 있습니다.","此卡当作剑7使用","此卡當作劍7使用","Digunakan sebagai Sword 7","ใช้การ์ดนี้แทนดาบ 7"
8,"剣8カード",241,1,3,9,,"event04.swf","このカードは剣8として扱う",0,"2010-10-17 06:35:33 UTC","Sword 8","Epée 8","검8 카드","剑8卡","劍8卡","Sword 8","การ์ดดาบ 8","This card can be used as a Sword 8.","Cette carte peut être utilisée comme Epée 8","이 카드는 검8의 효과가 있습니다.","此卡当作剑8使用","此卡當作劍8使用","Digunakan sebagai Sword 8","ใช้การ์ดนี้แทนดาบ 8"
9,"銃1カード",259,0,0,18,,"event04.swf","このカードは銃1として扱う",1,"2010-10-17 06:35:33 UTC","Gun 1","Fusil 1","총1 카드","枪1卡","槍1卡","Gun 1","การ์ดปืน 1","This card can be used as a Gun 1.","Cette carte peut être utilisée comme Fusil 1","이 카드는 총1의 효과가 있습니다.","此卡当作枪1使用","此卡當作槍1使用","Digunakan sebagai Gun 1","ใช้การ์ดนี้แทนปืน 1"
10,"銃2カード",295,0,0,18,,"event04.swf","このカードは銃2として扱う",0,"2010-10-17 06:35:33 UTC","Gun 2","Fusil 2","총2 카드","枪2卡","槍2卡","Gun 2","การ์ดปืน 2","This card can be used as a Gun 2.","Cette carte peut être utilisée comme Fusil 2","이 카드는 총2의 효과가 있습니다.","此卡当作枪2使用","此卡當作槍2使用","Digunakan sebagai Gun 2","ใช้การ์ดนี้แทนปืน 2"
11,"銃3カード",331,0,0,18,,"event04.swf","このカードは銃3として扱う",0,"2010-10-17 06:35:33 UTC","Gun 3","Fusil 3","총3 카드","枪3卡","槍3卡","Gun 3","การ์ดปืน 3","This card can be used as a Gun 3.","Cette carte peut être utilisée comme Fusil 3","이 카드는 총3의 효과가 있습니다.","此卡当作枪3使用","此卡當作槍3使用","Digunakan sebagai Gun 3","ใช้การ์ดนี้แทนปืน 3"
12,"銃4カード",367,1,4,9,,"event04.swf","このカードは銃4として扱う",0,"2010-10-17 06:35:33 UTC","Gun 4","Fusil 4","총4 카드","枪4卡","槍4卡","Gun 4","การ์ดปืน 4","This card can be used as a Gun 4.","Cette carte peut être utilisée comme Fusil 4","이 카드는 총4의 효과가 있습니다.","此卡当作枪4使用","此卡當作槍4使用","Digunakan sebagai Gun 4","ใช้การ์ดนี้แทนปืน 4"
13,"銃5カード",385,1,4,9,,"event04.swf","このカードは銃5として扱う",0,"2010-10-17 06:35:33 UTC","Gun 5","Fusil 5","총5 카드","枪5卡","槍5卡","Gun 5","การ์ดปืน 5","This card can be used as a Gun 5.","Cette carte peut être utilisée comme Fusil 5","이 카드는 총5의 효과가 있습니다.","此卡当作枪5使用","此卡當作槍5使用","Digunakan sebagai Gun 5","ใช้การ์ดนี้แทนปืน 5"
14,"銃6カード",403,1,4,9,,"event04.swf","このカードは銃6として扱う",0,"2010-10-17 06:35:33 UTC","Gun 6","Fusil 6","총6 카드","枪6卡","槍6卡","Gun 6","การ์ดปืน 6","This card can be used as a Gun 6.","Cette carte peut être utilisée comme Fusil 6","이 카드는 총6의 효과가 있습니다.","此卡当作枪6使用","此卡當作槍6使用","Digunakan sebagai Gun 6","ใช้การ์ดนี้แทนปืน 6"
15,"銃7カード",421,1,4,9,,"event04.swf","このカードは銃7として扱う",0,"2010-10-17 06:35:33 UTC","Gun 7","Fusil 7","총7 카드","枪7卡","槍7卡","Gun 7","การ์ดปืน 7","This card can be used as a Gun 7.","Cette carte peut être utilisée comme Fusil 7","이 카드는 총7의 효과가 있습니다.","此卡当作枪7使用","此卡當作槍7使用","Digunakan sebagai Gun 7","ใช้การ์ดนี้แทนปืน 7"
16,"銃8カード",439,1,4,9,,"event04.swf","このカードは銃8として扱う",0,"2010-10-17 06:35:33 UTC","Gun 8","Fusil 8","총8 카드","枪8卡","槍8卡","Gun 8","การ์ดปืน 8","This card can be used as a Gun 8.","Cette carte peut être utilisée comme Fusil 8","이 카드는 총8의 효과가 있습니다.","此卡当作枪8使用","此卡當作槍8使用","Digunakan sebagai Gun 8","ใช้การ์ดนี้แทนปืน 8"
17,"防御1カード",457,0,0,18,,"event04.swf","このカードは防御1として扱う",1,"2010-10-17 06:35:33 UTC","Defense 1","Défense 1","방어1 카드","防御1卡","防禦1卡","Shield 1","การ์ดป้องกัน 1","This card can be used as a Defense 1.","Cette carte peut être utilisée comme Défense 1","이 카드는 방어1의 효과가 있습니다.","此卡当作防御1使用","此卡當作防禦1使用","Digunakan sebagai Shield 1","ใช้การ์ดนี้เพื่อการป้องกัน 1"
18,"防御2カード",493,0,0,18,,"event04.swf","このカードは防御2として扱う",0,"2010-10-17 06:35:33 UTC","Defense 2","Défense 2","방어2 카드","防御2卡","防禦2卡","Shield 2","การ์ดป้องกัน 2","This card can be used as a Defense 2.","Cette carte peut être utilisée comme Défense 2","이 카드는 방어2의 효과가 있습니다.","此卡当作防御2使用","此卡當作防禦2使用","Digunakan sebagai Shield 2","ใช้การ์ดนี้เพื่อการป้องกัน 2"
19,"防御3カード",529,0,0,18,,"event04.swf","このカードは防御3として扱う",0,"2010-10-17 06:35:33 UTC","Defense 3","Défense 3","방어3 카드","防御3卡","防禦3卡","Shield 3","การ์ดป้องกัน 3","This card can be used as a Defense 3.","Cette carte peut être utilisée comme Défense 3","이 카드는 방어3의 효과가 있습니다.","此卡当作防御3使用","此卡當作防禦3使用","Digunakan sebagai Shield 3","ใช้การ์ดนี้เพื่อการป้องกัน 3"
20,"防御4カード",565,1,5,9,,"event04.swf","このカードは防御4として扱う",0,"2010-10-17 06:35:33 UTC","Defense 4","Défense 4","방어4 카드","防御4卡","防禦4卡","Shield 4","การ์ดป้องกัน 4","This card can be used as a Defense 4.","Cette carte peut être utilisée comme Défense 4","이 카드는 방어4의 효과가 있습니다.","此卡当作防御4使用","此卡當作防禦4使用","Digunakan sebagai Shield 4","ใช้การ์ดนี้เพื่อการป้องกัน 4"
21,"防御5カード",583,1,5,9,,"event04.swf","このカードは防御5として扱う",0,"2010-10-17 06:35:33 UTC","Defense 5","Défense 5","방어5 카드","防御5卡","防禦5卡","Shield 5","การ์ดป้องกัน 5","This card can be used as a Defense 5.","Cette carte peut être utilisée comme Défense 5","이 카드는 방어5의 효과가 있습니다.","此卡当作防御5使用","此卡當作防禦5使用","Digunakan sebagai Shield 5","ใช้การ์ดนี้เพื่อการป้องกัน 5"
22,"移動1カード",601,0,0,18,,"event04.swf","このカードは移動1として扱う",0,"2010-10-17 06:35:33 UTC","Move 1","Mouvement 1","이동1 카드","移动1卡","移動1卡","Move 1","การ์ดเคลื่อนย้าย 1","This card can be used as a Move 1.","Cette carte peut être utilisée comme Mouvement 1","이 카드는 이동1의 효과가 있습니다.","此卡当作移动1使用","此卡當作移動1使用","Digunakan sebagai Move 1","ใช้การ์ดนี้เพื่อการเคลื่อนย้าย 1"
23,"移動2カード",637,1,7,9,,"event04.swf","このカードは移動2として扱う",0,"2010-10-17 06:35:33 UTC","Move 2","Mouvement 2","이동2 카드","移动2卡","移動2卡","Move 2","การ์ดเคลื่อนย้าย 2","This card can be used as a Move 2.","Cette carte peut être utilisée comme Mouvement 2","이 카드는 이동2의 효과가 있습니다.","此卡当作移动2使用","此卡當作移動2使用","Digunakan sebagai Move 2","ใช้การ์ดนี้เพื่อการเคลื่อนย้าย 2"
24,"移動3カード",655,1,7,9,,"event04.swf","このカードは移動3として扱う",0,"2010-10-17 06:35:33 UTC","Move 3","Mouvement 3","이동3 카드","移动3卡","移動3卡","Move 3","การ์ดเคลื่อนย้าย 3","This card can be used as a Move 3.","Cette carte peut être utilisée comme Mouvement 3","이 카드는 이동3의 효과가 있습니다.","此卡当作移动3使用","此卡當作移動3使用","Digunakan sebagai Move 3","ใช้การ์ดนี้เพื่อการเคลื่อนย้าย 3"
25,"移動4カード",673,2,7,9,,"event04.swf","このカードは移動4として扱う",0,"2010-10-17 06:35:33 UTC","Move 4","Mouvement 4","이동4 카드","移动4卡","移動4卡","Move 4","การ์ดเคลื่อนย้าย 4","This card can be used as a Move 4.","Cette carte peut être utilisée comme Mouvement 4","이 카드는 이동4의 효과가 있습니다.","此卡当作移动4使用","此卡當作移動4使用","Digunakan sebagai Move 4","ใช้การ์ดนี้เพื่อการเคลื่อนย้าย 4"
26,"移動5カード",691,2,7,9,,"event04.swf","このカードは移動5として扱う",0,"2010-10-17 06:35:33 UTC","Move 5","Mouvement 5","이동5 카드","移动5卡","移動5卡","Move 5","การ์ดเคลื่อนย้าย 5","This card can be used as a Move 5.","Cette carte peut être utilisée comme Mouvement 5","이 카드는 이동5의 효과가 있습니다.","此卡当作移动5使用","此卡當作移動5使用","Digunakan sebagai Move 5","ใช้การ์ดนี้เพื่อการเคลื่อนย้าย 5"
27,"特殊1カード",709,0,0,18,,"event04.swf","このカードは特殊1として扱う",0,"2010-10-17 06:35:33 UTC","Special 1","Spécial 1","특수1 카드","特殊1卡","特殊1卡","Special 1","การ์ดพิเศษ 1","This card can be used as a Special 1.","Cette carte peut être utilisée comme Spécial 1","이 카드는 특수1의 효과가 있습니다.","此卡当作特殊1使用","此卡當作特殊1使用","Digunakan sebagai Special 1","ใช้การ์ดนี้เพื่อเป็นท่าพิเศษ 1"
28,"特殊2カード",745,1,0,18,,"event04.swf","このカードは特殊2として扱う",0,"2010-10-17 06:35:33 UTC","Special 2","Spécial 2","특수2 카드","特殊2卡","特殊2卡","Special 2","การ์ดพิเศษ 2","This card can be used as a Special 2.","Cette carte peut être utilisée comme Spécial 2","이 카드는 특수2의 효과가 있습니다.","此卡当作特殊2使用","此卡當作特殊2使用","Digunakan sebagai Special 2","ใช้การ์ดนี้เพื่อเป็นท่าพิเศษ 2"
29,"特殊3カード",781,1,6,9,,"event04.swf","このカードは特殊3として扱う",0,"2010-10-17 06:35:33 UTC","Special 3","Spécial 3","특수3 카드","特殊3卡","特殊3卡","Special 3","การ์ดพิเศษ 3","This card can be used as a Special 3.","Cette carte peut être utilisée comme Spécial 3","이 카드는 특수3의 효과가 있습니다.","此卡当作特殊3使用","此卡當作特殊3使用","Digunakan sebagai Special 3","ใช้การ์ดนี้เพื่อเป็นท่าพิเศษ 3"
30,"特殊4カード",799,2,6,9,,"event04.swf","このカードは特殊4として扱う",0,"2010-10-17 06:35:33 UTC","Special 4","Spécial 4","특수4 카드","特殊4卡","特殊4卡","Special 4","การ์ดพิเศษ 4","This card can be used as a Special 4.","Cette carte peut être utilisée comme Spécial 4","이 카드는 특수4의 효과가 있습니다.","此卡当作特殊4使用","此卡當作特殊4使用","Digunakan sebagai Special 4","ใช้การ์ดนี้เพื่อเป็นท่าพิเศษ 4"
31,"特殊5カード",817,2,6,9,,"event04.swf","このカードは特殊5として扱う",0,"2010-10-17 06:35:33 UTC","Special 5","Spécial 5","특수5 카드","特殊5卡","特殊5卡","Special 5","การ์ดพิเศษ 5","This card can be used as a Special 5.","Cette carte peut être utilisée comme Spécial 5","이 카드는 특수5의 효과가 있습니다.","此卡当作特殊5使用","此卡當作特殊5使用","Digunakan sebagai Special 5","ใช้การ์ดนี้เพื่อเป็นท่าพิเศษ 5"
32,"チャンスカード1",835,0,0,18,,"event04.swf","提出時にデッキからカードを1枚ドローする",0,"2010-10-17 06:35:33 UTC","Chance Card 1","Carte Chance 1","클로버1 카드","机会卡1","機會卡1","Chance 1","ชานส์การ์ด 1","Draw a card from the deck.","Tirer 1 carte de la pioche","드롭시 1장의 카드를 드로우 합니다.","出牌后从卡组抽1张卡","出牌後從卡組抽1張卡","Mengambil 1 kartu dari Deck","เมื่อใช้การ์ดจะสามารถจั่วการ์ดจากสำรับได้อีก 1 ใบ"
33,"チャンスカード2",871,1,1,9,,"event04.swf","提出時にデッキからカードを2枚ドローする",0,"2010-10-17 06:35:33 UTC","Chance Card 2","Carte Chance 2","클로버2 카드","机会卡2","機會卡2","Chance 2","ชานส์การ์ด 2","Draw 2 cards from the deck.","Tirer 2 cartes de la pioche","드롭시 2장의 카드를 드로우 합니다.","出牌后从卡组抽2张卡","出牌後從卡組抽2張卡","Mengambil 2 kartu dari Deck","เมื่อใช้การ์ดจะสามารถจั่วการ์ดจากสำรับได้อีก 2 ใบ"
34,"チャンスカード3",889,1,1,9,,"event04.swf","提出時にデッキからカードを3枚ドローする",0,"2010-10-17 06:35:33 UTC","Chance Card 3","Carte Chance 3","클로버3 카드","机会卡3","機會卡3","Chance 3","ชานส์การ์ด 3","Draw 3 cards from the deck.","Tirer 3 cartes de la pioche","드롭시 3장의 카드를 드로우 합니다.","出牌后从卡组抽3张卡","出牌後從卡組抽3張卡","Mengambil 3 kartu dari Deck","เมื่อใช้การ์ดจะสามารถจั่วการ์ดจากสำรับได้อีก 3 ใบ"
35,"チャンスカード4",907,2,1,9,,"event04.swf","提出時にデッキからカードを4枚ドローする",0,"2010-10-17 06:35:33 UTC","Chance Card 4","Carte Chance 4","클로버4 카드","机会卡4","機會卡4","Chance 4","ชานส์การ์ด 4","Draw 4 cards from the deck.","Tirer 4 cartes de la pioche","드롭시 4장의 카드를 드로우 합니다.","出牌后从卡组抽4张卡","出牌後從卡組抽4張卡","Mengambil 4 kartu dari Deck","เมื่อใช้การ์ดจะสามารถจั่วการ์ดจากสำรับได้อีก 4 ใบ"
36,"チャンスカード5",925,2,1,9,,"event04.swf","提出時にデッキからカードを5枚ドローする",0,"2010-10-17 06:35:33 UTC","Chance Card 5","Carte Chance 5","클로버5 카드","机会卡5","機會卡5","Chance 5","ชานส์การ์ด 5","Draw 5 cards from the deck.","Tirer 5 cartes de la pioche","드롭시 5장의 카드를 드로우 합니다.","出牌后从卡组抽5张卡","出牌後從卡組抽5張卡","Mengambil 5 kartu dari Deck","เมื่อใช้การ์ดจะสามารถจั่วการ์ดจากสำรับได้อีก 5 ใบ"
37,"Hp回復",943,1,5,9,,"event04.swf","ヒットポイント1回復",0,"2010-10-17 06:35:33 UTC","HP Recover 1","Récupération HP 1","HP회복1 카드","Hp恢复","Hp恢復","Heal 1","ฟื้นค่า Hp","Recover 1 hit point.","Vos HP augmentent de 1","HP를 1포인트 회복합니다.","回复1点Hp","回復1點Hp","Memulihkan 1 HP","ฟื้นค่าพลังชีวิต 1 แต้ม"
38,"Hp回復",961,1,5,9,,"event04.swf","ヒットポイント2回復",0,"2010-10-17 06:35:33 UTC","HP Recover 2","Récupération HP 2","HP회복2 카드","Hp恢复","Hp恢復","Heal 2","ฟื้นค่า Hp","Recover 2 hit point.","Vos HP augmentent de 2","HP를 2포인트 회복합니다.","回复2点Hp","回復2點Hp","Memulihkan 2 HP","ฟื้นค่าพลังชีวิต 2 แต้ม"
39,"Hp回復",979,2,5,9,,"event04.swf","ヒットポイント3回復",0,"2010-10-17 06:35:33 UTC","HP Recover 3","Récupération HP 3","HP회복3 카드","Hp恢复","Hp恢復","Heal 3","ฟื้นค่า Hp","Recover 3 hit point.","Vos HP augmentent de 3","HP를 3포인트 회복합니다.","回复3点Hp","回復3點Hp","Memulihkan 3 HP","ฟื้นค่าพลังชีวิต 3 แต้ม"
40,"聖水",997,0,0,18,,"event04.swf","パラメータ異常回復",0,"2010-10-17 06:35:33 UTC","Holy Water","Eau bénite","성수","圣水","聖水","Holy Water","น้ำมนต์","Recover from abnormal status effects.","Vous recouvrez d'un disfonctionnement de paramètre","상태이상을 회복합니다.","解除异常状态","解除異常狀態","Memilihkan kelainan status","ฟื้นค่าตัวแปรที่ผิดปกติ"
41,"スピード",1033,5,7,9,,"event04.swf","必ずイニシアチブを取る",0,"2010-10-17 06:35:33 UTC","Speed","Vitesse","선공카드","速攻","速攻","Speed","สปีด","Take initiative without fail.","Vous prenez toujours l'initiative","선제공격권을 획득합니다.","取得主动权","取得主動權","Menyerang lebih dulu","ได้เป็นฝ่ายโจมตีก่อน"
42,"カースカード1",1051,0,2,9,,"event04.swf","提出時に相手のカードを1枚破棄する",0,"2010-10-17 06:35:33 UTC","Curse 1","Malédiction 1","파괴1 카드","诅咒术1","詛咒術1","Curse 1","การ์ดคำสาป 1","When you play this card, destroy 1 of your opponent's cards.","Vous détruisez la carte de votre adversaire","드롭시 상대의 카드를 1장 파괴합니다.","出牌后丢弃对手1张手牌","出牌後丟棄對手1張手牌","Membuang 1 kartu lawan","เมื่อใช้การ์ดจะสามารถทำลายการ์ดฝ่ายตรงข้ามได้ 1 ใบ"
43,"カースカード2",1069,1,2,9,,"event04.swf","提出時に相手のカードを2枚破棄する",0,"2010-10-17 06:35:33 UTC","Curse 2","Malédiction 2","파괴2 카드","诅咒术2","詛咒術2","Curse 2","การ์ดคำสาป 2","When you play this card, destroy 2 of your opponent's cards.","Vous détruisez 2 cartes de votre adversaire","드롭시 상대의 카드를 2장 파괴합니다.","出牌后丢弃对手2张手牌","出牌後丟棄對手2張手牌","Membuang 2 kartu lawan","เมื่อใช้การ์ดจะสามารถทำลายการ์ดฝ่ายตรงข้ามได้ 2 ใบ"
44,"カースカード3",1087,1,2,9,,"event04.swf","提出時に相手のカードを3枚破棄する",0,"2010-10-17 06:35:33 UTC","Curse 3","Malédiction 3","파괴3 카드","诅咒术3","詛咒術3","Curse 3","การ์ดคำสาป 3","When you play this card, destroy 3 of your opponent's cards.","Vous détruisez 3 cartes de votre adversaire","드롭시 상대의 카드를 3장 파괴합니다.","出牌后丢弃对手3张手牌","出牌後丟棄對手3張手牌","Membuang 3 kartu lawan","เมื่อใช้การ์ดจะสามารถทำลายการ์ดฝ่ายตรงข้ามได้ 3 ใบ"
45,"カースカード4",1105,2,2,9,,"event04.swf","提出時に相手のカードを4枚破棄する",0,"2010-10-17 06:35:33 UTC","Curse 4","Malédiction 4","파괴4 카드","诅咒术4","詛咒術4","Curse 4","การ์ดคำสาป 4","When you play this card, destroy 4 of your opponent's cards.","Vous détruisez 4 cartes de votre adversaire","드롭시 상대의 카드를 4장 파괴합니다.","出牌后丢弃对手4张手牌","出牌後丟棄對手4張手牌","Membuang 4 kartu lawan","เมื่อใช้การ์ดจะสามารถทำลายการ์ดฝ่ายตรงข้ามได้ 4 ใบ"
46,"カースカード5",1123,2,2,9,,"event04.swf","提出時に相手のカードを5枚破棄する",0,"2010-10-17 06:35:33 UTC","Curse 5","Malédiction 5","파괴5 카드","诅咒术5","詛咒術5","Curse 5","การ์ดคำสาป 5","When you play this card, destroy 5 of your opponent's cards.","Vous détruisez 5 cartes de votre adversaire","드롭시 상대의 카드를 5장 파괴합니다.","出牌后丢弃对手5张手牌","出牌後丟棄對手5張手牌","Membuang 5 kartu lawan","เมื่อใช้การ์ดจะสามารถทำลายการ์ดฝ่ายตรงข้ามได้ 5 ใบ"
47,"剣3・銃1カード",1141,0,0,18,,"event04.swf","このカードは剣3・銃1として扱う",0,"2010-10-17 06:35:33 UTC","Sword 3/Gun 1","Epée 3/Fusil 1","검3+총1 카드","剑3·枪1卡","劍3·槍1卡","Sword 3/Gun 1","การ์ดดาบ 3 ปืน 1","This card can be used as either a Sword 3 or a Gun 1.","Cette carte peut être utilisée comme Epée 3/Fusil 1","이 카드는 [검3]or[총1]의 효과가 있습니다.","此卡当作剑3·枪1使用","此卡當作劍3·槍1使用","Digunakan sebagai Sword 3/Gun 1","ใช้การ์ดนี้แทนดาบ 3 ปืน 1"
48,"剣4・銃2カード",1177,1,3,9,,"event04.swf","このカードは剣4・銃2として扱う",0,"2010-10-17 06:35:33 UTC","Sword 4/Gun 2","Epée 4/Fusil 2","검4+총2 카드","剑4·枪2卡","劍4·槍2卡","Sword 4/Gun 2","การ์ดดาบ 4 ปืน 2","This card can be used as either a Sword 4 or a Gun 2.","Cette carte peut être utilisée comme Epée 4/Fusil 2","이 카드는 [검4]or[총2]의 효과가 있습니다.","此卡当作剑4·枪2使用","此卡當作劍4·槍2使用","Digunakan sebagai Sword 4/Gun 2","ใช้การ์ดนี้แทนดาบ 4 ปืน 2"
49,"剣5・銃3カード",1195,1,3,9,,"event04.swf","このカードは剣5・銃3として扱う",0,"2010-10-17 06:35:33 UTC","Sword 5/Gun 3","Epée 5/Fusil 3","검5+총3 카드","剑5·枪3卡","劍5·槍3卡","Sword 5/Gun 3","การ์ดดาบ 5 ปืน 3","This card can be used as either a Sword 5 or a Gun 3.","Cette carte peut être utilisée comme Epée 5/Fusil 3","이 카드는 [검5]or[총3]의 효과가 있습니다.","此卡当作剑5·枪3使用","此卡當作劍5·槍3使用","Digunakan sebagai Sword 5/Gun 3","ใช้การ์ดนี้แทนดาบ 5 ปืน 3"
50,"銃3・剣1カード",1213,0,0,18,,"event04.swf","このカードは銃3・剣1として扱う",0,"2010-10-17 06:35:33 UTC","Gun 3/Sword 1","Fusil 3/Epée 1","총3+검1 카드","枪3·剑1卡","槍3·劍1卡","Gun 3/Sword 1","การ์ดปืน 3 ดาบ 1","This card can be used as either a Gun 3 or a Sword 1.","Cette carte peut être utilisée comme Fusil 3/Epée 1","이 카드는 [총3]or[검1]의 효과가 있습니다.","此卡当作枪3·剑1使用","此卡當作槍3·劍1使用","Digunakan sebagai Gun 3/Sword 1","ใช้การ์ดนี้แทนปืน 3 ดาบ 1"
51,"銃4・剣2カード",1249,1,4,9,,"event04.swf","このカードは銃4・剣2として扱う",0,"2010-10-17 06:35:33 UTC","Gun 4/Sword 2","Fusil 4/Epée 2","총4+검2 카드","枪4·剑2卡","槍4·劍2卡","Gun 4/Sword 2","การ์ดปืน 4 ดาบ 2","This card can be used as either a Gun 4 or a Sword 2.","Cette carte peut être utilisée comme Fusil 4/Epée 2","이 카드는 [총4]or[검2]의 효과가 있습니다.","此卡当作枪4·剑2使用","此卡當作槍4·劍2使用","Digunakan sebagai Gun 4/Sword 2","ใช้การ์ดนี้แทนปืน 4 ดาบ 2"
52,"銃5・剣3カード",1267,1,4,9,,"event04.swf","このカードは銃5・剣3として扱う",0,"2010-10-17 06:35:33 UTC","Gun 5/Sword 3","Fusil 5/Epée 3","총5+검3 카드","枪5·剑3卡","槍5·劍3卡","Gun 5/Sword 3","การ์ดปืน 5 ดาบ 3","This card can be used as either a Gun 5 or a Sword 3.","Cette carte peut être utilisée comme Fusil 5/Epée 3","이 카드는 [총5]or[검3]의 효과가 있습니다.","此卡当作枪3·剑2使用","此卡當作槍5·劍3使用","Digunakan sebagai Gun 5/Sword 3","ใช้การ์ดนี้แทนปืน 5 ดาบ 3"
53,"盾3・移動1カード",1285,0,0,18,,"event04.swf","このカードは盾3・移動1として扱う",0,"2010-10-17 06:35:33 UTC","Shield 3/Move 1","Bouclier 3/Mouvement 1","방어3+이동1 카드","盾3·移动1卡","盾3·移動1卡","Shield 3/Move 1","การ์ดโล่ 3 เคลื่อนย้าย 1","This card can be used as either a Shield 3 or a Move 1.","Cette carte peut être utilisée comme Bouclier 3/Mouvement 1","이 카드는 [방어3]or[이동1]의 효과가 있습니다.","此卡当作盾3·移动1使用","此卡當作盾3·移動1使用","Digunakan sebagai Shield 3/Move 1","ใช้การ์ดนี้แทนโล่ 3 เคลื่อนย้าย 1"
54,"盾4・移動1カード",1321,1,5,9,,"event04.swf","このカードは盾4・移動1として扱う",0,"2010-10-17 06:35:33 UTC","Shield 4/Move 1","Bouclier 4/Mouvement 1","방어4+이동1 카드","盾4·移动1卡","盾4·移動1卡","Shield 4/Move 1","การ์ดโล่ 4 เคลื่อนย้าย 1","This card can be used as either a Shield 4 or a Move 1.","Cette carte peut être utilisée comme Bouclier 4/Mouvement 1","이 카드는 [방어4]or[이동1]의 효과가 있습니다.","此卡当作盾4·移动1使用","此卡當作盾4·移動1使用","Digunakan sebagai Shield 4/Move 2","ใช้การ์ดนี้แทนโล่ 4 เคลื่อนย้าย 1"
55,"盾5・移動1カード",1339,1,5,9,,"event04.swf","このカードは盾5・移動1として扱う",0,"2010-10-17 06:35:33 UTC","Shield 5/Move 1","Bouclier 5/Mouvement 1","방어5+이동1 카드","盾5·移动1卡","盾5·移動1卡","Shield 5/Move 1","การ์ดโล่ 5 เคลื่อนย้าย 1","This card can be used as either a Shield 5 or a Move 1.","Cette carte peut être utilisée comme Bouclier 5/Mouvement 1","이 카드는 [방어5]or[이동1]의 효과가 있습니다.","此卡当作盾5·移动1使用","此卡當作盾5·移動1使用","Digunakan sebagai Shield 5/Move 3","ใช้การ์ดนี้แทนโล่ 5 เคลื่อนย้าย 1"
56,"特殊1・盾1カード",1357,0,0,18,,"event04.swf","このカードは特殊1・盾1として扱う",0,"2010-10-17 06:35:33 UTC","Special 1/Shield 1","Spécial 1/Bouclier 1","특수1+방어1 카드","特殊1·盾1卡","特殊1·盾1卡","Special 1/Shield 1","การ์ดพิเศษ 1 โล่ 1","This card can be used as either a Special 1 or a Shield 1.","Cette carte peut être utilisée comme Spécial 1/Bouclier 1","이 카드는 [특수1]or[방어1]의 효과가 있습니다.","此卡当作特殊1·盾1使用","此卡當作特殊1·盾1使用","Digunakan sebagai Special 1/Shield 1","ใช้การ์ดนี้แทนพิเศษ 1 โล่ 1"
57,"特殊2・盾2カード",1393,1,6,9,,"event04.swf","このカードは特殊2・盾2として扱う",0,"2010-10-17 06:35:33 UTC","Special 2/Shield 2","Spécial 2/Bouclier 2","특수2+방어2 카드","特殊2·盾2卡","特殊2·盾2卡","Special 2/Shield 2","การ์ดพิเศษ 2 โล่ 2","This card can be used as either a Special 2 or a Shield 2.","Cette carte peut être utilisée comme Spécial 2/Bouclier 2","이 카드는 [특수2]or[방어2]의 효과가 있습니다.","此卡当作特殊2·盾2使用","此卡當作特殊2·盾2使用","Digunakan sebagai Special 2/Shield 2","ใช้การ์ดนี้แทนพิเศษ 2 โล่ 2"
58,"特殊3・盾3カード",1411,1,6,9,,"event04.swf","このカードは特殊3・盾3として扱う",0,"2010-10-17 06:35:33 UTC","Special 3/Shield 3","Spécial 3/Bouclier 3","특수3+방어3 카드","特殊3·盾3卡","特殊3·盾3卡","Special 3/Shield 3","การ์ดพิเศษ 3 โล่ 3","This card can be used as either a Special 3 or a Shield 3.","Cette carte peut être utilisée comme Spécial 3/Bouclier 3","이 카드는 [특수3]or[방어3]의 효과가 있습니다.","此卡当作特殊3·盾3使用","此卡當作特殊3·盾3使用","Digunakan sebagai Special 3/Shield 3","ใช้การ์ดนี้แทนพิเศษ 3 โล่ 3"
59,"Hp回復",1429,1,3,9,,"event04.swf","ヒットポイント1回復",0,"2010-10-17 06:35:33 UTC","Recover HP","Récupération HP","Hp회복","Hp恢复","Hp恢復","Heal ","ฟื้นค่า Hp","Recover 1 hit point.","Vos HP augmentent de 1","HP를 1포인트 회복합니다.","回复1点Hp","回復1點Hp","Memulihkan 1 HP","ฟื้นค่าพลังชีวิต 1 แต้ม"
60,"Hp回復",1447,1,4,9,,"event04.swf","ヒットポイント1回復",0,"2010-10-17 06:35:33 UTC","Recover HP","Récupération HP","Hp회복","Hp恢复","Hp恢復","Heal","ฟื้นค่า Hp","Recover 1 hit point.","Vos HP augmentent de 1","HP를 1포인트 회복합니다.","回复1点Hp","回復1點Hp","Memulihkan 1 HP","ฟื้นค่าพลังชีวิต 1 แต้ม"
61,"聖杯カード",1465,0,1,9,,"event04.swf","提出時にデッキからカードを1枚ドローし、自身の状態異常を回復",0,"2010-10-17 06:35:33 UTC","Holy Grail","Saint-Graal","성배카드","圣杯卡","聖杯卡","Holy Grail","การ์ดจอกศักดิ์สิทธิ์","When you play this card, draw 1 card from your deck and recover from status abnormalities.","En tirant une carte de votre pioche, vous récupérerez des dégâts dont vous souffrez","드롭시 카드 1장 드로우 하고 자신의 상태이상을 회복한다.","出牌后从卡组抽1张卡，将自己的异常状态回复","出牌後從卡組抽１張卡，將自己的異常狀態回復","Mengambil 1 kartu dari Deck & memulihkan kelainan status.","เมื่อใช้การ์ดจะจั่วการ์ดจากสำรับได้ 1 ใบ และฟื้นพลังจากสถานะผิดปกติ"
62,"毒杯カード",1483,0,2,9,,"event04.swf","提出時に相手のカードを1枚破棄し、対戦相手の状態異常を解除",0,"2010-10-17 06:35:33 UTC","Poison Chalice","Coupe Empoisonnée","독배카드","毒杯卡","毒杯卡","Poison Chalice","การ์ดจอกพิษ","When you play this card, your partner discards 1 card and your opponent recovers from status abnormalities.","Lors de la phase de Choix de votre adversaire, dérobez-lui une carte et infligez-lui des dégâts.","드롭시 상대 카드1장을 파괴하고 상대의 상태이상을 해제한다.","出牌后使对手丢弃1张手牌，解除对手的异常状态","出牌後使對手丟棄１張手牌，解除對手的異常狀態","Membuang 1 kartu lawan & memberikan damage.","เมื่อใช้การ์ดจะทำลายการ์ดฝ่ายตรงข้ามได้ 1 ใบ และยกเลิกสถานะผิดปกติของผู้เล่นฝ่ายตรงข้าม"
63,"剣3・移動1カード",1501,0,0,18,,"event04.swf","このカードは剣3・移動1として扱う",0,"2010-10-17 06:35:33 UTC","Sword 3/Move 1","Epée 3/Mouvement 1","검3+이동1 카드","剑3·移动1卡","劍3·移動1卡","Sword 3/Move 1","การ์ดดาบ 3 เคลื่อนย้าย 1","This card can be used as Sword 3/Move 1.","Cette carte peut être utilisée comme Epée 3/Mouvement 1","이 카드는 [검3]or[이동1]의 효과가 있습니다.","此卡当作剑3·移动1使用","此卡當作劍3·移動1使用","Digunakan sebagai Sword 3/Move 1","การ์ดดาบ 3 เคลื่อนย้าย 1"
64,"剣4・移動1カード",1537,1,3,9,,"event04.swf","このカードは剣4・移動1として扱う",0,"2010-10-17 06:35:33 UTC","Sword 4/Move 1","Epée 4/Mouvement 1","검4+이동1 카드","剑4·移动1卡","劍4·移動1卡","Sword 4/Move 1","การ์ดดาบ 4 เคลื่อนย้าย 1","This card can be used as Sword 4/Move 1.","Cette carte peut être utilisée comme Epée 4/Mouvement 1","이 카드는 [검4]or[이동1]의 효과가 있습니다.","此卡当作剑4·移动1使用","此卡當作劍4·移動1使用","Digunakan sebagai Sword 4/Move 1","การ์ดดาบ 4 เคลื่อนย้าย 1"
65,"剣5・移動1カード",1555,1,3,9,,"event04.swf","このカードは剣5・移動1として扱う",0,"2010-10-17 06:35:33 UTC","Sword 5/Move 1","Epée 5/Mouvement 1","검5+이동1 카드","剑5·移动1卡","劍5·移動1卡","Sword 5/Move 1","การ์ดดาบ 5 เคลื่อนย้าย 1","This card can be used as Sword 5/Move 1.","Cette carte peut être utilisée comme Epée 5/Mouvement 1","이 카드는 [검5]or[이동1]의 효과가 있습니다.","此卡当作剑5·移动1使用","此卡當作劍5·移動1使用","Digunakan sebagai Sword 5/Move 1","การ์ดดาบ 5 เคลื่อนย้าย 1"
66,"剣3・盾1カード",1573,0,0,18,,"event04.swf","このカードは剣3・盾1として扱う",0,"2010-10-17 06:35:33 UTC","Sword 3/Shield 1","Epée 3/Bouclier 1","검3+방어1카드","剑3·盾1卡","劍3·盾1卡","Sword 3/Shield 1","การ์ดดาบ 3 การ์ดโล่ 1","This card can be used as Sword 3/Shield 1.","Cette carte peut être utilisée comme Epée 3/Bouclier 1","이 카드는 [검3]or[방어1]의 효과가 있습니다.","此卡当作剑3·盾1使用","此卡當作劍3·盾1使用","Digunakan sebagai Sword 3/Shield 1","การ์ดดาบ 3 การ์ดโล่ 1"
67,"剣4・盾2カード",1609,1,3,9,,"event04.swf","このカードは剣4・盾2として扱う",0,"2010-10-17 06:35:33 UTC","Sword 4/Shield 2","Epée 4/Bouclier 2","검4+방어2카드","剑4·盾2卡","劍4·盾2卡","Sword 4/Shield 2","การ์ดดาบ 4 การ์ดโล่ 2","This card can be used as Sword 4/Shield 2.","Cette carte peut être utilisée comme Epée 4/Bouclier 2","이 카드는 [검4]or[방어2]의 효과가 있습니다.","此卡当作剑4·盾2使用","此卡當作劍4·盾2使用","Digunakan sebagai Sword 4/Shield 2","การ์ดดาบ 4 การ์ดโล่ 2"
68,"剣5・盾3カード",1627,1,3,9,,"event04.swf","このカードは剣5・盾3として扱う",0,"2010-10-17 06:35:33 UTC","Sword 5/Shield 3","Epée 5/Bouclier 3","검5+방어3카드","剑5·盾3卡","劍5·盾3卡","Sword 5/Shield 3","การ์ดดาบ 5 การ์ดโล่ 3","This card can be used as Sword 5/Shield 3.","Cette carte peut être utilisée comme Epée 5/Bouclier 3","이 카드는 [검5]or[방어3]의 효과가 있습니다.","此卡当作剑5·盾3使用","此卡當作劍5·盾3使用","Digunakan sebagai Sword 5/Shield 3","การ์ดดาบ 5 การ์ดโล่ 3"
69,"剣3・特殊1カード",1645,0,0,18,,"event04.swf","このカードは剣3・特殊1として扱う",0,"2010-10-17 06:35:33 UTC","Sword 3/Special 1","Epée 3/Spécial 1","검3+특수1카드","剑3·特殊1卡","劍3·特殊1卡","Sword 3/Special 1","การ์ดดาบ 3 การ์ดพิเศษ 1","This card can be used as Sword 3/Special 1.","Cette carte peut être utilisée comme Epée 3/Spécial 1","이 카드는 [검3]or[특수1]의 효과가 있습니다.","此卡当作剑3·特殊1使用","此卡當作劍3·特殊1使用","Digunakan sebagai Sword 3/Special 1","การ์ดดาบ 3 การ์ดพิเศษ 1"
70,"剣4・特殊2カード",1681,1,3,9,,"event04.swf","このカードは剣4・特殊2として扱う",0,"2010-10-17 06:35:33 UTC","Sword 4/Special 2","Epée 4/Spécial 2","검4+특수2카드","剑4·特殊2卡","劍4·特殊2卡","Sword 4/Special 2","การ์ดดาบ 4 การ์ดพิเศษ 2","This card can be used as Sword 4/Special 2.","Cette carte peut être utilisée comme Epée 4/Spécial 2","이 카드는 [검4]or[특수2]의 효과가 있습니다.","此卡当作剑4·特殊2使用","此卡當作劍4·特殊2使用","Digunakan sebagai Sword 4/Special 2","การ์ดดาบ 4 การ์ดพิเศษ 2"
71,"剣5・特殊3カード",1699,1,3,9,,"event04.swf","このカードは剣5・特殊3として扱う",0,"2010-10-17 06:35:33 UTC","Sword 5/Special 3","Epée 5/Spécial 3","검5+특수3카드","剑5·特殊3卡","劍5·特殊3卡","Sword 5/Special 3","การ์ดดาบ 5 การ์ดพิเศษ 3","This card can be used as Sword 5/Special 3.","Cette carte peut être utilisée comme Epée 5/Spécial 3","이 카드는 [검5]or[특수3]의 효과가 있습니다.","此卡当作剑5·特殊3使用","此卡當作劍5·特殊3使用","Digunakan sebagai Sword 5/Special 3","การ์ดดาบ 5 การ์ดพิเศษ 3"
72,"銃3・移動1カード",1717,0,0,18,,"event04.swf","このカードは銃3・移動1として扱う",0,"2010-10-17 06:35:33 UTC","Gun 3/Move 1","Fusil 3/Mouvement 1","총3+이동1카드","枪3·移动1卡","槍3·移動1卡","Gun 3/Move 1","การ์ดปืน 3 เคลื่อนย้าย 1","This card can be used as Gun 3/Move 1.","Cette carte peut être utilisée comme Fusil 3/Mouvement 1","이 카드는 [총3]or[이동1]의 효과가 있습니다.","此卡当作枪3·移动1使用","此卡當作槍3·移動1使用","Digunakan sebagai Gun 3/Move 1","การ์ดปืน 3 เคลื่อนย้าย 1"
73,"銃4・移動1カード",1753,1,4,9,,"event04.swf","このカードは銃4・移動1として扱う",0,"2010-10-17 06:35:33 UTC","Gun 4/Move 1","Fusil 4/Mouvement 1","총4+이동1카드","枪4·移动1卡","槍4·移動1卡","Gun 4/Move 1","การ์ดปืน 4 เคลื่อนย้าย 1","This card can be used as Gun 4/Move 1.","Cette carte peut être utilisée comme Fusil 4/Mouvement 1","이 카드는 [총4]or[이동1]의 효과가 있습니다.","此卡当作枪4·移动1使用","此卡當作槍4·移動1使用","Digunakan sebagai Gun 4/Move 1","การ์ดปืน 4 เคลื่อนย้าย 1"
74,"銃5・移動1カード",1771,1,4,9,,"event04.swf","このカードは銃5・移動1として扱う",0,"2010-10-17 06:35:33 UTC","Gun 5/Move 1","Fusil 5/Mouvement 1","총5+이동1카드","枪5·移动1卡","槍5·移動1卡","Gun 5/Move 1","การ์ดปืน 5 เคลื่อนย้าย 1","This card can be used as Gun 5/Move 1.","Cette carte peut être utilisée comme Fusil 5/Mouvement 1","이 카드는 [총5]or[이동1]의 효과가 있습니다.","此卡当作枪5·移动1使用","此卡當作槍5·移動1使用","Digunakan sebagai Gun 5/Move 1","การ์ดปืน 5 เคลื่อนย้าย 1"
75,"銃3・盾1カード",1789,0,0,18,,"event04.swf","このカードは銃3・盾1として扱う",0,"2010-10-17 06:35:33 UTC","Gun 3/Shield 1","Fusil 3/Bouclier 1","총3+방어1카드","枪3·盾1卡","槍3·盾1卡","Gun 3/Shield 1","การ์ดปืน 3 การ์ดโล่ 1","This card can be used as Gun 3/Shield 1.","Cette carte peut être utilisée comme Fusil 3/Bouclier 1","이 카드는 [총3]or[방어1]의 효과가 있습니다.","此卡当作枪3·盾1使用","此卡當作槍3·盾1使用","Digunakan sebagai Gun 3/Shield 1","การ์ดปืน 3 การ์ดโล่ 1"
76,"銃4・盾2カード",1825,1,4,9,,"event04.swf","このカードは銃4・盾2として扱う",0,"2010-10-17 06:35:33 UTC","Gun 4/Shield 2","Fusil 4/Bouclier 2","총4+방어2카드","枪4·盾2卡","槍4·盾2卡","Gun 4/Shield 2","การ์ดปืน 4 การ์ดโล่ 1","This card can be used as Gun 4/Shield 2.","Cette carte peut être utilisée comme Fusil 4/Bouclier 2","이 카드는 [총4]or[방어2]의 효과가 있습니다.","此卡当作枪4·盾2使用","此卡當作槍4·盾2使用","Digunakan sebagai Gun 4/Shield 2","การ์ดปืน 4 การ์ดโล่ 1"
77,"銃5・盾3カード",1843,1,4,9,,"event04.swf","このカードは銃5・盾3として扱う",0,"2010-10-17 06:35:33 UTC","Gun 5/Shield 3","Fusil 5/Bouclier 3","총5+방어3카드","枪5·盾3卡","槍5·盾3卡","Gun 5/Shield 3","การ์ดปืน 5 การ์ดโล่ 1","This card can be used as Gun 5/Shield 3.","Cette carte peut être utilisée comme Fusil 5/Bouclier 3","이 카드는 [총5]or[방어3]의 효과가 있습니다.","此卡当作枪5·盾3使用","此卡當作槍5·盾3使用","Digunakan sebagai Gun 5/Shield 3","การ์ดปืน 5 การ์ดโล่ 1"
78,"銃3・特殊1カード",1861,0,0,18,,"event04.swf","このカードは銃3・特殊1として扱う",0,"2010-10-17 06:35:33 UTC","Gun 3/Special 1","Fusil 3/Spécial 1","총3+특수1카드","枪3·特殊1卡","槍3·特殊1卡","Gun 3/Special 1","การ์ดปืน 3 การ์ดพิเศษ 1","This card can be used as Gun 3/Special 1.","Cette carte peut être utilisée comme Fusil 3/Spécial 1","이 카드는 [총3]or[특수1]의 효과가 있습니다.","此卡当作枪3·特殊1使用","此卡當作槍3·特殊1使用","Digunakan sebagai Gun 3/Special 1","การ์ดปืน 3 การ์ดพิเศษ 1"
79,"銃4・特殊2カード",1897,1,4,9,,"event04.swf","このカードは銃4・特殊2として扱う",0,"2010-10-17 06:35:33 UTC","Gun 4/Special 2","Fusil 4/Spécial 2","총4+특수2카드","枪4·特殊2卡","槍4·特殊2卡","Gun 4/Special 2","การ์ดปืน 4 การ์ดพิเศษ 2","This card can be used as Gun 4/Special 2.","Cette carte peut être utilisée comme Fusil 4/Spécial 2","이 카드는 [총4]or[특수2]의 효과가 있습니다.","此卡当作枪4·特殊2使用","此卡當作槍4·特殊2使用","Digunakan sebagai Gun 4/Special 2","การ์ดปืน 4 การ์ดพิเศษ 2"
80,"銃5・特殊3カード",1915,1,4,9,,"event04.swf","このカードは銃5・特殊3として扱う",0,"2010-10-17 06:35:33 UTC","Gun 5/Special 3","Fusil 5/Spécial 3","총5+특수3카드","枪5·特殊3卡","槍5·特殊3卡","Gun 5/Special 3","การ์ดปืน 5 การ์ดพิเศษ 3","This card can be used as Gun 5/Special 3.","Cette carte peut être utilisée comme Fusil 5/Spécial 3","이 카드는 [총5]or[특수3]의 효과가 있습니다.","此卡当作枪5·特殊3使用","此卡當作槍5·特殊3使用","Digunakan sebagai Gun 5/Special 3","การ์ดปืน 5 การ์ดพิเศษ 3"
81,"移動1・特殊1カード",1933,0,0,18,,"event04.swf","このカードは移動1・特殊1として扱う",0,"2010-10-17 06:35:33 UTC","Move 1/Special 1","Mouvement 1/Spécial 1","이동1+특수1카드","移动1·特殊1卡","移動1·特殊1卡","Move 1/Special 1","เคลื่อนย้าย 1 การ์ดพิเศษ 1","This card can be used as Move 1/Special 1.","Cette carte peut être utilisée comme Mouvement 1/Spécial 1","이 카드는 [이동1]or[특수1]의 효과가 있습니다.","此卡当作移动1·特殊1使用","此卡當作移動1·特殊1使用","Digunakan sebagai Move 1/Special 1","เคลื่อนย้าย 1 การ์ดพิเศษ 1"
82,"移動2・特殊2カード",1969,1,7,9,,"event04.swf","このカードは移動2・特殊2として扱う",0,"2010-10-17 06:35:33 UTC","Move 2/Special 2","Mouvement 2/Spécial 2","이동2+특수2카드","移动2·特殊2卡","移動2·特殊2卡","Move 2/Special 2","เคลื่อนย้าย 2 การ์ดพิเศษ 2","This card can be used as Move 2/Special 2.","Cette carte peut être utilisée comme Mouvement 2/Spécial 2","이 카드는 [이동2]or[특수2]의 효과가 있습니다.","此卡当作移动2·特殊2使用","此卡當作移動2·特殊2使用","Digunakan sebagai Move 2/Special 2","เคลื่อนย้าย 2 การ์ดพิเศษ 2"
83,"移動3・特殊3カード",1987,2,7,9,,"event04.swf","このカードは移動3・特殊3として扱う",0,"2010-10-17 06:35:33 UTC","Move 3/Special 3","Mouvement 3/Spécial 3","이동3+특수3카드","移动3·特殊3卡","移動3·特殊3卡","Move 3/Special 3","เคลื่อนย้าย 3 การ์ดพิเศษ 3","This card can be used as Move 3/Special 3.","Cette carte peut être utilisée comme Mouvement 3/Spécial 3","이 카드는 [이동3]or[특수3]의 효과가 있습니다.","此卡当作移动3·特殊3使用","此卡當作移動3·特殊3使用","Digunakan sebagai Move 3/Special 3","เคลื่อนย้าย 3 การ์ดพิเศษ 3"
84,"汚染カード",2004,0,0,18,,"event04.swf","このカードは剣1・銃1として扱う",0,"2010-10-17 06:35:33 UTC","Contaminate","Pollution","오염 카드","污染卡","污染卡","Pollution","การ์ดมลพิษ","This card can be used as either a Sword 1 or a Gun 1.","Cette carte peut être utilisée comme Epée 1/Fusil 1","이 카드는 [검1]or[총1]의 효과가 있습니다.","此卡当作剑1·枪1使用","此卡當作劍1·槍1使用","Digunakan sebagai Sword 1/Gun 1","ใช้การ์ดนี้แทนดาบ 1 ปืน 1"
85,"攻撃カード",2040,0,0,18,,"event04.swf","このカードは剣5・銃5として扱う",0,"2010-10-17 06:35:33 UTC","Attack!","Carte ATK","공격 카드","攻击卡","攻擊卡","Assault","การ์ดโจมตี","This card can be used as either a Sword 5 or a Gun 5.","Cette carte peut être utilisée comme Fusil 5/Fusil 5","이 카드는 [검5]or[총5]의 효과가 있습니다.","此卡当作枪5·枪5使用","此卡當作槍5·槍5使用","Digunakan sebagai Sword 5/Gun 5","ใช้การ์ดนี้แทนดาบ 5 ปืน 5"
86,"回復カード",2076,0,0,18,,"event04.swf","ヒットポイント3回復",0,"2010-10-17 06:35:33 UTC","Recovery","Récupération","회복 카드","回复卡","回復卡","Recovery","การ์ดฟื้นพลัง","Recover 3 hit points.","Vos HP augmentent de 3","HP를 3포인트 회복합니다.","回复3点Hp","回復3點Hp","Memulihkan 3 HP","ฟื้นค่าพลังชีวิต 3 แต้ม"
87,"特殊チャンスカード",2112,0,0,18,,"event04.swf","提出時にデッキからカードを5枚ドローする",0,"2010-10-17 06:35:33 UTC","Special Chance","Carte Spécial Chance ","특수 클로버 카드","特殊机会卡","特殊機會卡","Special Chance","ชานส์การ์ดพิเศษ","When you play this card, draw 5 cards from your deck.","Tirer 5 cartes de la pioche","드롭시 5장의 카드를 드로우 합니다.","出牌后从卡组抽5张卡","出牌後從卡組抽5張卡","Mengambil 5 kartu dari Deck","เมื่อใช้การ์ดจะสามารถจั่วการ์ดจากสำรับได้อีก 5 ใบ"
88,"銃1・盾1カード",2148,0,0,40,,"event04.swf","このカードは銃1・盾1として扱う",0,"2010-10-17 06:15:11 UTC","Gun 1/Shield 1","Fusil 1/Bouclier 1","총1+방어1카드","枪1·盾1卡","槍1·盾1卡","Gun 1/Shield 1","การ์ดปืน 1 การ์ดโล่ 1","This card can be used as Gun 1/Shield 1.","Cette carte peut être utilisée comme Fusil 1/Bouclier 1","이 카드는 [총1]or[방어1]의 효과가 있습니다.","此卡当作枪1·盾1使用","此卡當作槍1·盾1使用","Digunakan sebagai Gun 1/Shield 1","การ์ดปืน 1 การ์ดโล่ 1"
89,"剣1カード",2228,0,0,40,,"event04.swf","このカードは剣1として扱う",0,"2010-10-17 06:35:33 UTC","Sword 1","Epée 1","검1 카드","剑1卡","劍1卡","Sword 1","การ์ดดาบ 1","This card can be used as a Sword 1.","Cette carte peut être utilisée comme Epée 1","이 카드는 검1의 효과가 있습니다.","此卡当作剑1使用","此卡當作劍1使用","Digunakan sebagai Sword 1","ใช้การ์ดนี้แทนดาบ 1"
90,"銃1カード",2308,0,0,40,,"event04.swf","このカードは銃1として扱う",0,"2010-10-17 06:35:33 UTC","Gun 1","Fusil 1","총1 카드","枪1卡","槍1卡","Gun 1","การ์ดปืน 1","This card can be used as a Gun 1.","Cette carte peut être utilisée comme Fusil 1","이 카드는 총1의 효과가 있습니다.","此卡当作枪1使用","此卡當作槍1使用","Digunakan sebagai Gun 1","ใช้การ์ดนี้แทนปืน 1"
91,"銃1・剣1カード",2388,0,0,40,,"event04.swf","このカードは銃1・剣1として扱う",0,"2010-10-17 06:15:11 UTC","Sword 1/Gun 1","Epée 1/Fusil 1","검1+총1 카드","剑1·枪1卡","劍1·槍1卡","Sword 1/Gun 1","การ์ดดาบ 1 ปืน 1","This card can be used as either a Sword 1 or a Gun 1.","Cette carte peut être utilisée comme Epée 1/Fusil 1","이 카드는 [검1]or[총1]의 효과가 있습니다.","此卡当作剑1·枪1使用","此卡當作劍1·槍1使用","Digunakan sebagai Sword 1/Gun 1","ใช้การ์ดนี้แทนดาบ 1 ปืน 1"
92,"銃1・移動1カード",2468,0,0,40,,"event04.swf","このカードは銃1・移動1として扱う",0,"2010-10-17 06:15:11 UTC","Gun 1/Move 1","Fusil 1/Mouvement 1","총1+이동1카드","枪1·移动1卡","槍1·移動1卡","Gun 1/Move 1","การ์ดปืน 1 เคลื่อนย้าย 1","This card can be used as Gun 1/Move 1.","Cette carte peut être utilisée comme Fusil 1/Mouvement 1","이 카드는 [총1]or[이동1]의 효과가 있습니다.","此卡当作枪1·移动1使用","此卡當作槍1·移動1使用","Digunakan sebagai Gun 1/Move 1","การ์ดปืน 1 เคลื่อนย้าย 1"
93,"銃1・特殊1カード",2548,0,0,40,,"event04.swf","このカードは銃1・特殊1として扱う",0,"2010-10-17 06:15:11 UTC","Gun 1/Special 1","Fusil 1/Spécial 1","총1+특수1카드","枪1·特殊1卡","槍1·特殊1卡","Gun 1/Special 1","การ์ดปืน 1 การ์ดพิเศษ 1","This card can be used as Gun 1/Special 1.","Cette carte peut être utilisée comme Fusil 1/Spécial 1","이 카드는 [총1]or[특수1]의 효과가 있습니다.","此卡当作枪1·特殊1使用","此卡當作槍1·特殊1使用","Digunakan sebagai Gun 1/Special 1","การ์ดปืน 1 การ์ดพิเศษ 1"
94,"集束のカード",2628,0,0,18,,"event04.swf","提出時、MOVEフェイズに与えるダメージに20加算する",0,"2010-10-17 06:15:11 UTC","Focus Card","Carte de Concentration",,"聚焦卡","聚焦卡",,,"When used, +20 damages dealt during the Move Phase.","Lorsque vous posez vos cartes, vous infligez 20 dommages de plus lors de votre phase de mouvement.",,"出牌后,移动阶段造成的伤害增加20点","出牌時,移動階段造成的傷害會加算20點",,
95,"移動1カード",2664,0,0,36,,"event04.swf","このカードは移動1として扱う",0,"2010-10-17 06:35:33 UTC","Move 1","Mouvement 1","이동1 카드","移动1卡","移動1卡","Move 1","การ์ดเคลื่อนย้าย 1","This card can be used as a Move 1.","Cette carte peut être utilisée comme Mouvement 1","이 카드는 이동1의 효과가 있습니다.","此卡当作移动1使用","此卡當作移動1使用","Digunakan sebagai Move 1","ใช้การ์ดนี้เพื่อการเคลื่อนย้าย 1"
96,"移動2カード",2736,0,0,36,,"event04.swf","このカードは移動2として扱う",0,"2010-10-17 06:35:33 UTC","Move 2","Mouvement 2","이동2 카드","移动2卡","移動2卡","Move 2","การ์ดเคลื่อนย้าย 2","This card can be used as a Move 2.","Cette carte peut être utilisée comme Mouvement 2","이 카드는 이동2의 효과가 있습니다.","此卡当作移动2使用","此卡當作移動2使用","Digunakan sebagai Move 2","ใช้การ์ดนี้เพื่อการเคลื่อนย้าย 2"
97,"移動3カード",2808,0,0,36,,"event04.swf","このカードは移動3として扱う",0,"2010-10-17 06:35:33 UTC","Move 3","Mouvement 3","이동3 카드","移动3卡","移動3卡","Move 3","การ์ดเคลื่อนย้าย 3","This card can be used as a Move 3.","Cette carte peut être utilisée comme Mouvement 3","이 카드는 이동3의 효과가 있습니다.","此卡当作移动3使用","此卡當作移動3使用","Digunakan sebagai Move 3","ใช้การ์ดนี้เพื่อการเคลื่อนย้าย 3"
98,"移動4カード",2880,0,0,36,,"event04.swf","このカードは移動4として扱う",0,"2010-10-17 06:35:33 UTC","Move 4","Mouvement 4","이동4 카드","移动4卡","移動4卡","Move 4","การ์ดเคลื่อนย้าย 4","This card can be used as a Move 4.","Cette carte peut être utilisée comme Mouvement 4","이 카드는 이동4의 효과가 있습니다.","此卡当作移动4使用","此卡當作移動4使用","Digunakan sebagai Move 4","ใช้การ์ดนี้เพื่อการเคลื่อนย้าย 4"
99,"移動5カード",2952,0,0,36,,"event04.swf","このカードは移動5として扱う",0,"2010-10-17 06:35:33 UTC","Move 5","Mouvement 5","이동5 카드","移动5卡","移動5卡","Move 5","การ์ดเคลื่อนย้าย 5","This card can be used as a Move 5.","Cette carte peut être utilisée comme Mouvement 5","이 카드는 이동5의 효과가 있습니다.","此卡当作移动5使用","此卡當作移動5使用","Digunakan sebagai Move 5","ใช้การ์ดนี้เพื่อการเคลื่อนย้าย 5"
100,"剣3・盾3カード",3024,0,0,54,,"event04.swf","このカードは剣3・盾3として扱う",0,"2010-10-17 06:35:33 UTC","Sword 3/Shield 3","Epée 3/Bouclier 3","검3+방어3카드","枪3·盾3卡","劍3·盾3卡","Sword 3/Shield 3","การ์ดดาบ 3 การ์ดโล่ 3","This card can be used as Sword 3/Shield 3.","Cette carte peut être utilisée comme Epée 3/Bouclier 3","이 카드는 [검3]or[방어3]의 효과가 있습니다.","此卡当作剑3·盾3使用","此卡當作劍3·盾3使用","Digunakan sebagai Sword 3/Shield 3","การ์ดดาบ 3 การ์ดโล่ 3"
101,"銃3・特殊3カード",3132,0,0,54,,"event04.swf","このカードは銃3・特殊3として扱う",0,"2010-10-17 06:35:33 UTC","Gun 3/Special 3","Fusil 3/Spécial 3","총3+특수3카드","枪3·特殊3卡","槍3·特殊3卡","Gun 3/Special 3","การ์ดปืน 3 การ์ดพิเศษ 3","This card can be used as Gun 3/Special 3.","Cette carte peut être utilisée comme Fusil 3/Spécial 3","이 카드는 [총3]or[특수3]의 효과가 있습니다.","此卡当作枪3·特殊3使用","此卡當作槍3·特殊3使用","Digunakan sebagai Gun 3/Special 3","การ์ดปืน 3 การ์ดพิเศษ 3"
102,"移動3・特殊3カード",3240,0,0,54,,"event04.swf","このカードは移動3・特殊3として扱う",0,"2010-10-17 06:35:33 UTC","Move 3/Special 3","Mouvement 3/Spécial 3","이동3+특수3카드","移动3·特殊3卡","移動3·特殊3卡","Move 3/Special 3","เคลื่อนย้าย 3 การ์ดพิเศษ 3","This card can be used as Move 3/Special 3.","Cette carte peut être utilisée comme Mouvement 3/Spécial 3","이 카드는 [이동3]or[특수3]의 효과가 있습니다.","此卡当作移动3·特殊3使用","此卡當作移動3·特殊3使用","Digunakan sebagai Move 3/Special 3","เคลื่อนย้าย 3 การ์ดพิเศษ 3"
103,"銃3・盾3カード",3348,0,0,54,,"event04.swf","このカードは銃3・盾3として扱う",0,"2010-10-17 06:35:33 UTC","Gun 3/Shield 3","Fusil 3/Bouclier 3","총3+방어3카드","枪3·盾3卡","槍3·盾3卡","Gun 3/Shield 3","การ์ดปืน 3 การ์ดโล่ 1","This card can be used as Gun 3/Shield 3.","Cette carte peut être utilisée comme Fusil 3/Bouclier 3","이 카드는 [총3]or[방어3]의 효과가 있습니다.","此卡当作枪3·盾3使用","此卡當作槍3·盾3使用","Digunakan sebagai Gun 3/Shield 3","การ์ดปืน 3 การ์ดโล่ 1"
104,"特殊3・盾3カード",3456,0,0,54,,"event04.swf","このカードは特殊3・盾3として扱う",0,"2010-10-17 06:35:33 UTC","Special 3/Shield 3","Spécial 3/Bouclier 3","특수3+방어3 카드","特殊3·盾3卡","特殊3·盾3卡","Special 3/Shield 3","การ์ดพิเศษ 3 โล่ 3","This card can be used as either a Special 3 or a Shield 3.","Cette carte peut être utilisée comme Spécial 3/Bouclier 3","이 카드는 [특수3]or[방어3]의 효과가 있습니다.","此卡当作特殊3·盾3使用","此卡當作特殊3·盾3使用","Digunakan sebagai Special 3/Shield 3","ใช้การ์ดนี้แทนพิเศษ 3 โล่ 3"
105,"ウイルス",3564,0,0,66,,"event04.swf","提出時に２ダメージを受ける",0,"2010-10-17 06:35:33 UTC","Virus","Virus",,"病毒","病毒",,,"Deal 2 damage when this card is used (Jamie will be immune to this damage)","Lors de son usage, vous recevez 2 dommages.",,"出牌时会受到2点伤害","出牌時會受到2點傷害",,
