"id","name","passive_skill_no","pow","effect_image","caption","created_at","name_en","name_fr","name_kr","name_scn","name_tcn","name_ina","name_thai","caption_en","caption_fr","caption_kr","caption_scn","caption_tcn","caption_ina","caption_thai"
1,"帝國戦術",1,2,,"毎ターン開始時、カードを2枚ドローする。|研ぎ澄まされた知略は戦場を意のままに操る。","2013-06-18 06:05:59 UTC","Imperial Tactics","Tactique impériale","a","帝国战术","帝國戰術","a","a","Draw 2 cards at the start of every turn. |The proven intelligent tactics can be utilized to control a battlefield arbitrarily.","Tirer 2 cartes lorsque chaque tour commence.|Il manipule la champ de bataille avec son esprit vif.","a","在每回合开始时抽2张牌。|千锤百炼的智略随心所欲地操纵战场。","在每回合開始時抽2張牌。|千錘百鍊的智略可以隨心所欲的操縱戰場。","a","a"
2,"臥薪嘗胆",2,1,,"防御時、遠・近距離ならば、ダイスダメージを受けてもHPは0にならない。|屈辱を胸にしてなお耐え忍ぶ鋼の意思。","2013-06-18 06:05:59 UTC","The Great Revival","Esprit Vengeur","a","卧薪尝胆","臥薪嚐膽","a","a","In the Defense Phase, your HP will not become zero even when you take Dice Damage in long or short range. |bear humiliation and keep it in mind with iron will.","Lorsque vous êtes en situation de Défense, vous ne subissez aucun dommage en Longue et Courte portée.|Volonté de fer.","a","防御阶段时处于远·近距离的话，受到骰伤HP也不会变成0。|忍受屈辱并牢记于心的钢铁意志。","防禦階段時處於遠·近距離的話，受到骰傷HP也不會變成0。|忍受屈辱並牢記於心的鋼鐵意志。","a","a"
3,"精神の器",3,1,,"毎ターン開始時、手札の特殊カードの枚数が相手と同数以下の場合、特殊カードを1枚奪う。|黒き貴公子に貢物を捧げよ。","2013-07-09 05:31:08 UTC","Spiritual Instrument","Récipient d'esprit","a","精神之器","精神之器","a","a","At the start of each turn, take one special card from your opponent when the number of your special cards is less than or equal to those of your opponent. |Offer a sacrifice to the evil prince.","Prendre 1 carte spéciale de votre adversaire à chaque commencement de tour.|Offrande au Prince Noir.","a","每回合开始时、手中的特殊卡数量少于或等于对手、夺取对手1张特殊卡。|向黑暗贵公子献上祭品吧。","每回合開始時、手中的特殊卡數量少於或等於對手、奪取對手1張特殊卡。|向黑暗貴公子獻上祭品吧。","a","a"
4,"剣聖",4,0,,"近距離の場合、攻撃時に相手の全ての必殺技を無効化する。|極めし剣の煌きは、何者をも凌駕する。","2013-07-09 05:32:09 UTC","The Holy Sword","épée sainte","a","剑圣","劍聖","a","a","For short range ATK, negate the effect of your opponent's all special moves. |A sharp blade can dominate everything.","En situation de courte portée, votre adversaire ne peut plus attaquer.|L'épée scintillante défait tout adversaire.","a","近距离攻击时，无效化对手所有的必杀技。|凛冽的剑芒足以凌驾一切。","近距離攻擊時，無效對手所有的必殺技。|凜冽的劍芒足以凌駕一切。","a","a"
5,"千古不朽",5,20,,"致命的なダメージを受けない。スタン状態にならない。詛呪の効果を軽減する。|大いなる存在に、その刃は届かない。","2013-07-09 05:32:09 UTC","The Immortal","Impérissable","a","千古不朽","千古不朽","a","a","Will not take fatal damage. Could not cause the Stun effect. Reduce the curse effect. |A great and invulnerable existence.","Vous ne subissez aucun dommage fatal. Vous ne vous évanouissez pas. Atténuez le [maléfice] dont vous souffrez.|Ce sabre ne peut transpercer la Vie.","a","不会受到致命的伤害。免疫晕眩。减轻诅咒效果。|刀枪不入的伟大存在。","不會受到致命的傷害。無法造成暈眩。減輕詛咒效果|偉大的存在，刀刃不侵。","a","a"
6,"レイジ",6,3,,"ダメージを受けた上位3キャラに対して二倍の攻撃力で反撃する。|","2013-10-16 16:55:00 +0900","Rage","Rage","a","愤怒","憤怒","a","a","With double ATK, fight back the top three characters who can deal the largest amount of damage.","Ripostez avec le double de puissance aux attaques des trois caractères blessés de votre adversaire.","a","以两倍的攻击力反击伤害输出前三名的角色。|","以兩倍的攻擊力反擊傷害輸出前三名的角色。|","a","a"
7,"創造主",7,10,"cutinmon099_00_psv00.swf","致命的なダメージを受けない。スタン状態にならない。詛呪の効果を軽減する。|世界を創造した者。","2013-10-16 16:55:00 +0900","The Creator","Créateur","a","造物主","創造主","a","a","Will not take fatal damage. Will not be stunned. Reduce the curse effect. |The Creator who created the world.","Vous ne subissez pas de dégât fatal. Vous ne vous évanouissez pas. Atténuez le [maléfice] dont vous souffrez.|Créateur du monde.",,"不会受到致命的伤害。免疫晕眩。减轻诅咒效果。|创造世界的造物主。","不會受到致命的傷害。不會暈眩。減輕詛咒效果|創造世界的造物主。",,
8,"バウンスバック",8,2,,"防御失敗時にダメージ数+2枚だけカードをドローする。|相手の攻撃さえも自分の攻撃の手段とする。","2013-10-16 16:55:00 +0900","Bounce Back","Bounce back",,"反弹","Bounce Back",,,"On a failed defense, draw a card for each point of damage you take, and 2 more cards. |Transform your opponent's attack into your attack means.","Lorsque votre défense n'a pas fonctionné, tirez des cartes (nombre de dommages subis +2).|Utilisez l'attaque de votre adversaire.",,"防御失败时抽取与伤害值+2等量的牌。|连对手的攻击都可化为自己的攻击手段。","防禦失敗時抽取與傷害值+2等量的牌。|連對手的攻擊都可化為自己的攻擊手段。",,
9,"リンケージ",9,30,,"致命的なダメージを受けない。スタン状態にならない。詛呪の効果を軽減する。|自我を共有する無数の魂が短時間で入れ替わる。","2013-10-16 16:55:00 +0900","Linkage","Linkage",,"连动","連動",,,"Will not take fatal damage. Will not be stunned. Reduce the curse effect. |Countless souls with its own will alternate in a short time.","Vous ne subissez pas de dégât fatal. Vous ne vous évanouissez pas. Atténuez le [maléfice] dont vous souffrez.|Les innombrables âmes en vous sont remplacées en un court laps de temps.",,"不会受到致命的伤害。免疫晕眩。减轻诅咒的效果。|共有自我的无数灵魂在短时间之内交替。","不會受到致命的傷害。不會暈眩。減輕詛咒的效果。|共有自我的無數靈魂在短時間之內交替。",,
10,"リベレーション",10,0,,"自身の封印状態を確率的に解除する。|押さえ込むことの出来ぬ獰猛な魂。",,"Revelation","Libération",,"解放","解放",,,"Your sealed status may be removed. |A fierce soul that cannot be suppressed.","Annuler votre état [Sceau].|Personne ne peut contrôler cet esprit féroce.",,"以一定的几率解除自己封印状态。|无法抑制的凶猛灵魂。","機率性解除自己封印狀態。|無法抑制的兇猛靈魂。",,
11,"ハーデン",11,0,,"物理的なダメージを4分の1(切り捨て)に軽減するが...|体表の組成を変化させ、強固な外殻を形成する。",,"Harden","Harden",,"硬化","硬化",,,"Reduce the physical damage to one-fourth (discarding the reminder), but... |the surface of the transformed body forms a solid shell.","Atténuer un quart (arrondissez au chiffre inférieur) le nombre de vos dégâts.|Change la composition de votre corps et lui confère une puissance enveloppe.",,"将物理伤害减轻至1/4(尾数舍去)，不过……|变化身体表面的组成结构，形成坚固的外壳。","將物理傷害減輕至4分之1(尾數捨去)，但...|變化身體表面的組成，形成堅固的外殼。",,
12,"アブソープ",12,0,,"相手の特殊攻撃を吸い取り、自身のHPを最大5まで回復する。|額の水晶体にエネルギー取り込み自らのものとする。",,"Absorb","Absorption",,"吸收","吸收",,,"Absorb your opponent's special attack and recover your HP by no more than 5 points. |The crystal on the forehead absorbs the energy for you to use.","En aspirant l'attaque spéciale de votre adversaire, régénérez au maximum 5 de vos HP.|Le cristal brillant au front aspire l'énergie.",,"吸收对手的特殊攻击，回复自身最多5点HP。|额头上的水晶体将能量吸收转化为自己所用","吸收對手的特殊攻擊，回復自身最多5點HP。|額頭上的水晶體將能量吸收轉化為自己所用",,
13,"幻月",13,2,,"防御時、防御カード1枚毎に、現在距離ｘ2を防御力に加算する。|幻影の月が相手を惑わす。",,"Moon dog","Parasélène",,"幻月","幻月",,,"During defense, one defense card additionally raises your DEF by twice your current range. |Glamor your opponent with the Moon of Phantom.","Ajouter (distanceX2) de puissance à chacune de vos cartes de défense lorsque vous êtes en phase de défense.|La Lune aux Illusions trompe les sentiments.",,"防御时，每一张防御卡都额外增加现在距离ｘ2的防御力。|以幻影之月迷惑对手。","防禦時，每一張防禦卡，都額外增加現在距離ｘ2的防禦力。|以幻影之月迷惑對手。",,
14,"跳躍",14,0,,"防御時、死亡しても復活することがある。その場合、手札の半分を破棄し、破棄した枚数だけドローする|運命は航海士の意のままに選ばれる。",,"Jump","Bondir",,"跳跃","跳躍",,,"When defense, it is possible that you would resurrect even if you were dead. Discard half your card during resurrection and draw the same number of cards. |A navigator can arbitrarily choose his fate.","Lorsque vous êtes en phase de défense et que vous mourrez, vous avez la possibilité de revenir à la vie. En ce cas, détruisez la moitié de votre pioche et tirez le même nombre de cartes.|Le navigateur choisit le destin qu'il souhaite.",,"防御时，就算死亡也有机会复活。复活时将一半手牌舍弃，接着抽取等量的牌。|航海家能随心所欲选择命运。","防禦時，就算死亡也有機會可以復活。復活時將一半手牌捨棄，接著抽取等量的牌。|航海士能隨心所欲選擇命運。",,
15,"プロテクティブエイム",15,0,,"防御時、銃カードを盾カードとして使用出来る。その場合、防御力に3を加算する|正確な狙撃によって相手の攻撃を弱体化させる",,"Final protective fire","Protective Aim",,"防护性瞄准","防護性瞄準",,,"When defense, a gun card can be used as a shield card. At this time, DEF additionally raises by 3. |Sharp sniping can reduce your opponent's attack.","Pendant la phase de défense, possibilité d'utiliser une carte fusil comme carte de défense. Auquel cas, votre capacité de défense augmente de 3. | Affaiblir l'adversaire grâce à la précision d'un sniper.",,"防御时，可以将枪卡当作盾卡使用。此时，防御力额外增加3。|以精确的狙击弱化对手的攻击","防禦時，可以將槍卡當作盾卡使用。此時，防禦力額外增加3。|以精確的狙擊弱化對手的攻擊",,
16,"C・ミステイク",16,2,,"防御時、HPが0以下になったとき、「不死Ⅱ」「自壊」「ATK+7」(2ターン),再使用される場合、発動率が減少する|悪意の人形の最後の力",,"Category Mistake","C Mystic",,"范畴错误","範疇錯誤",,,"When defense, you receive [Immortal II], [Disintegration], and [ATK+7] (2 turns) in the case that your HP went to 0 or below. When this effect is used again, the chances of success will reduce |The final power of a wicked doll","Pendant la phase de défense, lorsque votre HP va en deçà de 0, « Immortel II » « Autodestruction » « ATK+7 » (2 tours), lorsque vous l'utilisez à nouveau, le taux de déclenchement est plus faible. | Dernières forces d'une poupée malfaisante.",,"防御时，HP变成0以下的场合，自身得到“不死Ⅱ”“自坏”“ATK+7”(2回合)。当这个效果再次被使用时，发动成功的机率降低|恶意人偶的最后力量","防禦時，HP變成0以下的場合，自身得到「不死Ⅱ」「自壞」「ATK+7」(2回合)。當這個效果再次被使用時，發動成功的機率降低|惡意人偶的最後力量",,
17,"スライムカバー",17,0,,"「毒」「麻痺」「恐怖」「封印」状態にかかる確率が低い|体表を覆う粘液は、別の生物であるかのように流動している",,"Slime Cover","Slime Cover",,"史莱姆外皮","史萊姆外皮",,,"The chance of being [poisoned], [paralyzed], [afraid], or [sealed] us very low. |Sticky liquids attached to the body flow like other creatures.","Il vous est difficile d'être touché par les attaques [Venin] [Paralysie] [Sceau]. |Le liquide qui recouvre votre corps est comme un être vivant indépendant, bougeant comme il le souhaite.",,"受到“毒”“麻痹”“恐怖”“封印”的机率低下|附着在体外的黏液，就像别的生物般流动着","被施加「毒」「麻痺」「恐怖」「封印」的機率很低|附著在體外的黏液，就像別的生物般流動著",,
18,"地中潜行",18,20,,"DEF+20。自身の攻撃フェイズ中に受けるダメージが7倍になる。一定ダメージを受けることで解除される|地表という盾による堅守",,"Writhe in this subterranean nest","Souterrains insidieux",,"地下潜行","潛伏地中",,,"DEF+20.In your Attack Phase, the damage you take become 7 times. It can be cancelled when you take a specified amount of damage. |Use a earth-like shield for defense purpose.","DEF+20。Les dommages que vous infligez durant votre phase d'attaque sont multipliés par 7. Si votre adversaire vous attribue un dommage, il sera libéré de ce sort. |Protection par un mur de terre.",,"DEF+20。在自己的攻击阶段中所受到的伤害会变成7倍。受到一定数值以上的伤害后解除效果|以地表为盾的强力防御","DEF+20。在自己的攻擊階段中所受到的傷害會變成７倍。受到一定數值以上的傷害後解除|以地表為盾的強力防禦",,
19,"濁濫の果て",19,7,,"ATK+7。自身が受けるダイスダメージが2倍になる|轟く怒号は新たな災厄を呼び寄せる",,"Corrupt results","Tréfonds du Chaos",,"浊滥的尽头","濁濫的盡頭",,,"ATK+7.The dice damage you take becomes 2 times |Roaring sounds provoke a new disaster.","ATK+7。Vos dommages sont multipliés par 2. |Le tonnerre grondant appelle une nouvelle catastrophe.",,"ATK+7。自己受到的骰伤会变成2倍|回响的怒吼声将招来新的灾厄","ATK+7。自己受到的骰傷會變成2倍|迴響的怒吼聲將招來新的災厄",,
20,"千古不朽",5,10,,"致命的なダメージを受けない。スタン状態にならない。詛呪の効果を軽減する。|大いなる存在に、その刃は届かない",,"The Immortal","Impérissable","a","千古不朽","千古不朽","a","a","Will not take fatal damage. Could not cause the Stun effect. Reduce the curse effect. |A great and invulnerable existence.","Vous ne subissez aucun dommage mortel. Vous n'êtes pas étourdi. Atténue les effets des sorts. |Aucune épée ne peut vous atteindre.","a","不会受到致命的伤害。免疫晕眩。减轻诅咒效果|刀枪不入的伟大存在。","不會受到致命的傷害。無法造成暈眩。減輕詛咒效果|偉大的存在，刀槍不侵。","a","a"
21,"リトルプリンセス",20,0,,"20%の確率で受けるダメージが0になる。HPが5以上のとき発動|彗星の輝きをのせて",,"Little Princess","Little Princess",,"小公主","小公主",,,"There is a 20% chance to receive no damage. It will be activated only if your HP is 5 or above|Ride a shining comet.","Les 20 % de chance de subir un dommage tombent à 0. S'active lorsque vous avez plus de 5 d'HP. | Emmenant avec elle l'éclat de la comète.",,"20%机率使受到的伤害为0。只会在HP5以上时发动|乘着彗星的光辉","20%機率受到的傷害為0。只會在HP5以上時發動|乘著彗星的光輝",,
22,"深紅の魔女",21,0,,"20%の確率で与えるダメージが2倍になる。HPが4以下のとき発動|その一つ一つの前から、祈りを焼き払う",,"Scarlet Sorceress","Sorcière Pourpre",,"深红的魔女","深紅的魔女",,,"There is a 20% chance to double the damage you deal. It will be triggered only if your HP is 4 or less|Burn out what you pray for before you pray.","Les 20 % de chance d'infliger des dommages sont multipliés par 2. S'active lorsque vous avez moins de 4HP. | Adresser une prière à chacun.",,"20%机率将造成的伤害变成2倍。只会在HP4以下时发动|在祈求之前，就将其所祈求的一切燃烧殆尽。","20%機率將造成的傷害變成2倍。只會在HP4以下時發動|在祈求之前，就將其所祈求的一切燃燒殆盡。",,
23,"聖堂騎士の大盾",22,2,,"防御時、受けるダメージを2軽減する|何者も寄せ付けない聖なる大盾",,"GreatShield of Templar","Bouclier géant des Soldats Bénis",,"圣堂骑士的大盾","聖堂騎士的大盾",,,"On a defense, the damage you receive is reduced by 2.|A holy great shield that allows no one's approach.","en phase de défense, vous diminuez vos dommages de 2. |Bouclier sacré qui éloigne tout ennemi. ",,"防御时，受到的伤害减少2|不论是谁都无法靠近的神圣大盾","防禦時，受到的戰鬥傷害減少2|不論是誰都無法靠近的神聖大盾",,
24,"C・ミステイク",16,2,,"防御時、HPが0以下になったとき、「不死Ⅱ」「自壊」「ATK+7」(2ターン),再使用される場合、発動率が減少する|呪われた身体は死を覆す",,"Category Mistake","C Mystic",,"范畴错误","範疇錯誤",,,"While defending, in situations when HP falls below 0, receives [invulnerable],[disintegration],[ATK+7] (2 turns). When this effect is used again, successful triggering chance is reduced. |The cursed body subverts death","Pendant la phase de défense, lorsque votre HP va en deçà de 0, « Immortel II » « Autodestruction » « ATK+7 » (2 tours), lorsque vous l'utilisez à nouveau, le taux de déclenchement est plus faible. |corps maudit qui renverse la Mort. ",,"防御时，HP变成0以下的场合，自身得到“不死Ⅱ”“自坏”“ATK+7”(2回合)。当这个效果再次被使用时，发动成功的机率降低|受诅咒的身体颠覆死亡","防禦時，HP變成0以下的場合，自身得到「不死Ⅱ」「自壞」「ATK+7」(2回合)。當這個效果再次被使用時，發動成功的機率降低|受詛咒的身體顛覆死亡",,
25,"溟海符",23,3,,"__POW__の倍数ターン終了時、HPを1回復する|",,"Abyssal Sea Talisman","Étoffe marine",,"溟海符","溟海符",,,"After the __POW__ multiplier turn is over, restores 1HP.","A la fin de tous les tours multiples de __POW__, retrouvez 1HP. ",,"在__POW__的倍数回合结束时，回复1点HP|","在__POW__的倍數回合結束時，回復1點HP|",,
26,"海魔の心臓",24,0,,"「麻痺」「バーサーク」「封印」状態にかかる確率が低い|喰らった生命を取り込む魔の心臓",,"Heart of the Sea Monster","Cœur de monstre marin",,"海魔的心脏","海魔的心臟",,,"Reduce the chance to be inflicted with [paralyze],[berserk] and [seal]. |A monster's heart that takes the life of whatever it consumes as its own.","Vous avez moins de chance de souffrir de ‘Paralysie' ‘Berserk' et ‘Sceau'. | Coeur monstrueux qui permet d'incorporer les vies que vous avez dévorées.",,"受到“麻痹”“狂战士”“封印”状态的机率低下|将吃下的生命融为己物的魔物心脏。","變成「麻痺」「狂戰士」「封印」狀態的機率降低|將吃下的生命融為己物的魔物心臟。",,
27,"立ち込める夜霧",25,20,,"防御時、ダイスダメージの上限を__POW__にする。移動フェイズに受けるダメージが2倍になる|紅い花の咲く音だけが標となる",,"Shrouding Night Fog","Embrassade embrumée",,"弥漫的夜雾","籠罩的夜霧",,,"When defending, the maximum dice damage becomes __POW__.Damage received x2 during Move Phase. |Only the sound of safflower blooming would become a target.","Après votre phase de défense, les dommages infligés par vos dés sont augmentés de __POW__. Les dommages infligés durant la phase de déplacement sont doublés. | La mélodie aux fleurs pourpres est le seul indice visible.",,"防御时，骰伤的上限变成__POW__。移动阶段受到的伤害变成2倍|只有红花盛开的声音会成为目标。","防禦時,骰傷的上限變成__POW__。移動階段受到的傷害變成2倍|只有紅花盛開的聲音會成為目標。",,
28,"2つの身体",26,0,,"防御時、攻撃値が上回った数値分のダメージ÷2(切り捨て)を対戦パーティの誰かに与える|他者の身体を自分の身代わりにする",,"Body Double","Deux Corps",,"两个身体","兩個身體",,,"When defending, randomly inflict back half exceeding damage value (round figure) |Using another's body as your double.","En phase de défense, lorsque l'attaque excède votre défense, divisez les dommages par deux et attribuez le dommage à l'un de vos adversaires. | Utilisez le corps de l'adversaire comme substitut.",,"防御时，给予对战队伍随机一人所超过的攻击值÷2(尾数舍去)的伤害|把他人的身体当成自己的替身。","防禦時,給予對戰隊伍隨機一人所超過的攻擊值÷2(尾數捨去)的傷害|把他人的身體當成自己的替身。",,
29,"機智",27,1,,"移動力+1, HPが4以下のとき、移動イベントカードを2枚入手する|自らの感覚を研ぎ澄まし、戦闘を先読みする",,"Wit None","Esprit",,"机智","機智",,,"MOV+1. When HP is below 4, obtain 2 Movement Event Cards. |Sharpening your own senses to gain an insight in battle.","Capacité de déplacement +1, lorsque votre HP est inférieur à 4, vous obtenez deux cartes événement. | Aiguisez vos sens et prédisez l'avenir de la bataille. ",,"移动力+1，HP在4以下时，得到2张移动事件卡|藉由锐化自己的感觉先了解战斗情势。","移動力+1, HP在4以下時,得到2張移動事件卡|藉由銳化自己的感覺先了解戰鬥情勢。",,
30,"修羅の極意",28,4,,"防御時、HPが4以下になったとき、自身のHPを3回復, さらに相手を「ATK-__POW__」「DEF-__POW__」「MOV-1」(2ターン)|修羅を身に宿す者だけが扱える極意",,"Shura's Secret Art","Secret de Shura",,"修罗的奥义","修羅的奧義",,,"When defending, and your HP is below 4, restore 3 HP while inflict the opponent with [ATK-__POW__],[DEF-__POW__], and [MOV-1] (2 turns). |Only the ones with Shura in their souls can use this secret art.","En phase de défense, lorsque vos HP tombent en-dessous de 4, vous récupérez 3 HP, tandis que votre adversaire est [ATK-__POW__],[DEF-__POW__],[MOV-1] (2 tours). | Secret partagé par ceux qui accueillent Shura en eux. ",,"防御阶段时，当自己的HP变成4以下时，回复自己3点HP，并且使对手“ATK-__POW__”“DEF-__POW__”“MOV-1”(2回合)|只有身上寄宿着修罗之人才能够使用的奥义。","防禦階段時，當自己的HP變成4以下時，回復自己3點HP，並且給予對手「ATK-__POW__」「DEF-__POW__」「MOV-1」(2回合)|只有身上寄宿著修羅之人才能夠使用的奧義。",,
31,"ブラックルミナス",29,2,,"毎ターン開始時、1枚ドローする。相手のHPが最大なら、カードをさらに__POW__枚ドローする|黒き瞳が相手を捕らえる　",,"Black Light","Black Luminas",,"极黑夜光","極黑夜光",,,"Draw a card at the start of each turn. When the opponent's HP is full, draw __POW__ cards |Black eyes as night to capture the opponent.","Au début de chaque tour, tirez une carte. Lorsque les HP de votre adversaire sont au maximum, tirez __POW__ cartes. | Regard ténébreux qui capture l'ennemi.",,"每回合开始时，抽一张牌。当对手HP为最大值时，再抽__POW__张牌|漆黑的瞳孔将捕捉对手。","每回合開始時，抽一張牌。當對手HP為最大值時，再抽__POW__張牌|漆黑的瞳孔將捕捉對手。",,
32,"甲羅割り x1.5",30,1,,"玄帝・霊亀・贔屓に与えるダメージが1.5倍になる|",,"Armor Break x1.5","Carapace brisée (x 1.5)",,"破甲×1.5","破甲 x1.5",,,"Damage x1.5 to turtles","Les dommages infligés aux tortues sont multipliés par 1,5.",,"对玄帝·灵龟·赑屃造成的伤害变为1.5倍","對龜造成的傷害變為1.5倍",,
33,"甲羅割り x2",30,2,,"玄帝・霊亀・贔屓に与えるダメージが2倍になる|",,"Armor Break x2","Carapace brisée (x 2)",,"破甲×2","破甲 x2",,,"Damage x2 to turtles","Les dommages infligés aux tortues sont multipliés par 2.",,"对玄帝·灵龟·赑屃造成的伤害变为2倍","對龜造成的傷害變為2倍",,
34,"甲羅割り x3",30,3,,"玄帝・霊亀・贔屓に与えるダメージが3倍になる|",,"Armor Break x3","Carapace brisée (x 3)",,"破甲×3","破甲 x3",,,"Damage x3 to turtles","Les dommages infligés aux tortues sont multipliés par 3.",,"对玄帝·灵龟·赑屃造成的伤害变为3倍","對龜造成的傷害變為3倍",,
35,"身隠し",31,15,,"HPが1/3以下になると発動, DEF+15, 自身の攻撃フェイズ中に受けるダメージが5倍になる|甲羅の中に身を隠す",,"Invisibility","Invisible",,"隐身","隱身",,,"Triggers when HP falls below 1/3. DEF+15, damage received x5 when Attack Phase. |Hiding inside the shell of a turtle.","Se met en place lorsque votre HP est inférieur à 1/3, DEF+15, les dommages infligés sont multipliés par 5. | Réfugiez-vous dans la carapace.",,"HP降至1/3以下时发动，DEF+15，在自身攻击阶段受到的伤害变为5倍|藏身于龟壳之中。","HP變成1/3以下時發動,DEF+15,在自身攻擊階段受到的傷害變為5倍|藏身於龜殼之中。",,
36,"神威",32,0,,"「封印」状態になる確率が低い|人智の及ばぬ力を振るう存在",,"Might","Puissance divine",,"神威","神威",,,"A low chance of being [sealed]. |An incomprehensible existence.","Vos chances de subir un [Sceau] sont réduites. | Présence capable de manier la puissance des Sages.",,"受到“封印”的机率低下|拥有超越人智之力的存在","被「封印」的機率很低|擁有超越人智之力的存在",,
37,"カルドゥウス",33,0,,"「操想」状態のとき、「封印」状態にならない, 「操想」状態が進行しない|世界を正す者たちの証",,"Karlos","Carduus",,"卡尔杜斯","卡爾杜斯",,,"cannot be [sealed] while under the effect of the Curse of Death, and the Curse of Death will halt its countdown. |Proof of the world correctors.","Lorsque vous êtes en situation de [Chasteté], vous ne pouvez subir de [Sceau] et la situation [Chasteté] ne change pas. | Groupe d'hommes cherchant à corriger le Monde.",,"“操想”状态的时候，免疫“封印”状态，“操想”状态不会倒数。|世界导正者们的证明","「操想」狀態的時候，不會變成「封印」狀態，「操想」狀態不會倒數。|世界導正者們的證明",,
38,"レジストウォール",34,0,,"遠・中距離で、状態異常を受けない|災いから身を守る魔女の防壁",,"Defensive Wall","Resist Wall",,"防护墙","防護牆",,,"Cannot be inflicted by ailments at long and medium range |A witch-protection wall to defend oneself from disasters.","Lorsque vous êtes à longue ou moyenne portée, vous ne subissez aucun état anormal. | Mur de Sorcière protégeant de toute attaque.",,"在远·中距离时免疫异常状态|从灾厄中保护自身的魔女防护墙。","在遠·中距離時不會受到異常狀態|從災厄中保護自身的魔女防護牆。",,
39,"呪印符",35,1,,"自身にかかる状態異常のターン数を__POW__ターン延長|",,"Sigil","Marque maléfique",,"咒印符","咒印符",,,"Extend the effecting ailments on self by __POW__ turns.","Vous réduisez le nombre de tours durant lesquels vous subissez l'état anormal de __POW__ tours.",,"自身受到的异常状态回合数延长__POW__回合。","自身受到的異常狀態回合數，延長__POW__回合。",,
40,"従者の忠誠",36,0,,"控えている主の身代わりになる|主人を庇う従者の鑑",,"Loyal Servant","Fidélisation des adeptes",,"随从的忠诚","隨從的忠誠",,,"A double to stand in for the master |An example servant that protects the master.","Ils remplacent leur Maître. | Cortège d'adeptes qui protègent leur Maître.",,"成为主人的替身|保护主人的模范随从。","成為主人的替身|保護主人的模範隨從。",,
41,"茨の森+",38,5,,"__NAME__の発動に必要なアクションカードの値を1緩和する, この効果で条件値は0にならない|",,"Thorn Forest +","Forêt d'Epines +","가시나무 숲","茨林 +","茨林 +","Thorn Forest","ป่าหนาม","Reduce action cards needed for __NAME__ by 1. Effect not applicable if criteria is already 1|","Réduit le nombre de cartes nécessaires à __NAME__ de 1. Effet non applicable lorsque le critère est déjà de 1.|",,"__NAME__发动此技能所需要的行动卡值-1，此效果不会让条件值少於1|","__NAME__發動此技能所需要的行動卡值-1, 此效果不會讓條件值少於1|",,
42,"怒りの一撃+",38,11,,"__NAME__の発動に必要なアクションカードの値を1緩和する, この効果で条件値は0にならない|",,"Adrenalin Attack +","Attaque d'Adrénaline +","분노의 일격","愤怒一击 +","憤怒一擊 +","Adrenalin Attack","ดาบพิโรธ","Reduce action cards needed for __NAME__ by 1. Effect not applicable if criteria is already 1|","Réduit le nombre de cartes nécessaires à __NAME__ de 1. Effet non applicable lorsque le critère est déjà de 1.|",,"__NAME__发动此技能所需要的行动卡值-1，此效果不会让条件值少於1|","__NAME__發動此技能所需要的行動卡值-1, 此效果不會讓條件值少於1|",,
43,"血の恵み+",38,15,,"__NAME__の発動に必要なアクションカードの値を1緩和する, この効果で条件値は0にならない|",,"Blood's Blessing +","Eclaboussure de Sang +","피의 축복","血之恩赐 +","血之恩賜 +","Splash of Blood","พรโลหิต","Reduce action cards needed for __NAME__ by 1. Effect not applicable if criteria is already 1|","Réduit le nombre de cartes nécessaires à __NAME__ de 1. Effet non applicable lorsque le critère est déjà de 1.|",,"__NAME__发动此技能所需要的行动卡值-1，此效果不会让条件值少於1|","__NAME__發動此技能所需要的行動卡值-1, 此效果不會讓條件值少於1|",,
44,"スラッシュ+",38,1,,"__NAME__の発動に必要なアクションカードの値を1緩和する, この効果で条件値は0にならない|",,"Slash +","Entaille +","섬광","霸王闪击 +","霸王閃擊 +","Slash","Slash","Reduce action cards needed for __NAME__ by 1. Effect not applicable if criteria is already 1|","Réduit le nombre de cartes nécessaires à __NAME__ de 1. Effet non applicable lorsque le critère est déjà de 1.|",,"__NAME__发动此技能所需要的行动卡值-1，此效果不会让条件值少於1|","__NAME__發動此技能所需要的行動卡值-1, 此效果不會讓條件值少於1|",,
45,"赫い牙+",38,14,,"__NAME__の発動に必要なアクションカードの値を1緩和する, この効果で条件値は0にならない|",,"Red Fang +","Croc rouge +","붉은 이빨","毒牙 +","毒牙 +","Red Fang","เขี้ยวประกาย","Reduce action cards needed for __NAME__ by 1. Effect not applicable if criteria is already 1|","Réduit le nombre de cartes nécessaires à __NAME__ de 1. Effet non applicable lorsque le critère est déjà de 1.|",,"__NAME__发动此技能所需要的行动卡值-1，此效果不会让条件值少於1|","__NAME__發動此技能所需要的行動卡值-1, 此效果不會讓條件值少於1|",,
46,"深淵+",38,9,,"__NAME__の発動に必要なアクションカードの値を1緩和する, この効果で条件値は0にならない|",,"Abyss +","Abysses +","심연","深渊 +","深淵 +","Abyss","หุบเหวลึก","Reduce action cards needed for __NAME__ by 1. Effect not applicable if criteria is already 1|","Réduit le nombre de cartes nécessaires à __NAME__ de 1. Effet non applicable lorsque le critère est déjà de 1.|",,"__NAME__发动此技能所需要的行动卡值-1，此效果不会让条件值少於1|","__NAME__發動此技能所需要的行動卡值-1, 此效果不會讓條件值少於1|",,
47,"因果の輪+",38,18,,"__NAME__の発動に必要なアクションカードの値を1緩和する, この効果で条件値は0にならない|",,"Circle of Fate +","Cercle du Destin +","인과의 원","因果之轮 +","因果之輪 +","Circle of Fate","วงล้อชะตากรรม","Reduce action cards needed for __NAME__ by 1. Effect not applicable if criteria is already 1|","Réduit le nombre de cartes nécessaires à __NAME__ de 1. Effet non applicable lorsque le critère est déjà de 1.|",,"__NAME__发动此技能所需要的行动卡值-1，此效果不会让条件值少於1|","__NAME__發動此技能所需要的行動卡值-1, 此效果不會讓條件值少於1|",,
48,"デスペラード+",38,28,,"__NAME__の発動に必要なアクションカードの値を1緩和する, この効果で条件値は0にならない|",,"Desperado +","Desperado +","무법자","致命枪击 +","致命槍擊 +","Desperado","Desperado","Reduce action cards needed for __NAME__ by 1. Effect not applicable if criteria is already 1|","Réduit le nombre de cartes nécessaires à __NAME__ de 1. Effet non applicable lorsque le critère est déjà de 1.|",,"__NAME__发动此技能所需要的行动卡值-1，此效果不会让条件值少於1|","__NAME__發動此技能所需要的行動卡值-1, 此效果不會讓條件值少於1|",,
49,"ペインフリー+",38,31,,"__NAME__の発動に必要なアクションカードの値を1緩和する, この効果で条件値は0にならない|",,"Pain Free +","Libération +","한계","解放 +","解放 +","Pain Free","Pain Free","Reduce action cards needed for __NAME__ by 1. Effect not applicable if criteria is already 1|","Réduit le nombre de cartes nécessaires à __NAME__ de 1. Effet non applicable lorsque le critère est déjà de 1.|",,"__NAME__发动此技能所需要的行动卡值-1，此效果不会让条件值少於1|","__NAME__發動此技能所需要的行動卡值-1, 此效果不會讓條件值少於1|",,
50,"封印の鎖+",38,33,,"__NAME__の発動に必要なアクションカードの値を1緩和する, この効果で条件値は0にならない|",,"Sealing Chain +","Sceau d'Acier +","봉인의 사슬","封印枷锁 +","封印枷鎖 +","Sealing Chain","โซ่ตรวนผนึก","Reduce action cards needed for __NAME__ by 1. Effect not applicable if criteria is already 1|","Réduit le nombre de cartes nécessaires à __NAME__ de 1. Effet non applicable lorsque le critère est déjà de 1.|",,"__NAME__发动此技能所需要的行动卡值-1，此效果不会让条件值少於1|","__NAME__發動此技能所需要的行動卡值-1, 此效果不會讓條件值少於1|",,
51,"ミスフィット+",38,51,,"__NAME__の発動に必要なアクションカードの値を1緩和する, この効果で条件値は0にならない|",,"Misfit +","Inadapté +","저주의 지배","异质者 +","異質者 +","Misfit","Misfit","Reduce action cards needed for __NAME__ by 1. Effect not applicable if criteria is already 1|","Réduit le nombre de cartes nécessaires à __NAME__ de 1. Effet non applicable lorsque le critère est déjà de 1.|",,"__NAME__发动此技能所需要的行动卡值-1，此效果不会让条件值少於1|","__NAME__發動此技能所需要的行動卡值-1, 此效果不會讓條件值少於1|",,
52,"１つの心+",38,54,,"__NAME__の発動に必要なアクションカードの値を1緩和する, この効果で条件値は0にならない|",,"One Heart +","Mirage +","성스런 마음","一颗心 +","一顆心 +","One Heart","หนึ่งใจ","Reduce action cards needed for __NAME__ by 1. Effect not applicable if criteria is already 1|","Réduit le nombre de cartes nécessaires à __NAME__ de 1. Effet non applicable lorsque le critère est déjà de 1.|",,"__NAME__发动此技能所需要的行动卡值-1，此效果不会让条件值少於1|","__NAME__發動此技能所需要的行動卡值-1, 此效果不會讓條件值少於1|",,
53,"解放剣+",38,67,,"__NAME__の発動に必要なアクションカードの値を1緩和する, この効果で条件値は0にならない|",,"Sword of Release +","Épée Libératrice +","해방검","解放剑 +","解放劍 +","Liberated Sword","ดาบปลดปล่อย","Reduce action cards needed for __NAME__ by 1. Effect not applicable if criteria is already 1|","Réduit le nombre de cartes nécessaires à __NAME__ de 1. Effet non applicable lorsque le critère est déjà de 1.|",,"__NAME__发动此技能所需要的行动卡值-1，此效果不会让条件值少於1|","__NAME__發動此技能所需要的行動卡值-1, 此效果不會讓條件值少於1|",,
54,"百閃+",38,70,,"__NAME__の発動に必要なアクションカードの値を1緩和する, この効果で条件値は0にならない|",,"One Hundred Slashes +","Cent Entailles  +","백섬","百闪 +","百閃 +","Hyakusen","ร้อยคมดาบ","Reduce action cards needed for __NAME__ by 1. Effect not applicable if criteria is already 1|","Réduit le nombre de cartes nécessaires à __NAME__ de 1. Effet non applicable lorsque le critère est déjà de 1.|",,"__NAME__发动此技能所需要的行动卡值-1，此效果不会让条件值少於1|","__NAME__發動此技能所需要的行動卡值-1, 此效果不會讓條件值少於1|",,
55,"ラプチュア+",38,73,,"__NAME__の発動に必要なアクションカードの値を1緩和する, この効果で条件値は0にならない|",,"Rapture +","Ravissement +","환영의 문","恍惚 +","恍惚 +","Rapture","Rupture","Reduce action cards needed for __NAME__ by 1. Effect not applicable if criteria is already 1|","Réduit le nombre de cartes nécessaires à __NAME__ de 1. Effet non applicable lorsque le critère est déjà de 1.|",,"__NAME__发动此技能所需要的行动卡值-1，此效果不会让条件值少於1|","__NAME__發動此技能所需要的行動卡值-1, 此效果不會讓條件值少於1|",,
56,"ミスフィット+",38,51,,"__NAME__の発動に必要なアクションカードの値を1緩和する, この効果で条件値は0にならない|",,"Misfit +","Inadapté +","저주의 지배","异质者 +","異質者 +","Misfit","Misfit","Reduce action cards needed for __NAME__ by 1. Effect not applicable if criteria is already 1|","Réduit le nombre de cartes nécessaires à __NAME__ de 1. Effet non applicable lorsque le critère est déjà de 1.|",,"__NAME__发动此技能所需要的行动卡值-1，此效果不会让条件值少於1|","__NAME__發動此技能所需要的行動卡值-1, 此效果不會讓條件值少於1|",,
57,"貪り食うもの+",38,79,,"__NAME__の発動に必要なアクションカードの値を1緩和する, この効果で条件値は0にならない|",,"Glutton +","Glouton +","신체의 조정","贪食者 +","貪食者 +","The Devourer","ผู้หิวโหย","Reduce action cards needed for __NAME__ by 1. Effect not applicable if criteria is already 1|","Réduit le nombre de cartes nécessaires à __NAME__ de 1. Effet non applicable lorsque le critère est déjà de 1.|",,"__NAME__发动此技能所需要的行动卡值-1，此效果不会让条件值少於1|","__NAME__發動此技能所需要的行動卡值-1, 此效果不會讓條件值少於1|",,
58,"スノーボーリング+",38,83,,"__NAME__の発動に必要なアクションカードの値を1緩和する, この効果で条件値は0にならない|",,"Snow Bowling +","Boule de neige +","눈덩이","裂地冰牙 +","裂地冰牙 +","Snow Bowling","Snow Bowling","Reduce action cards needed for __NAME__ by 1. Effect not applicable if criteria is already 1|","Réduit le nombre de cartes nécessaires à __NAME__ de 1. Effet non applicable lorsque le critère est déjà de 1.|",,"__NAME__发动此技能所需要的行动卡值-1，此效果不会让条件值少於1|","__NAME__發動此技能所需要的行動卡值-1, 此效果不會讓條件值少於1|",,
59,"レイザーズエッジ+",38,87,,"__NAME__の発動に必要なアクションカードの値を1緩和する, この効果で条件値は0にならない|",,"Razor's Edge +","Laser's Edge +","시공의 뒤틀림","时空分断刀 +","時空分斷刀 +","Razor's Edge","Laser's Edge","Reduce action cards needed for __NAME__ by 1. Effect not applicable if criteria is already 1|","Réduit le nombre de cartes nécessaires à __NAME__ de 1. Effet non applicable lorsque le critère est déjà de 1.|",,"__NAME__发动此技能所需要的行动卡值-1，此效果不会让条件值少於1|","__NAME__發動此技能所需要的行動卡值-1, 此效果不會讓條件值少於1|",,
60,"マシンガン+",38,98,,"__NAME__の発動に必要なアクションカードの値を1緩和する, この効果で条件値は0にならない|",,"Machinegun +","Machinegun +","기관총","机枪扫射 +","機槍掃射 +","Machine Gun","Machine Gun","Reduce action cards needed for __NAME__ by 1. Effect not applicable if criteria is already 1|","Réduit le nombre de cartes nécessaires à __NAME__ de 1. Effet non applicable lorsque le critère est déjà de 1.|",,"__NAME__发动此技能所需要的行动卡值-1，此效果不会让条件值少於1|","__NAME__發動此技能所需要的行動卡值-1, 此效果不會讓條件值少於1|",,
61,"ローボール+",38,103,,"__NAME__の発動に必要なアクションカードのタイプを1つ削減する|",,"Low Ball +","Low Ball +","혼신의 일격","Lowball +","Lowball +","Low Ball","Low Ball","Reduce action cards needed for __NAME__ by 1|","Réduit le nombre de cartes nécessaires à __NAME__ de 1.|",,"发动__NAME__所需要的行动卡类型减少1|","發動__NAME__所需要的行動卡類型減少1|",,
62,"ブラストオフ+",38,107,,"__NAME__の発動に必要なアクションカードの値を1緩和する, この効果で条件値は0にならない|",,"Blast Off +","Mise à feu +","분노한 마음","回飞踢 +","迴飛踢 +","Blast Off","Blast Off","Reduce action cards needed for __NAME__ by 1. Effect not applicable if criteria is already 1|","Réduit le nombre de cartes nécessaires à __NAME__ de 1. Effet non applicable lorsque le critère est déjà de 1.|",,"__NAME__发动此技能所需要的行动卡值-1，此效果不会让条件值少於1|","__NAME__發動此技能所需要的行動卡值-1, 此效果不會讓條件值少於1|",,
63,"C.T.L+",38,109,,"__NAME__の発動に必要なアクションカードの値を1緩和する, この効果で条件値は0にならない|",,"C.T.L +","C.T.L +","C.T.L","C.T.L +","C.T.L +","C.T.L","C.T.L","Reduce action cards needed for __NAME__ by 1. Effect not applicable if criteria is already 1|","Réduit le nombre de cartes nécessaires à __NAME__ de 1. Effet non applicable lorsque le critère est déjà de 1.|",,"__NAME__发动此技能所需要的行动卡值-1，此效果不会让条件值少於1|","__NAME__發動此技能所需要的行動卡值-1, 此效果不會讓條件值少於1|",,
64,"煉獄+",38,115,,"__NAME__の発動に必要なアクションカードの値を1緩和する, この効果で条件値は0にならない|",,"Purgatory +","Purgatoire +","연옥","炼狱 +","煉獄 +","Purgatory","เพลิงโลกันต์","Reduce action cards needed for __NAME__ by 1. Effect not applicable if criteria is already 1|","Réduit le nombre de cartes nécessaires à __NAME__ de 1. Effet non applicable lorsque le critère est déjà de 1.|",,"__NAME__发动此技能所需要的行动卡值-1，此效果不会让条件值少於1|","__NAME__發動此技能所需要的行動卡值-1, 此效果不會讓條件值少於1|",,
65,"シュバルトブリッツ+",38,120,,"__NAME__の発動に必要なアクションカードの値を1緩和する, この効果で条件値は0にならない|",,"Schwert Blitz +","Schwert Blitz +","대지의 분노","漆黑迅雷 +","漆黑迅雷 +","Schwarz Blitz","Schwert Blitz","Reduce action cards needed for __NAME__ by 1. Effect not applicable if criteria is already 1|","Réduit le nombre de cartes nécessaires à __NAME__ de 1. Effet non applicable lorsque le critère est déjà de 1.|",,"__NAME__发动此技能所需要的行动卡值-1，此效果不会让条件值少於1|","__NAME__發動此技能所需要的行動卡值-1, 此效果不會讓條件值少於1|",,
66,"ディセクション+",38,124,,"__NAME__の発動に必要なアクションカードの値を1緩和する, この効果で条件値は0にならない|",,"Dissection +","Dissection +","왜곡된 힘","自我解剖 +","自我解剖 +","Dissection","Dissection","Reduce action cards needed for __NAME__ by 1. Effect not applicable if criteria is already 1|","Réduit le nombre de cartes nécessaires à __NAME__ de 1. Effet non applicable lorsque le critère est déjà de 1.|",,"__NAME__发动此技能所需要的行动卡值-1，此效果不会让条件值少於1|","__NAME__發動此技能所需要的行動卡值-1, 此效果不會讓條件值少於1|",,
67,"慈悲の青眼+",38,128,,"__NAME__の発動に必要なアクションカードの値を1緩和する, この効果で条件値は0にならない|",,"Merciful Blue Eyes +","Yeux bleus de Miséricorde +","자비의 흔적","慈悲的蓝眼 +","慈悲的藍眼 +","Sight of Mercy","ดวงตาสีฟ้าแสนเศร้า","Reduce action cards needed for __NAME__ by 1. Effect not applicable if criteria is already 1|","Réduit le nombre de cartes nécessaires à __NAME__ de 1. Effet non applicable lorsque le critère est déjà de 1.|",,"__NAME__发动此技能所需要的行动卡值-1，此效果不会让条件值少於1|","__NAME__發動此技能所需要的行動卡值-1, 此效果不會讓條件值少於1|",,
68,"葉隠+",38,130,,"__NAME__の発動に必要なアクションカードの値を1緩和する, この効果で条件値は0にならない|",,"Hide in Foliage +","Hagakure +","나뭇잎 은신","叶隐术 +","葉隱術 +","Hagakure","ฮะงะคุเระ","Reduce action cards needed for __NAME__ by 1. Effect not applicable if criteria is already 1|","Réduit le nombre de cartes nécessaires à __NAME__ de 1. Effet non applicable lorsque le critère est déjà de 1.|",,"__NAME__发动此技能所需要的行动卡值-1，此效果不会让条件值少於1|","__NAME__發動此技能所需要的行動卡值-1, 此效果不會讓條件值少於1|",,
69,"ローデシアの海+",38,135,,"__NAME__の発動に必要なアクションカードの値を1緩和する, この効果で条件値は0にならない|",,"Rhodesian Sea +","Mer de Rhodésia +","깊은 바다","罗德西亚之海 +","羅德西亞之海 +","Rhodesian Sea","มหาสมุทรโรเดเชีย","Reduce action cards needed for __NAME__ by 1. Effect not applicable if criteria is already 1|","Réduit le nombre de cartes nécessaires à __NAME__ de 1. Effet non applicable lorsque le critère est déjà de 1.|",,"__NAME__发动此技能所需要的行动卡值-1，此效果不会让条件值少於1|","__NAME__發動此技能所需要的行動卡值-1, 此效果不會讓條件值少於1|",,
70,"バトルアックス+",38,158,,"__NAME__の発動に必要なアクションカードの値を1緩和する, この効果で条件値は0にならない|",,"Battle Axe +","BattleAxe +","배틀액스","战斗巨斧 +","戰鬥巨斧 +","Battle Axe","Battle Axe","Reduce action cards needed for __NAME__ by 1. Effect not applicable if criteria is already 1|","Réduit le nombre de cartes nécessaires à __NAME__ de 1. Effet non applicable lorsque le critère est déjà de 1.|",,"__NAME__发动此技能所需要的行动卡值-1，此效果不会让条件值少於1|","__NAME__發動此技能所需要的行動卡值-1, 此效果不會讓條件值少於1|",,
71,"蒼き薔薇+",38,161,,"__NAME__の発動に必要なアクションカードの値を1緩和する, この効果で条件値は0にならない|",,"Blue Rose +","Rose de Saphir +","푸른장미","苍蓝蔷薇 +","蒼藍薔薇 +","Azure Rose","กุหลาบน้ำเงิน","Reduce action cards needed for __NAME__ by 1. Effect not applicable if criteria is already 1|","Réduit le nombre de cartes nécessaires à __NAME__ de 1. Effet non applicable lorsque le critère est déjà de 1.|",,"__NAME__发动此技能所需要的行动卡值-1，此效果不会让条件值少於1|","__NAME__發動此技能所需要的行動卡值-1, 此效果不會讓條件值少於1|",,
72,"ディジタリス+",38,167,,"__NAME__の発動に必要なアクションカードの値を1緩和する, この効果で条件値は0にならない|",,"Digitalis +","Digitale +","제야","洋地黄 +","洋地黃 +","Digitalis","Digitalis","Reduce action cards needed for __NAME__ by 1. Effect not applicable if criteria is already 1|","Réduit le nombre de cartes nécessaires à __NAME__ de 1. Effet non applicable lorsque le critère est déjà de 1.|",,"__NAME__发动此技能所需要的行动卡值-1，此效果不会让条件值少於1|","__NAME__發動此技能所需要的行動卡值-1, 此效果不會讓條件值少於1|",,
73,"八葉+",38,169,,"__NAME__の発動に必要なアクションカードの値を1緩和する, この効果で条件値は0にならない|",,"Lotus Flower +","Fleur de Lotus +","여덟 잎","八叶 +","八葉 +","Hachiyo","ดอกบัว","Reduce action cards needed for __NAME__ by 1. Effect not applicable if criteria is already 1|","Réduit le nombre de cartes nécessaires à __NAME__ de 1. Effet non applicable lorsque le critère est déjà de 1.|",,"__NAME__发动此技能所需要的行动卡值-1，此效果不会让条件值少於1|","__NAME__發動此技能所需要的行動卡值-1, 此效果不會讓條件值少於1|",,
74,"愚者の手+",38,177,,"__NAME__の発動に必要なアクションカードの値を1緩和する, この効果で条件値は0にならない|",,"Hand of Folly +","Folie +","우둔한 자의 손","愚者之手 +","愚者之手 +","Hands of Fool","มือคนเขลา","Reduce action cards needed for __NAME__ by 1. Effect not applicable if criteria is already 1|","Réduit le nombre de cartes nécessaires à __NAME__ de 1. Effet non applicable lorsque le critère est déjà de 1.|",,"__NAME__发动此技能所需要的行动卡值-1，此效果不会让条件值少於1|","__NAME__發動此技能所需要的行動卡值-1, 此效果不會讓條件值少於1|",,
75,"ザ・ジャッジ+",38,181,,"__NAME__の発動に必要なアクションカードの値を1緩和する, この効果で条件値は0にならない|",,"Judgment +","Juge +","심판","审判 +","『審判』 +","The Judge","The Judge","Reduce action cards needed for __NAME__ by 1. Effect not applicable if criteria is already 1|","Réduit le nombre de cartes nécessaires à __NAME__ de 1. Effet non applicable lorsque le critère est déjà de 1.|",,"__NAME__发动此技能所需要的行动卡值-1，此效果不会让条件值少於1|","__NAME__發動此技能所需要的行動卡值-1, 此效果不會讓條件值少於1|",,
76,"シルバーマシン+",38,185,,"__NAME__の発動に必要なアクションカードの値を1緩和する, この効果で条件値は0にならない|",,"Silver Mechanism +","Machine Argenté +","실버머신","白银战机 +","白銀戰機 +","Silver Machine","Silver Machine","Reduce action cards needed for __NAME__ by 1. Effect not applicable if criteria is already 1|","Réduit le nombre de cartes nécessaires à __NAME__ de 1. Effet non applicable lorsque le critère est déjà de 1.|",,"__NAME__发动此技能所需要的行动卡值-1，此效果不会让条件值少於1|","__NAME__發動此技能所需要的行動卡值-1, 此效果不會讓條件值少於1|",,
77,"デッドロック+",38,189,,"__NAME__の発動に必要なアクションカードの値を1緩和する, この効果で条件値は0にならない|",,"Deadlock +","Deadlock +","데드록","异空僵局 +","異空僵局 +","Deadlock","Deadlock","Reduce action cards needed for __NAME__ by 1. Effect not applicable if criteria is already 1|","Réduit le nombre de cartes nécessaires à __NAME__ de 1. Effet non applicable lorsque le critère est déjà de 1.|",,"__NAME__发动此技能所需要的行动卡值-1，此效果不会让条件值少於1|","__NAME__發動此技能所需要的行動卡值-1, 此效果不會讓條件值少於1|",,
78,"慟哭の歌+",38,193,,"__NAME__の発動に必要なアクションカードの値を1緩和する, この効果で条件値は0にならない|",,"Song of Lament +","Chanson de Sanglot +","통곡의 노래","恸哭之歌 +","慟哭之歌 +","Song of Lament","เพลงร่ำไห้","Reduce action cards needed for __NAME__ by 1. Effect not applicable if criteria is already 1|","Réduit le nombre de cartes nécessaires à __NAME__ de 1. Effet non applicable lorsque le critère est déjà de 1.|",,"__NAME__发动此技能所需要的行动卡值-1，此效果不会让条件值少於1|","__NAME__發動此技能所需要的行動卡值-1, 此效果不會讓條件值少於1|",,
79,"タイムボム+",38,198,,"__NAME__の発動に必要なアクションカードの値を1緩和する, この効果で条件値は0にならない|",,"Timebomb +","Bombe à Retardement +","타임 봄","时间爆弹 +","時間爆彈 +","Time Bomb","Time Bomb","Reduce action cards needed for __NAME__ by 1. Effect not applicable if criteria is already 1|","Réduit le nombre de cartes nécessaires à __NAME__ de 1. Effet non applicable lorsque le critère est déjà de 1.|",,"__NAME__发动此技能所需要的行动卡值-1，此效果不会让条件值少於1|","__NAME__發動此技能所需要的行動卡值-1, 此效果不會讓條件值少於1|",,
80,"自棄のソナタ+",38,201,,"__NAME__の発動に必要なアクションカードの値を1緩和する, この効果で条件値は0にならない|",,"Desolate Sonata +","Sonate de Déspoir +","검투사의 행진곡","自弃的奏鸣曲 +","自棄的奏鳴曲 +","March of Gladiators","มาร์ชนักดาบ","Reduce action cards needed for __NAME__ by 1. Effect not applicable if criteria is already 1|","Réduit le nombre de cartes nécessaires à __NAME__ de 1. Effet non applicable lorsque le critère est déjà de 1.|",,"__NAME__发动此技能所需要的行动卡值-1，此效果不会让条件值少於1|","__NAME__發動此技能所需要的行動卡值-1, 此效果不會讓條件值少於1|",,
81,"たのしい採血+",38,206,,"__NAME__の発動に必要なアクションカードの値を1緩和する, この効果で条件値は0にならない|",,"Pleasant Transfusion +","Prise de Sang  +","즐거운 채혈","愉快抽血 +","愉快抽血 +","Exsanguination","เจาะเลือดแสนสนุก","Reduce action cards needed for __NAME__ by 1. Effect not applicable if criteria is already 1|","Réduit le nombre de cartes nécessaires à __NAME__ de 1. Effet non applicable lorsque le critère est déjà de 1.|",,"__NAME__发动此技能所需要的行动卡值-1，此效果不会让条件值少於1|","__NAME__發動此技能所需要的行動卡值-1, 此效果不會讓條件值少於1|",,
82,"グッドウィル+",38,214,,"__NAME__の発動に必要なアクションカードの値を1緩和する, この効果で条件値は0にならない|",,"Good Will +","Good Will +","굿 윌","祝善之意 +","祝善之意 +","Goodwill","Good Will","Reduce action cards needed for __NAME__ by 1. Effect not applicable if criteria is already 1|","Réduit le nombre de cartes nécessaires à __NAME__ de 1. Effet non applicable lorsque le critère est déjà de 1.|",,"__NAME__发动此技能所需要的行动卡值-1，此效果不会让条件值少於1|","__NAME__發動此技能所需要的行動卡值-1, 此效果不會讓條件值少於1|",,
83,"転生輪廻+",38,218,,"__NAME__の発動に必要なアクションカードの値を1緩和する, この効果で条件値は0にならない|",,"Transmigratory Cycle +","Métempsychose +","전생윤회","转生轮回 +","轉生輪迴 +","Metempsychosis","สงสารวัฏ","Reduce action cards needed for __NAME__ by 1. Effect not applicable if criteria is already 1|","Réduit le nombre de cartes nécessaires à __NAME__ de 1. Effet non applicable lorsque le critère est déjà de 1.|",,"__NAME__发动此技能所需要的行动卡值-1，此效果不会让条件值少於1|","__NAME__發動此技能所需要的行動卡值-1, 此效果不會讓條件值少於1|",,
84,"懶惰の呻き+",38,221,,"__NAME__の発動に必要なアクションカードの値を1緩和する, この効果で条件値は0にならない|",,"Moan of Apathy +","Gémissement d'unnui +","나태의 신음","懒惰的呻吟 +","懶惰的呻吟 +","Languid Groan","เสียงครางอันเกียจคร้าน","Reduce action cards needed for __NAME__ by 1. Effect not applicable if criteria is already 1|","Réduit le nombre de cartes nécessaires à __NAME__ de 1. Effet non applicable lorsque le critère est déjà de 1.|",,"__NAME__发动此技能所需要的行动卡值-1，此效果不会让条件值少於1|","__NAME__發動此技能所需要的行動卡值-1, 此效果不會讓條件值少於1|",,
85,"冬の夢+",38,225,,"__NAME__の発動に必要なアクションカードの値を1緩和する, この効果で条件値は0にならない|",,"Winter Dream +","Rêve d'hiver +","겨울의 꿈","冬之梦 +","冬之夢 +","Winters' Dream","ฝันเหมันต์","Reduce action cards needed for __NAME__ by 1. Effect not applicable if criteria is already 1|","Réduit le nombre de cartes nécessaires à __NAME__ de 1. Effet non applicable lorsque le critère est déjà de 1.|",,"__NAME__发动此技能所需要的行动卡值-1，此效果不会让条件值少於1|","__NAME__發動此技能所需要的行動卡值-1, 此效果不會讓條件值少於1|",,
86,"Rud・913+",38,228,,"__NAME__の発動に必要なアクションカードの値を1緩和する, この効果で条件値は0にならない|",,"Rud 913 +","Rud-913 +","Rud-913","Rud-913 +","Rud-913 +",,"Rud-913","Reduce action cards needed for __NAME__ by 1. Effect not applicable if criteria is already 1|","Réduit le nombre de cartes nécessaires à __NAME__ de 1. Effet non applicable lorsque le critère est déjà de 1.|",,"__NAME__发动此技能所需要的行动卡值-1，此效果不会让条件值少於1|","__NAME__發動此技能所需要的行動卡值-1, 此效果不會讓條件值少於1|",,
87,"フォイルニスゼーレ+",38,239,,"__NAME__の発動に必要なアクションカードの値を1緩和する, この効果で条件値は0にならない|",,"Fäulnis Seele +","Fäulnis Seele +","포일니스 제레","腐朽之灵 +","腐朽之靈 +",,,"Reduce action cards needed for __NAME__ by 1. Effect not applicable if criteria is already 1|","Réduit le nombre de cartes nécessaires à __NAME__ de 1. Effet non applicable lorsque le critère est déjà de 1.|",,"__NAME__发动此技能所需要的行动卡值-1，此效果不会让条件值少於1|","__NAME__發動此技能所需要的行動卡值-1, 此效果不會讓條件值少於1|",,
88,"魂魄の贄+",38,245,,"__NAME__の発動に必要なアクションカードの値を1緩和する, この効果で条件値は0にならない|",,"Spirit Offering +","Victime de l'âme +","혼백의 제물","魂魄的奉礼 +","魂魄的奉禮 +",,,"Reduce action cards needed for __NAME__ by 1. Effect not applicable if criteria is already 1|","Réduit le nombre de cartes nécessaires à __NAME__ de 1. Effet non applicable lorsque le critère est déjà de 1.|",,"__NAME__发动此技能所需要的行动卡值-1，此效果不会让条件值少於1|","__NAME__發動此技能所需要的行動卡值-1, 此效果不會讓條件值少於1|",,
89,"ドリームステッキ+",38,248,,"__NAME__の発動に必要なアクションカードの値を1緩和する, この効果で条件値は0にならない|",,"Dream Stick +","Canne du Rêve +","드림스틱","梦幻魔杖 +","夢幻魔杖 +",,,"Reduce action cards needed for __NAME__ by 1. Effect not applicable if criteria is already 1|","Réduit le nombre de cartes nécessaires à __NAME__ de 1. Effet non applicable lorsque le critère est déjà de 1.|",,"__NAME__发动此技能所需要的行动卡值-1，此效果不会让条件值少於1|","__NAME__發動此技能所需要的行動卡值-1, 此效果不會讓條件值少於1|",,
90,"鮮烈なる邪光+",38,252,,"__NAME__の発動に必要なアクションカードの値を1緩和する, この効果で条件値は0にならない|",,"Vivid Flash of Evilness +","Lumière Perverse +","빛나는 사안","鲜明的邪光 +","鮮明的邪光 +",,,"Reduce action cards needed for __NAME__ by 1. Effect not applicable if criteria is already 1|","Réduit le nombre de cartes nécessaires à __NAME__ de 1. Effet non applicable lorsque le critère est déjà de 1.|",,"__NAME__发动此技能所需要的行动卡值-1，此效果不会让条件值少於1|","__NAME__發動此技能所需要的行動卡值-1, 此效果不會讓條件值少於1|",,
91,"曲悪の安寧+",38,271,,"__NAME__の発動に必要なアクションカードの値を1緩和する, この効果で条件値は0にならない|",,"Wicked Peace +","La paix de Méchanceté +",,"曲恶的安宁 +","曲惡的安寧 +",,,"Reduce action cards needed for __NAME__ by 1. Effect not applicable if criteria is already 1|","Réduit le nombre de cartes nécessaires à __NAME__ de 1. Effet non applicable lorsque le critère est déjà de 1.|",,"__NAME__发动此技能所需要的行动卡值-1，此效果不会让条件值少於1|","__NAME__發動此技能所需要的行動卡值-1, 此效果不會讓條件值少於1|",,
92,"パピリオサルタンス+",38,277,,"__NAME__の発動に必要なアクションカードの値を1緩和する, この効果で条件値は0にならない|",,"Papiliosaltans +","Papiliosaltans +",,"蝶舞 +","蝶舞 +",,,"Reduce action cards needed for __NAME__ by 1. Effect not applicable if criteria is already 1|","Réduit le nombre de cartes nécessaires à __NAME__ de 1. Effet non applicable lorsque le critère est déjà de 1.|",,"__NAME__发动此技能所需要的行动卡值-1，此效果不会让条件值少於1|","__NAME__發動此技能所需要的行動卡值-1, 此效果不會讓條件值少於1|",,
93,"抱擁する結界+",38,292,,"__NAME__の発動に必要なアクションカードの値を1緩和する, この効果で条件値は0にならない|",,"Embracing Ward +","Embrassade infranchissable +",,"抱拥结界 +","抱擁結界 +",,,"Reduce action cards needed for __NAME__ by 1. Effect not applicable if criteria is already 1|","Réduit le nombre de cartes nécessaires à __NAME__ de 1. Effet non applicable lorsque le critère est déjà de 1.|",,"__NAME__发动此技能所需要的行动卡值-1，此效果不会让条件值少於1|","__NAME__發動此技能所需要的行動卡值-1, 此效果不會讓條件值少於1|",,
94,"何処を見てやがる！+",38,305,,"__NAME__の発動に必要なアクションカードのタイプを1つ削減する|",,"Where the hell are you lookin' at! +","Qu'est-ce que tu regardes ? +",,"你是在看哪里！ +","你是在看哪裡！ +",,,"Reduce action cards needed for __NAME__ by 1|","Réduit le nombre de cartes nécessaires à __NAME__ de 1.|",,"发动__NAME__所需要的行动卡类型减少1|","發動__NAME__所需要的行動卡類型減少1|",,
95,"ピアノを弾く+",38,317,,"__NAME__の発動に必要なアクションカードの値を1緩和する, この効果で条件値は0にならない|",,"Playing Piano +","Jouer du piano +",,"弹钢琴 +","彈鋼琴 +",,,"Reduce action cards needed for __NAME__ by 1. Effect not applicable if criteria is already 1|","Réduit le nombre de cartes nécessaires à __NAME__ de 1. Effet non applicable lorsque le critère est déjà de 1.|",,"__NAME__发动此技能所需要的行动卡值-1，此效果不会让条件值少於1|","__NAME__發動此技能所需要的行動卡值-1, 此效果不會讓條件值少於1|",,
96,"ピアノを弾く+",38,317,,"__NAME__の発動に必要なアクションカードの値を1緩和する, この効果で条件値は0にならない|",,"Playing Piano +","Jouer du piano +",,"弹钢琴 +","彈鋼琴 +",,,"Reduce action cards needed for __NAME__ by 1. Effect not applicable if criteria is already 1|","Réduit le nombre de cartes nécessaires à __NAME__ de 1. Effet non applicable lorsque le critère est déjà de 1.|",,"__NAME__发动此技能所需要的行动卡值-1，此效果不会让条件值少於1|","__NAME__發動此技能所需要的行動卡值-1, 此效果不會讓條件值少於1|",,
97,"万物の杖+",38,321,,"__NAME__の発動に必要なアクションカードの値を1緩和する, この効果で条件値は0にならない|",,"Staff of All Things +","Canne Universelle +",,"万物之杖 +","萬物之杖 +",,,"Reduce action cards needed for __NAME__ by 1. Effect not applicable if criteria is already 1|","Réduit le nombre de cartes nécessaires à __NAME__ de 1. Effet non applicable lorsque le critère est déjà de 1.|",,"__NAME__发动此技能所需要的行动卡值-1，此效果不会让条件值少於1|","__NAME__發動此技能所需要的行動卡值-1, 此效果不會讓條件值少於1|",,
98,"アクアストリーム+",38,335,,"__NAME__の発動に必要なアクションカードの値を1緩和する, この効果で条件値は0にならない|",,"Water Spear +","Aqua Stream +",,"锐水流枪 +","銳水流槍 +",,,"Reduce action cards needed for __NAME__ by 1. Effect not applicable if criteria is already 1|","Réduit le nombre de cartes nécessaires à __NAME__ de 1. Effet non applicable lorsque le critère est déjà de 1.|",,"__NAME__发动此技能所需要的行动卡值-1，此效果不会让条件值少於1|","__NAME__發動此技能所需要的行動卡值-1, 此效果不會讓條件值少於1|",,
99,"リタリエイション+",38,340,,"__NAME__の発動に必要なアクションカードの値を1緩和する, この効果で条件値は0にならない|",,"Retribution +","Représailles +",,"报复回击 +","報復回擊 +",,,"Reduce action cards needed for __NAME__ by 1. Effect not applicable if criteria is already 1|","Réduit le nombre de cartes nécessaires à __NAME__ de 1. Effet non applicable lorsque le critère est déjà de 1.|",,"__NAME__发动此技能所需要的行动卡值-1，此效果不会让条件值少於1|","__NAME__發動此技能所需要的行動卡值-1, 此效果不會讓條件值少於1|",,
100,"惑わしの一幕+",38,349,,"__NAME__の発動に必要なアクションカードの値を1緩和する, この効果で条件値は0にならない|",,"Illusions +","Acte d'Illusion +",,"幻惑的一幕 +","幻惑的一幕 +",,,"Reduce action cards needed for __NAME__ by 1. Effect not applicable if criteria is already 1|","Réduit le nombre de cartes nécessaires à __NAME__ de 1. Effet non applicable lorsque le critère est déjà de 1.|",,"__NAME__发动此技能所需要的行动卡值-1，此效果不会让条件值少於1|","__NAME__發動此技能所需要的行動卡值-1, 此效果不會讓條件值少於1|",,
101,"シンクアイビー+",38,352,,"__NAME__の発動に必要なアクションカードの値を1緩和する, この効果で条件値は0にならない|",,"Sink Ivy +","Sink Ivy +",,"陷落常春藤 +","陷落常春藤 +",,,"Reduce action cards needed for __NAME__ by 1. Effect not applicable if criteria is already 1|","Réduit le nombre de cartes nécessaires à __NAME__ de 1. Effet non applicable lorsque le critère est déjà de 1.|",,"__NAME__发动此技能所需要的行动卡值-1，此效果不会让条件值少於1|","__NAME__發動此技能所需要的行動卡值-1, 此效果不會讓條件值少於1|",,
102,"影縫い+",38,356,,"__NAME__の発動に必要なアクションカードの値を1緩和する, この効果で条件値は0にならない|",,"Shadow Sewing +","Shadow Sealing +",,"缝影 +","縫影 +",,,"Reduce action cards needed for __NAME__ by 1. Effect not applicable if criteria is already 1|","Réduit le nombre de cartes nécessaires à __NAME__ de 1. Effet non applicable lorsque le critère est déjà de 1.|",,"__NAME__发动此技能所需要的行动卡值-1，此效果不会让条件值少於1|","__NAME__發動此技能所需要的行動卡值-1, 此效果不會讓條件值少於1|",,
103,"ホーラの法則+",38,360,,"__NAME__の発動に必要なアクションカードの値を1緩和する, この効果で条件値は0にならない|",,"Law of Horror +","Loi de l'Horreur +",,"恐惧的法则 +","恐懼的法則 +",,,"Reduce action cards needed for __NAME__ by 1. Effect not applicable if criteria is already 1|","Réduit le nombre de cartes nécessaires à __NAME__ de 1. Effet non applicable lorsque le critère est déjà de 1.|",,"__NAME__发动此技能所需要的行动卡值-1，此效果不会让条件值少於1|","__NAME__發動此技能所需要的行動卡值-1, 此效果不會讓條件值少於1|",,
104,"耐病抵抗",32,0,,"「封印」状態になる確率が低い|病気が少なく健やかに育つ",,"Illness Resistance","Soul Imitation +",,"耐病抵抗","耐病抵抗",,,"The percentage of being [seal] is very low|Can grow up with little sickness and stay healthy.","Les chances que vous souffriez de <Sceau> sont moins importantes. | Grandir sainement, sans souffrir de maladie.",,"被「封印」的机率很低|不常生病健康地成长。","被「封印」的機率很低|不常生病健康地成長。",,
105,"収穫",39,4,,"HP1/2以下で発動, 山札から__POW__枚ドロー, カードが銃カードならば自身へ、それ以外ならば相手に配る|奇怪な副産物が目に付く",,"Harvest","Contre-attaque +",,"收穫","收穫",,,"Initiated when the HP is below 1/2. Draw __POW__ cards from the deck. The gun cards will remain in the player's hand cards and the rest of the cards will be given to the opponent|Weird byproduct materials that arouse one's interest.","Lorsque votre HP est inférieur à la moitié lors de l'activation, vous tirez __POW__ cartes de votre pioche. Gardez la (les) si l'une des cartes est une carte <fusil>. Sinon, distribuez la (les) à votre adversaire. | Un étrange effet secondaire apparaît.",,"於HP1/2以下时发动，从公牌中抽取__POW__张卡片，其中的枪卡保留在自己手牌，其他的卡片则发给对战对手|令人在意的奇怪副产物。","於HP1/2以下時發動，從公牌中抽取__POW__張卡片，其中的槍卡保留在自己手牌，其他的卡片則發給對戰對手|令人在意的奇怪副產物。",,
106,"T.D.",40,2,,"自身をランダムに強化|異界の科学により自身を強化する",,"T.D.","Jonction D +",,"T.D.","T.D.",,,"The player will randomly obtain status increases|Strengthen oneself with technology from another world.","Vous renforcez vos capacités de manière aléatoire. | Grâce à la science d'un monde parallèle, vous augmentez votre puissance.",,"自己随机得到强化状态|藉由异界的科学让自身获得强化。","自己隨機得到強化狀態|藉由異界的科學讓自身獲得強化。",,
107,"ムーンシャイン",41,2,,"攻撃時、相手の特殊カードを2枚まで破棄し、枚数分のダメージを与える(攻撃力0の場合無効)|ケイオシウムの力を放出する",,"Moon Shine","Moonshine",,"月光","月光",,,"The player can destroy the maximum of 2 opponent's special cards when launching attack and costs direct DMG that is equivalent to the amount of cards destroyed (it will be invalid if the offense is 0)|Release the power of chaotic elements.","Lors de la phase d'attaque, détruisez jusqu'à 2 cartes spéciales de votre adversaire et attribuez-lui le même nombre de dommages que de cartes (ne fonctionne pas lorsque votre capacité d'attaque est de O). | Relâchez la puissance du Chaosium.",,"攻击时，破坏最多2张对手特殊卡，并造成与破坏张数等值的直接伤害(攻击力0的时候无效)|释放出混沌元素的力量。","攻擊時，破壞最多2張對手特殊卡，並造成與破壞張數等值的直接傷害(攻擊力0的時候無效)|釋放出混沌元素的力量。",,
108,"豊穣符",42,4,,"ドローフェイズに新たに引いた銃カードの枚数÷2だけ攻撃力上昇(切り上げ, 1ターン)|",,"Charm of Harvest","Carte de Récolte",,"丰收符","豐收符",,,"Boost attack by the number of gun cards drawn during the Draw Phase / 2 (rounded up, 1 round)","Augmentation de la puissance des cartes fusil / 2 obtenues lors de la phase de distribution (1 tour).",,"攻击力增加与抽牌阶段新抽的枪卡张数÷2等值的数值(尾数进位，1回合)","攻擊力增加與抽牌階段新抽的槍卡張數÷2等值的數值(尾數進位，1回合)",,
109,"踏みつけられた魂",43,0,,"「封印」状態になる確率が低い|憂憤に満ちて",,"Trampled Spirit","Âme Piétinée",,"被践踏的灵魂","被踐踏的靈魂",,,"The percentage of being [seal] is very low|Depressed and angry","Vos chances de subir un [Sceau] sont réduites.|Vous baignez dans la peine et la colère",,"被「封印」的机率很低|充满着忧鬱与愤怒","被「封印」的機率很低|充滿著憂鬱與憤怒",,
110,"ソウルイミテーション+",38,369,,"__NAME__の発動に必要なアクションカードの値を1緩和する, この効果で条件値は0にならない|",,"Soul Imitation +","Soul Imitation +",,"灵魂仿製 +","靈魂仿製 +",,,"Reduce action cards needed for __NAME__ by 1. Effect not applicable if criteria is already 1|","Réduit le nombre de cartes nécessaires à __NAME__ de 1. Effet non applicable lorsque le critère est déjà de 1.|",,"__NAME__发动此技能所需要的行动卡值-1，此效果不会让条件值少於1|","__NAME__發動此技能所需要的行動卡值-1, 此效果不會讓條件值少於1|",,
111,"逆襲する引力+",38,374,,"__NAME__の発動に必要なアクションカードの値を1緩和する, この効果で条件値は0にならない|",,"Strike of Gravity +","Contre-attaque +",,"逆袭引力 +","逆襲引力 +",,,"Reduce action cards needed for __NAME__ by 1. Effect not applicable if criteria is already 1|","Réduit le nombre de cartes nécessaires à __NAME__ de 1. Effet non applicable lorsque le critère est déjà de 1.|",,"__NAME__发动此技能所需要的行动卡值-1，此效果不会让条件值少於1|","__NAME__發動此技能所需要的行動卡值-1, 此效果不會讓條件值少於1|",,
112,"D・ジャンクション+",38,63,,"__NAME__の発動に必要なアクションカードの値を1緩和する, この効果で条件値は0にならない|",,"Dimensional Crossing +","Jonction D +",,"次元交错 +","次元交錯 +",,,"Reduce action cards needed for __NAME__ by 1. Effect not applicable if criteria is already 1|","Réduit le nombre de cartes nécessaires à __NAME__ de 1. Effet non applicable lorsque le critère est déjà de 1.|",,"__NAME__发动此技能所需要的行动卡值-1，此效果不会让条件值少於1|","__NAME__發動此技能所需要的行動卡值-1, 此效果不會讓條件值少於1|",,
113,"パープルランページ+",38,386,,"__NAME__の発動に必要なアクションカードの値を1緩和する, この効果で条件値は0にならない|",,"Purple Rampage +","Purple Rampage +",,"紫色狂躁 +","紫色狂躁 +",,,"Reduce action cards needed for __NAME__ by 1. Effect not applicable if criteria is already 1|","Réduit le nombre de cartes nécessaires à __NAME__ de 1. Effet non applicable lorsque le critère est déjà de 1.|",,"__NAME__发动此技能所需要的行动卡值-1，此效果不会让条件值少於1|","__NAME__發動此技能所需要的行動卡值-1, 此效果不會讓條件值少於1|",,
114,"A.W.C.S.",44,0,,"特定距離で防御スキルの性能が向上, その他の距離で被ダメージ増加|状況に合わせ武装を換装する",,"A.W.C.S.","A.W.C.S.",,"A.W.C.S.","A.W.C.S.",,,"Defense increases at certain distances, damage received will be increased at other distances.| Change your gear based on your situation","Lorsque vous êtes à la bonne distance, votre capacité de défense augmente. Lorsque vous êtes à une autre distance, votre capacité à infliger des dommages augmente.|Selon la situation, vous changez d'arme. ",,"於特定距离时防禦技能效果增强，其他距离时受到的伤害增加|配合状况更换武装","於特定距離時防禦技能效果增強，其他距離時受到的傷害增加|配合狀況更換武裝",,
115,"装甲板",45,0,,"「毒」「麻痺」「封印」状態にかかる確率が低い|あらゆる攻撃を撥ね付ける装甲",,"Armored Plates","Bouclier blindé",,"装甲板","裝甲板",,,"Reduce your chances of being [POISONED], [PARALYZED], and [SEALED].|Armor for deflecting all attacks ","Votre pourcentage de chance de souffrir de [Poison], [Paralysie] et [Sceau] baisse.|Armement capable de repousser différentes sortes d'attaques.",,"被附上「毒」「麻痹」「封印」状态的机率低。|反弹一切攻击的装甲　","被附上「毒」「麻痺」「封印」狀態的機率低。|反彈一切攻擊的裝甲　",,
116,"トレイドの仇敵",46,1,,"グリュンワルド、エイダ、フロレンス、ヴィルヘルムから受けるダメージが1.5倍になる|トレイド永久要塞へ侵攻したガレオンの自律兵器(イベント期間のみ有効)",,"Treide's Nemesis","Albion de Treide",,"托雷依德的仇敌","托雷依德的仇敵",,,"Boosts attacks by 1.5 times when attacked by Grunwald, Ada, Florence, and Wilhelm|An autonomous weapon on a ship attacking the Eternal Fortress. (Only effective during the event)","Les dommages infligés par Grunwald, Ada, Florence et Wilhelm sont multipliés par 1,5.|Arme propre au Galléon qui a attaqué la Forteresse de Treide (ne peut être utilisé que lors de l'événement).",,"受到来自古鲁瓦尔多、艾妲、佛罗伦斯、威廉的攻击时伤害增加到1.5倍|进攻托雷依德永久要塞的武装船自律兵器(仅限活动期间内有效)","受到來自古魯瓦爾多、艾妲、佛羅倫斯、威廉的攻擊時傷害增加到1.5倍|進攻托雷依德永久要塞的武裝船自律兵器(僅限活動期間內有效)",,
117,"拒絶の余光+",38,392,,"__NAME__の発動に必要なアクションカードの値を1緩和する, この効果で条件値は0にならない|",,"Light of Denial +","Lumière du Déni +",,"拒绝余光 +","拒絕餘光 +",,,"Reduce action cards needed for __NAME__ by 1. Effect not applicable if criteria is already 1|","Réduit le nombre de cartes nécessaires à __NAME__ de 1. Effet non applicable lorsque le critère est déjà de 1.|",,"__NAME__发动此技能所需要的行动卡值-1，此效果不会让条件值少於1|","__NAME__發動此技能所需要的行動卡值-1, 此效果不會讓條件值少於1|",,
118,"ストライクコメット+",38,218,,"__NAME__の発動に必要なアクションカードの値を1緩和する, この効果で条件値は0にならない|",,"Comet Strike +","Comète +",,"强袭彗星+","強襲彗星+",,,"Reduce action cards needed for __NAME__ by 1. Effect not applicable if criteria is already 1|","Réduit le nombre de cartes nécessaires à __NAME__ de 1. Effet non applicable lorsque le critère est déjà de 1.|",,"__NAME__发动此技能所需要的行动卡值-1，此效果不会让条件值少於1|","__NAME__發動此技能所需要的行動卡值-1, 此效果不會讓條件值少於1|",,
119,"パニックグレネード+",38,397,,"__NAME__の発動に必要なアクションカードの値を1緩和する, この効果で条件値は0にならない|",,"Panic Grenade +","Lance-grenades +",,"恐慌榴弹+","恐慌榴彈+",,,"Reduce action cards needed for __NAME__ by 1. Effect not applicable if criteria is already 1|","Réduit le nombre de cartes nécessaires à __NAME__ de 1. Effet non applicable lorsque le critère est déjà de 1.|",,"__NAME__发动此技能所需要的行动卡值-1，此效果不会让条件值少於1|","__NAME__發動此技能所需要的行動卡值-1, 此效果不會讓條件值少於1|",,
120,"岩石割り x1.5",47,1,,"カカオの精霊に与えるダメージが1.5倍になる|",,"Rock Crusher x 1.5","Roc divisé en approche x1.5",,"破岩 x1.5","破岩 x1.5",,,"Increase damage to Cocoa fruit fairies by 1.5 times","Les dommages infligés à l'Esprit sont multipliés par 1,5.",,"对可可果的精灵造成的伤害变为1.5倍","對可可果的精靈造成的傷害變為1.5倍",,
121,"岩石割り x2",47,2,,"カカオの精霊に与えるダメージが2倍になる|",,"Rock Crusher x 2","Roc divisé en approche x2",,"破岩 x2","破岩 x2",,,"Increase damage to Cocoa fruit fairies by 2 times","Les dommages infligés à l'Esprit sont multipliés par 2.",,"对可可果的精灵造成的伤害变为2倍","對可可果的精靈造成的傷害變為2倍",,
122,"岩石割り x3",47,3,,"カカオの精霊に与えるダメージが3倍になる|",,"Rock Crusher x 3","Roc divisé en approche x3",,"破岩 x3","破岩 x3",,,"Increase damage to Cocoa fruit fairies by 3 times","Les dommages infligés à l'Esprit sont multipliés par 3.",,"对可可果的精灵造成的伤害变为3倍","對可可果的精靈造成的傷害變為3倍",,
123,"凝縮された精霊石",32,0,,"「封印」状態になる確率が低い|精霊により凝縮された力の根源",,"Coagulate Stones of Fairies","Roc rapetissé de l'esprit du cacao",,"凝聚的精灵石","凝聚的精靈石",,,"Decrease chances of being Sealed.|An energy source coagulated by fairies.","Vos chances de subir [Sceau] sont plus faibles.|Source de puissance condensée par l'Esprit. ",,"被附上「封印」状态的机率低。|由精灵凝聚而成的力量之源。","被附上「封印」狀態的機率低。|由精靈凝聚而成的力量之源。",,
124,"マジストラ+",38,402,,"__NAME__の発動に必要なアクションカードの値を1緩和する, この効果で条件値は0にならない|",,"Marcus +","Magistrat+",,"玛基斯托+","瑪基斯托+",,,"Reduce action cards needed for __NAME__ by 1. Effect not applicable if criteria is already 1|","Réduit le nombre de cartes nécessaires à __NAME__ de 1. Effet non applicable lorsque le critère est déjà de 1.|",,"__NAME__发动此技能所需要的行动卡值-1，此效果不会让条件值少於1|","__NAME__發動此技能所需要的行動卡值-1, 此效果不會讓條件值少於1|",,
125,"勇猛の儀+",38,405,,"__NAME__の発動に必要なアクションカードの値を1緩和する, この効果で条件値は0にならない|",,"Ceremony of the Brave +","Cérémonie du Courage+",,"勇猛的仪式+","勇猛的儀式+",,,"Reduce action cards needed for __NAME__ by 1. Effect not applicable if criteria is already 1|","Réduit le nombre de cartes nécessaires à __NAME__ de 1. Effet non applicable lorsque le critère est déjà de 1.|",,"__NAME__发动此技能所需要的行动卡值-1，此效果不会让条件值少於1|","__NAME__發動此技能所需要的行動卡值-1, 此效果不會讓條件值少於1|",,
126,"交錯する影",48,0,,"ターン開始時、自身のHPを相手の現在HPまで回復する|",,"Entwined Shadows","Ombre enchevêtrée",,"交错之影","交錯之影",,,"When a round starts, restore the same amount of HP you have as the opponent's.","Au début du tour, votre HP remonte au niveau de l'HP de votre adversaire. |",,"回合开始时，自己的HP恢复到跟对手现在的HP一样多|","回合開始時，自己的HP恢復到跟對手現在的HP一樣多|",,
127,"ドールチェンジ+",38,410,,"__NAME__の発動に必要なアクションカードの値を1緩和する, この効果で条件値は0にならない|",,"Dolly Hallucination +","Poupée Changeante+",,"人偶幻视+","人偶幻視+",,,"Reduce action cards needed for __NAME__ by 1. Effect not applicable if criteria is already 1|","Réduit le nombre de cartes nécessaires à __NAME__ de 1. Effet non applicable lorsque le critère est déjà de 1.|",,"__NAME__发动此技能所需要的行动卡值-1，此效果不会让条件值少於1|","__NAME__發動此技能所需要的行動卡值-1, 此效果不會讓條件值少於1|",,
128,"威勢+",38,412,,"__NAME__の発動に必要なアクションカードの値を1緩和する, この効果で条件値は0にならない|",,,,,"威势+","威勢+",,,"Reduce action cards needed for __NAME__ by 1. Effect not applicable if criteria is already 1|","Réduit le nombre de cartes nécessaires à __NAME__ de 1. Effet non applicable lorsque le critère est déjà de 1.|",,"__NAME__发动此技能所需要的行动卡值-1，此效果不会让条件值少於1|","__NAME__發動此技能所需要的行動卡值-1, 此效果不會讓條件值少於1|",,
129,"龍滅 x1.5",49,30121,,"龍魚系に与えるダメージが1.5倍になる|",,,,,"灭龙 x1.5","滅龍 x1.5",,,,,,"给予龙鱼类1.5倍的伤害值","給予龍魚類1.5倍的傷害值",,
130,"龍滅 x2",49,30122,,"龍魚系に与えるダメージが2倍になる|",,,,,"灭龙 x2","滅龍 x2",,,,,,"给予龙鱼类2倍的伤害值","給予龍魚類2倍的傷害值",,
131,"龍滅 x3",49,30123,,"龍魚系に与えるダメージが3倍になる|",,,,,"灭龙 x3","滅龍 x3",,,,,,"给予龙鱼类3倍的伤害值","給予龍魚類3倍的傷害值",,
132,"呉越同舟",50,10,,"ギュスターヴ、ベリンダ、リカルドの攻撃力に__POW__加算|(イベント期間のみ有効)",,,,,"吴越同舟","吳越同舟 ",,,,,,"古斯塔夫、贝琳达、劳尔的攻击力增加__POW__|(仅限於活动期间内有效)","古斯塔夫、貝琳達、里卡多的攻擊力增加__POW__|(僅限於活動期間內有效)",,
133,"藍玉の龍鱗",51,0,,"「呪縛」「麻痺」「封印」状態になる確率が低い|海の水を身に纏ったような蒼く透き通る鱗",,,,,"蓝玉的龙麟","藍玉的龍麟",,,,,,"被附上「咒缚」「麻痹」「封印」状态的机率降低|像在身上缠绕海水般透蓝的鳞片。","被附上「咒縛」「麻痺」「封印」狀態的機率降低|像在身上纏繞海水般透藍的鱗片。",,
134,"クイックショット+",38,420,,"__NAME__の発動に必要なアクションカードの値を1緩和する, この効果で条件値は0にならない|",,,,,"快速射击+","快速射擊+",,,,,,"__NAME__发动此技能所需要的行动卡值-1，此效果不会让条件值少於1|","__NAME__發動此技能所需要的行動卡值-1, 此效果不會讓條件值少於1|",,
135,"爽涼符",52,0,,"防御フェイズ開始時、ターン中に使用した防御カードを1枚墓地から引く|",,,,,"凉爽符","涼爽符",,,,,,"防御阶段开始时，从墓地抽取一张本回合内使用过的防御卡。","防禦階段開始時，從墓地抽取一張本回合內使用過的防禦卡。",,
136,"鋭化簒奪+",38,423,,"__NAME__の発動に必要なアクションカードの値を1緩和する, この効果で条件値は0にならない|",,,,,"锐化篡夺+","銳化篡奪+",,,,,,"__NAME__发动此技能所需要的行动卡值-1，此效果不会让条件值少於1|","__NAME__發動此技能所需要的行動卡值-1, 此效果不會讓條件值少於1|",,
137,"サクリファイス・ワン+",38,426,,"__NAME__の発動に必要なアクションカードの値を1緩和する, この効果で条件値は0にならない|",,,,,"牲祭纳一+","牲祭納一+",,,,,,"__NAME__发动此技能所需要的行动卡值-1，此效果不会让条件值少於1|","__NAME__發動此技能所需要的行動卡值-1, 此效果不會讓條件值少於1|",,
138,"呉越同舟",53,20,,"モーガン、ジュディスの攻撃力に__POW__加算|(イベント期間のみ有効)",,,,,"吴越同舟","吳越同舟 ",,,,,,"摩根、茱蒂丝的攻击力增加__POW__|(仅限于活动期间内有效)","摩根、茱蒂絲的攻擊力增加__POW__|(僅限於活動期間內有效)",,
139,"光冠",54,0,,"「毒」「呪縛」「封印」状態になる確率が低い|煌きは畏れや崇拝の対象ともなる",,,,,"光冠","光冠",,,,,,"“毒”、“咒缚”、“封印”状态的机率降低|光芒成为害怕或崇拜的对象。","「毒」「咒縛」「封印」狀態的機率降低|光芒成為害怕或崇拜的對象。",,
140,"磁気嵐",19,5,,"ターン開始時、自身と相手のHPが共に1/2以下ならばATK+5。自身が受けるダイスダメージ2倍|昂り暴走する器官",,,,,"磁气暴风","磁氣暴風",,,,,,"回合开始时，自己与对手的HP皆在1/2以下时ATK+5。自身受到的骰伤将为2倍|高昂暴走的器官。","回合開始時，自己與對手的HP皆在1/2以下時ATK+5。自身受到的骰傷將為2倍|高昂暴走的器官。",,
141,"劫火",55,1,,"攻撃時、相手の手札を__POW__枚破棄|あらゆる発火物を燃やす灼熱",,,,,"劫火","劫火",,,,,,"攻击时,破坏__POW__张对手的手牌|将所有可燃物引燃的灼热","攻擊時，破壞__POW__張對手的手牌|將所有可燃物引燃的灼熱",,
142,"荊棘符",56,0,,"自身と相手に移動距離分のダメージ|",,,,,"荆棘符","荊棘符",,,,,,"对自己跟对手造成与移动距离等量的伤害。|","對自己跟對手造成與移動距離等量的傷害。|",,
143,"目覚めしもの",57,0,,"攻撃時、「恐怖」の効果を無視する|あらゆる恐怖を打ち破る心",,,,,"觉醒者","覺醒者",,,,,,"攻击时，无视“恐怖”效果|能够突破一切恐惧的心。","攻擊時，無視「恐怖」效果|能夠突破一切恐懼的心。",,
144,"アンシェイカブル・F",58,7,,"自身のHPが1/2以上ならば、ATK+7|補助腕による戦闘サポート",,,,,"坚定信念","堅定信念",,,,,,"自己的HP在1/2以上的话，ATK+7|以辅助手腕进行的战斗支援。","自己的HP在1/2以上的話，ATK+7|以輔助手腕進行的戰鬥支援。",,
145,"幽愁暗恨",59,15,,"レイドボスに対し、攻撃力__POW__加算|(イベント期間のみ有効)",,,,,"幽愁暗恨","幽愁暗恨",,,,,,"对RAID BOSS时，攻击加__POW__。 (限活动期间有效)","對RAID BOSS時，攻擊加__POW__。(限活動期間有效)",,
146,"アクティブアーマー",60,4,,"防御時、DEF+盾数値×__POW__, ダメージ適用後、自身に「DEF-盾数値×2 <MAX:DEF-9>」(2ターン)|装甲服を展開し、一時的に防御力を上げる",,,,,"反动式装甲","反動式裝甲",,,,,,"防御时，DEF+盾卡数值×__POW__，伤害结算完毕后，自身得到“DEF-防御数值×2 <MAX:DEF-9>”(2回合)|展开装甲服，短暂提升防御力。","防禦時，DEF+盾卡數值×__POW__，傷害結算完畢後，自身得到「DEF-防禦數值×2 <MAX:DEF-9>」(2回合)|展開裝甲服，短暫提升防禦力。",,
147,"パペットマスター",61,2,,"防御フェイズ終了時、相手が「呪縛」状態なら、相手の手札とドロップカードをそれぞれ__POW__枚奪う|相手に強力な催眠薬を投与し、精神を操る",,,,,"操偶师 ","操偶師 ",,,,,,"防御阶段结束时，对手为“咒缚”状态的话，夺取对手手牌跟出的牌各__POW__张。|对对手投放强力的催眠药，并操控其精神。","防禦階段結束時，對手為「咒縛」狀態的話，奪取對手手牌跟出的牌各__POW__張。|對對手投放強力的催眠藥，並操控其精神。",,
148,"エネミースマッシュ",62,2,,"近距離で対戦相手に与えるダメージ__POW__倍|バトルアックスが纏う強力なエネルギー刃",,,,,"碎敌","碎敵",,,,,,"在近距离对对战对手造成__POW__倍的伤害值|缠绕在战斗巨斧上的强力能量刃。","在近距離對對戰對手造成__POW__倍的傷害值|纏繞在戰鬥巨斧上的強力能量刃。",,
149,"紅の意志",63,3,,"防御時、__POW__以下のダメージを受けたとき、自身に「バーサーク」(1ターン)|死を乗り越えた者だけが得られる力",,,,,"红之意志","紅之意志",,,,,,"防御阶段受到__POW__以下的伤害时，自身将会得到“狂战士”(1回合)|只有超越死亡者才能获得的力量。","防禦階段受到__POW__以下的傷害時，自身將會得到「狂戰士」(1回合)|只有超越死亡者才能獲得的力量。",,
150,"生命の守人",64,1,,"攻撃失敗時と防御失敗時、自身の聖痕+__POW__|清き魂与えられた聖なる守護",,,,,"生命的守护者","生命的守護者",,,,,,"攻击失败跟防御失败时，自身的圣痕+__POW__|赐与纯洁灵魂的神圣守护。","攻擊失敗跟防禦失敗時，自身的聖痕+__POW__|賜與純潔靈魂的神聖守護。",,
151,"余焔符",65,0,,"攻撃フェイズ開始時、ターン中に使用した剣カードを1枚墓地から引く|",,,,,"余焰符","余焰符",,,,,,"攻击阶段开始时，从墓地抽取一张本回合内使用过的剑卡。","攻擊階段開始時，從墓地抽取一張本回合內使用過的劍卡。",,
