"id","name","caption","region","level","ap","difficulty","name_en","name_fr","name_kr","name_scn","name_tcn","name_ina","name_thai","caption_en","caption_fr","caption_kr","caption_scn","caption_tcn","caption_ina","caption_thai"
1,"魔女の谷","聖女の館に続く薄暗く不気味な谷。",0,1,1,3,"Valley of the Witch","Vallée de la Sorcière","마녀의 계곡","魔女之谷","魔女山谷","Witch Valley","หมู่บ้านแม่มด","A dark and foreboding valley that continues on to the hall of the Fire Goddess.","Vallée terrifiante qui mène au Saint Château","성녀의 저택으로 이어진 어둡고 기분 나쁜 계곡.","通向圣女馆的阴暗山谷。","通往聖女之館的昏暗陰森山谷。","Lembah gelap mengerikan menuju kastil Orang Suci.","หมู่บ้านประหลาดที่มีแสงสลัวต่อไปยังคฤหาสน์สตรีศักดิ์สิทธิ์"
2,"隠者の道","世捨て人が力を求めさまよった荒野の道",0,3,1,3,"Hermit Road","Route des Ermites","은자의 길","隐士之道","隱者之道","Hermit Road","ถนนลักซ่อน","A road through wilderness, sometimes wandered by hermits to obtain power.","Route déserte que les ermites trouvèrent alors qu'ils étaient à la recherche de pouvoir","세상을 등진 자들이 힘을 구하기 위해 방황하는 황야의 길.","不断有追求力量的避世之人往来的荒野之路。","遠離塵世的人為了尋求力量而徘徊的荒野小道。","Jalan setapak yang ditemukan oleh seorang pertapa saat bertualang mencari kekuatan.","ถนนในป่าที่ผู้บำเพ็ญเพียรแสวงหาพลังหลงวนเวียนอยู่"
3,"人狼の住処","人食いの獣が住む魔の森",0,8,1,3,"Forest of the Wolfman","Forêt de Wolman","인랑의 거처","人狼之家","人狼家園","Wolven Forest","รังมนุษย์หมาป่า","This forest is home to man eating beasts.","Forêt maléfique où vit un Monstre dévoreur d'Hommes.","식인 짐승이 살고 있는 마의 숲.","食人兽聚集的魔之森。","有食人獸居住的魔物森林。","Hutan kegelapan tempat tinggal makhluk pembantai manusia.","ป่าเวทมนตร์ที่มีสัตว์ร้ายกินคนอาศัยอยู่"
4,"黒の森","邪悪な侏儒たちは暗い森で宴をひらく。",1,12,1,8,"Black Forest","Forêt Noire","검은 숲","黑之森","黑森林","Black Forest","ป่าสีดำ","Wicked dwarves are known to feast in this dark forest.","Bois sombres dans lesquels les nains malins festoient. ","사악한 유령들은 어두운 숲에서 연회를 연다.","邪恶的小矮人在黑暗的森林里举办宴会。","邪惡的小矮人們在陰暗森林裡開宴會。","Didalam hutan, para Goblin jahat berpesta.","ป่าอันมืดมิดที่เหล่าก็อบลินชั่วร้ายจัดงานฉลองอยู่"
5,"掃きだめの街道","行き先のないものが歩く黄昏れた道",1,14,1,10,"Vagabonds' Road","Route des Sans-abris","방랑의 거리","无法清扫的街道","垃圾之街","Homeless Path","ถนนขยะ","Those with no destination sometimes follow this road to the horizon.","Route solitaire sur laquelle les Sans-abris errent.","갈 곳 없는 자들이 걷는 황혼이 짙은 길.","漫无目的之人行走的黄昏之路。","無處可去的人們所行走的黃昏小道。","Jalan sunyi yang dilewati orang tanpa tempat tinggal.","ถนนยามสายัณห์ที่คนไร้ที่ไปเดินผ่าน"
6,"名伏せられし丘","人々から忘れ去られた丘にはいつからか「魔」が潜む",1,16,2,12,"Nameless Hill","Colline au nom inconnu","잊혀진 언덕","无名丘","無名之丘","Forgotten Hill","เนินซ่อนนาม","A daemon lies dormant in this hill, long forgotten by people.","Un démon se cache à l'ombre de cette colline oubliée. ","사람들에게 잊혀진 언덕 언제부턴가 마의 존재가 숨어들었다.","妖魔不知何时已悄然潜入被人们遗忘的山丘之中。","被人們所遺忘的山丘，在不知何時開始遭到了魔物入侵。","Iblis berdiam di dalam bayangan bukit yang terlupakan ini.","เนินเขาที่ถูกผู้คนหลงลืมจนมี [ปิศาจ] มาสิงสู่อยู่"
7,"修道院廃墟","静謐な祈りが毎日ささげられた場所はいまでは邪悪な魂がただよう奇怪な場所に。",1,18,2,15,"Monastic Ruins","Ruines du Monastère","폐허 수도원","修道院废墟","修道院廢墟","Monastery Ruin","โบสถ์ร้าง","Evil souls now haunt this once holy place.","A autrefois été un monastère sacré mais est désormais peuplé d'esprits mauvais. ","정렴한 기도가 행해지던 장소는 언제부턴가 사악한 혼이 떠도는 기괴한 장소로 변했다","曾经每天进行祈祷的静谧之地已然成为邪恶之魂四处游荡的古怪之地。","曾經是每天靜謐的祈禱場所，現在卻成為邪惡魂魄遊蕩的古怪場所。","Kuil yang dulunya suci & damai kini menjadi tempat berkeliarannya jiwa-jiwa yang tersesat.","สถานที่ที่ผู้คนเคยกล่าวคำอธิษฐานอย่างสงบสุข ได้กลายเป็นสถานที่ลึกลับที่วิญญาณร้ายล่องลอยอยู่"
8,"物忌みの湖","冷たい湖の底には浮かばれない自殺者たちが沈んでいるという。",1,20,2,18,"Lake of Abstinence","Lac des Afamés","잊혀진 호수","斋戒之湖","齋戒之湖","Frozen Lake","ทะเลสาบต้องห้าม","They say that suicides rejected from heaven lie still in the bed of this ice cold lake","On dit que les âmes des suicidés, rejetées du Paradis, reposent dans ce lac glacé.","차가운 호수 바닥에는 떠오르지 못한 시체들이 가라앉아있다고 한다.","传说永远浮不出湖面的自杀者沉睡在冰冷的湖底。","據說冰冷的湖底沈睡著永不浮出水面的自殺者。","Konon arwah korban bunuh diri yang tidak dapat ke surga masih berdiam di dasar danau es ini.","กล่าวกันว่าร่างของผู้คนที่ฆ่าตัวตายไม่เคยลอยขึ้นมาจากทะเลสาบอันเย็นเยียบแห่งนี้"
9,"食人鬼の村","呪われた村に住む住人は呪われた姿になった。",1,22,3,22,"The Cannibal Village","Village du Démon Cannibale","식인귀의 가도","食人鬼之村","食人鬼村","Cannibal Village","หมู่บ้านปิศาจกินคน","Those who dwell in this cursed village have themselves become unrecognizable.","Les habitants de ce village hanté sont devenus des monstres.","저주받은 마을에 살던 주민은 모두 다 저주받은 모습으로 변했다.","受诅村落的村民以受诅姿态出现。","住在被詛咒的村莊裡的人們也都成了詛咒之身。","Penduduk desa berhantu ini telah menjadi monster.","ร่างต้องสาปที่กลายร่างมากจากผู้คนที่อาศัยอยู่ในหมู่บ้านต้องสาป"
10,"幽霊騎士の首塚","大昔、武勲をたたえられた騎士も今は己の首をもとめて無辜の人々の殺戮を続ける。",1,25,3,26,"Spectral Knights' Barrow","Tas de Têtes de Chevaliers","유령기사의 무덤","幽灵骑士的头颅坟","幽靈騎士的頭顱墓","Knights Skull Mountain","เชิงเขาอัศวินวิญญาณ","These once great knights now wander around in search of their heads, brutally killing innocent people who still have their own.","D'anciens Chevaliers errent, à la recherche de leur tête, en tuant d'innocentes victimes.","옛날 존경받던 기사들은 마의 존재에 무릎을 꿇고 무고한 사람들을 해하기 시작했다.","曾经战功显赫的骑士，如今为了得到自己的头颅，不断地杀害无辜之人。","許久以前曾建立過功勳的騎士們如今卻為了尋找自己的頭顱不斷殺戮著無辜的人。","Ksatria yang dulunya perkasa sekarang bergentayangan dan membunuh manusia secara brutal untuk mendapatkan kepala mereka.","อัศวินล่าสังหารจากสมัยโบราณ ที่ยังคงไล่เข่นฆ่าผู้บริสุทธิ์อย่างเหี้ยมโหดเพื่อตามหาหัวที่หายไปของตน"
11,"影斬り森","悪魔は昏い森に君臨していた。",1,28,4,30,"Shadowthief Forest","Forêt voleuse d'ombres","그림자 숲","斩影之森","斬影森林","Shadowless Forest","ป่าตัดเงา","A demon that reigns over a dark forest.","Démon qui règne sur la sombre Forêt.","악마는 어두운 숲 속에 군림하고 있다.","恶魔称霸黑暗之森。","由惡魔統治的昏暗森林。","Iblis menguasai hutan kegelapan ini.","ป่ามืดครึ้มที่ถูกยึดครองโดยปิศาจร้าย"
12,"碧空の尖塔","古代に建てられた光り輝く尖塔も今は孤影を廃墟にのばすのみ。",2,30,3,25,"Blue Sky Steeple","Clocher du Ciel","창공의 첨탑","碧空尖塔","碧空的尖塔","Sky Steeple","หอคอยสีคราม","A shining spire built in ancient times, in the present day it continues on as an abandoned ruin.","L'ombre de l'ancien Clocher couvre encore ses ruines.","먼 옛날에 세워진 빛나는 첨탑도 지금은 그 잔해만이 남아있다.","古代建造的光芒万丈的尖塔现在也是形单影只，废墟中只有它的影子孤零零地在地上摇曳。","古代所建造的光輝尖塔,而現在只剩下廢墟伸長著的孤影而已了。","Bayangan gereja kuno menaungi reruntuhan ini.","หอคอยเปล่งประกายที่ถูกสร้างขึ้นเมื่อสมัยโบราณ แต่มาบัดนี้รกร้างอยู่อย่างโดดเดี่ยว"
13,"レン高原","誰もいない草原には夜になると、魔の気配を生ずる。",2,32,3,30,"Len's Highland","Pays montagneux de Len","황량한 고원","雷恩高原","雷恩高原","Len Plateau","ที่ราบสูงเลง","The presence of daemons can be felt when night falls on this lonely highland.","Un Esprit malin apparaît dans ces landes quand la nuit tombe.","아무도 없는 초원은 밤이 되면 마의 기운만이 감돈다.","杳无人烟的草原夜晚，妖魔的气息悄然出现。","毫無人煙的草原一到了夜晚，就會散發出魔物的氣息。","Para hantu bergentayangan di dataran terabaikan ini saat malam tiba.","ที่ราบสูงปราศจากผู้คน ตกกลางคืนจะมีกลิ่นอายของปิศาจออกมา"
14,"夜歩く影の道","道はあれども、そこに行き交う人々の姿はない。ただ月夜には影だけがうごめいていた。",2,34,4,35,"Nightshadows' Way","Route d'Ombre","그림자가 걷는 길","夜行影之道","夜影步道","Shadow Road","ถนนเงาราตรี","This road shows no signs of the comings and goings of people, only unsettling shadows writhing in the moonlit night.","Seules quelques ombres se tortillent sous la lumière blafarde de la Lune.","길은 있지만 아무도 그 길로 다니는 사람은 없고 단지 밤이 되면 그림자만이 배회한다고 한다.","虽然有路，不过路上不会出现人来人往的场景。路上只有在月夜下蠕动的影子。","雖有道路，但卻絕不會與他人交會。只有月夜下的影子在蠢動著。","Hanya bayangan yang bergerak dibawah sinar bulan.","ถึงจะเป็นถนน แต่ก็ไม่มีใครเดินผ่าน แต่พอตกกลางคืนจะมีเงาออกมาเต็มไปหมด"
15,"ロマール人の砦","誇り高い民族は他者に支配されるのを拒み、最後には皆自決した。",2,36,4,40,"Romar Fortress","Fort Romarlian","로마르인의 바위","罗玛尔人的堡垒","羅瑪爾人的要塞","Romarlian Fort","ป้อมชาวโรมาร์ล","The last bastion of the Romar people, a proud race that chose their own end rather than subjugation by others.","Alors que leur Gloire commença à s'effriter, le fier peuple de Romarlian décida de mettre fin à ses jours en ce Fort.","자긍심 높은 민족은 다른 민족에게 지배되는 것을 수치스럽게 생각하여 모두 자결을 했다고 한다.","高傲的民族拒绝他人的统治，最后选择了集体自杀。","高傲的民族因拒絕他人的支配，最後集體自決了。","Romarlian, bangsa yang bermartabat tinggi, memilih untuk bunuh diri dalam benteng ini pada akhir masa kejayaannya.","เหล่าประชาชนผู้ภาคภูมิที่ไม่ยอมรับการเข้ายึดครองของศัตรู ได้จบชีวิตตัวเองในท้ายที่สุด"
16,"牧神の絶峰","牧神は羊を率いていた。ただしその羊の姿は人の想像を超えていた。",2,38,5,45,"Pan's Headland","Cap du Faune","목신의 절봉","牧羊神的险峰","牧神的絕峰","Pan's Hill","สันเขาเทพเลี้ยงแกะ","The god Pan led flocks of sheep, but they were not normal sheep.","Le Faune berger garde un mouton qu'aucun humain ne pourrait imaginer.","목신은 양을 끌고 나타났다. 하지만 그 양의 모습은 사람이 상상하는 이상의 모습이었다.","牧羊神率领着羊群，不过那些羊的样子超乎人类的想像。","牧神率領著羊群。只是那些羊的姿態卻遠超過人類的想像。","Pan, dewa penggembala domba, memiliki seekor domba yang tak terbayangkan oleh manusia.","สถานที่เทพเจ้าเลี้ยงแกะไว้ ทว่าแกะที่เลี้ยงนั้นมีรูปร่างพิสดารจนเกินจินตนาการของมนุษย์"
17,"瑪瑙採掘所","欲に駆られた人間が掘り出したモノは美しい石以外のものだった。",2,40,5,50,"Agate Mine","Mine d'Agate","마노 채굴소","玛瑙开采场","瑪瑙採掘場","Agate Mine","เหมืองหินโมรา","Those who mined for precious gems out of greed ultimately unearthed something else entirely.","D'avides personnes creusèrent la montagne à la recherche d'agate, mais pas seulement...","욕심에 가득 찬 인간이 파낸 것은 아름다운 보석이 아니었다.","利欲熏心的人类挖掘出来的不是美丽的石头，而是其他东西。","利慾薰心的人們所採掘出的盡是美麗石頭以外的東西。","Manusia tamak menambang Agate dan barang lainnya di sini.","สิ่งที่มนุษย์ผู้ถูกขับเคลื่อนด้วยกิเลสขุดออกมาได้นั้น หาใช่อัญมณีแสนงามไม่"
18,"忘れ去られし島","忌まわしい殺戮の記憶が残る島にはもう人はだれも近づかない。",2,42,5,55,"Forgotten Island","Île Négligée","잊혀져가는 섬","忘却岛","忘卻之島","Abandoned Island","เกาะที่ถูกลืม","This island is stained with the memory of a gruesome massacre, these days nobody wants to go anywhere near it.","Île au passé sanglant et oublié.","저주받은 살육의 기억이 맴도는 섬에는 그 누구도 다가가지 않는다.","再也没有任何人愿意靠近残留着杀戮记忆的不祥之岛。","殘存著可恨殺戮記憶的島已經不會有任何人靠近了。","Sebuah pulau tempat pembantaian yang telah ditinggalkan.","เกาะที่มีความทรงจำของการสังการหมู่ที่ไม่น่าปรารถนาอยู่ ไม่มีมนุษย์ใดอยากเข้าใกล้"
19,"幻影城","月夜見の国を支配するのは満月の夜にしか現れないという幻影城だった。",2,45,6,60,"The Phantom Castle","Château du Fantôme","환영성","幻影城","幻影城","Phantom Castle","ปราสาทเงาลวง","This fortress was build to dominate Moonland, and only appears when the moon is full.","N'apparaît que les nuits de pleine Lune.","달의 나라를 지배하는 것은 만월의 밤에만 나타난다는 환영성이었다.","统治月夜见之国的是只有月圆之夜才会出现的幻影城。","支配著月夜見之國的是只有滿月之夜才會出現的幻影城。","Kastil bayangan yang hanya muncul dibawah sinar bulan purnama.","ปราสาทลวงตาที่ถูกนครจันทรายึดครอง จะปรากฎขึ้นในคืนพระจันทร์เต็มดวงเท่านั้น"
20,"妖蛆の巣窟","地中をうごめく巨大な蛆どもはただ貪ることだけを想う。",3,47,4,35,"Maggots' Den","Caverne des Asticots Maléfiques","요저의 소굴","妖蛆的巢穴","妖蛆的巢穴","Moss Cave","รังหนอนปิศาจ","The giant maggots that writhe in this subterranean nest think only of eating.","Masse grouillante qui dévore tout ce qui tombe au sol.","땅속을 꿈틀거리는 거대한 구더기들은 단지 탐내는 것만을 생각한다.","在地下蠕动的巨大蛆群只想贪婪地吞噬一切。","潛伏在地中的巨大蛆蟲們只想著要吞食一切。","Lumut raksasa pemangsa menggeliat dibawah permukaan tanah.","เหล่าหนอนยักษ์บนบก คิดเพียงแต่จะเติมเต็มความอยากของตนเท่านั้น"
21,"死人図書館","死者が管理する隠されたライブラリ。その秘密を知ったものは皆、狂人となる。",3,49,4,40,"Library of the Dead","Bibliothèque du Cadavre","사자의 도서관","死人图书馆","死者圖書館","Library of The Dead","หอสมุดคนตาย","A hidden library run by the dead. All those who learn the secret of this place are driven mad.","Toute personne découvrant son secret en perd la tête.","죽은 자가 관리하는 숨겨진 도서관. 그 비밀을 알게 된 자는 모두 광인이 된다.","管理死者的隐秘图书馆。知道该秘密的人都将变成疯子。","由死者所管理的隱藏圖書館。知道這個秘密的人，都化為狂人。","Barangsiapa yang membuka rahasianya akan menjadi gila.","หอสมุดที่ถูกซ่อนไว้โดยมีคนตายคอยดูแล มนุษย์คนใดที่รู้ความลับของมันจะกลายเป็นคนคุ้มคลั่ง"
22,"鉄夢の要塞","機械を操る者たちはいつしか機械に操られるようになっていた。",3,51,4,45,"Fortress of Iron Dreams","Forteresse des Rêves d'Acier","철몽의 요새","铁梦的要塞","鐵夢的要塞","Fortress of Iron Dream","ป้อมฝันโลหะ","Those who would control machines have instead themselves fallen under the control of machines.","Contrôle secrètement les machines.","기계를 조종하던 자들은 어느덧 기계에 의해 조종당하고 있었다.","机器操作者不知何时开始反被机器操控。","操控機械的人不知何時開始變成了被機械操控著。","Mesin mengendalikan semua mekanisme tempat ini tanpa ada yang menyadari.","ผู้ควบคุมจักรกล แต่กลับถูกจักรกลเข้าควบคุมเสียเอง"
23,"ウボスの黒い湖","底の見えぬ真っ暗な水底には、時折巨大な光る眼が見えることがある。",3,53,5,50,"Ubos' Murk","Lac Obscur d'Ubos","우보스의 검은 호수","乌波斯的黑湖","烏波斯的黑湖","Ubos Darkness Lake","ทะลสาปสีนิลของอูโบส","If you peer long enough into the inky depths of this lake, you might just see an impossibly large eyeball glaring hatefully back at you.","On peut voir des yeux globuleux briller dans ses eaux profondes.","바닥이 보이지 않는 검은 물밑은 때때로 거대한 빛나는 눈이 보인다.","深不见底的黑暗水底，有时可以看见巨大的眼睛在发光。","深不見底的黑暗水底，不時能看見巨大發光的眼睛。","Mata-mata besar dan bersinar dapat dilihat di dalam permukaan air yang keruh.","บางครั้งก็มีผู้เห็นดวงตาเปล่งประกายที่ทะเลสาบลึกมองไม่เห็นก้นนั้น"
24,"植物見張り塔","誰も近づかない森に建てられた塔。誰が何を監視するために建てたのか。",3,55,5,55,"A Mysterious Watchtower","Tour de Garde Mystérieuse","식물 파수탑","植物看守塔","植物瞭望塔","Obscure Watchtower","หอสังเกตการณ์พันธุ์ไม้","In a forest where nobody goes, a solitary watchtower was built. Who built it, and what might they be watching?","Tour de Garde construite dans une forêt abandonnée. Personne ne sait pourquoi elle a été construite là. ","아무도 접근하지 않는 숲에 세워진 탑. 누가 무엇을 감시하기 위해 세운 것인가?","塔建在无人靠近森林里，是某人为了监视某些东西而建造的吧。","建造於無人森林中的塔。不知是誰為了監視甚麼而建的。","Menara pengintai yang dibangun di dalam hutan terpencil. Tidak ada yang mengetahui alasan pembangunannya.","หอคอยที่สร้างขึ้นในป่าที่ไม่มีใครเข้าใกล้ อาจะถูกสร้างขึ้นเพื่อสังเกตการณ์ก็เป็นได้"
25,"白魔の円環列石","白魔と呼ばれる怪物達は人間とは相容れぬある物を信奉していた。",3,57,5,60,"Daemonhenge","Cerle de Pierre des Mages Blancs","백마의 원환열석","白魔的圆形石阵","白魔的圓環石陣","White Stone Circle","วงล้อมหินของปิศาจขาว","The monsters known as the Pale People harbor beliefs abhorrent to humankind.","Les [Mages Blancs] croyaient en d'inacceptables préceptes.","백마라는 괴물들은 인간과는 상성할 수 없는 것을 신봉하고 있었다.","白魔这种怪物信奉与人类水火不容之物。","被稱作白魔的怪物們信奉著與人類不相容的事物。","Monster yang disebut [Iblis Putih] dipercaya melakukan sesuatu yang tidak dapat diterima oleh manusia.","เหล่าอสูรกายที่ถูกเรียกว่าปิศาจขาวเกิดขัดแย้งกับมนุษย์ จึงสร้างสถานบูชาขึ้น"
26,"死都ヘルドン","かつての美しい都は龍たちとの戦場となった。今、都に残っているのは、とうに人であるのをやめた者達だけだった。",3,59,6,65,"Heldon, City of the Dead","Helldon - Cité Morte- ","사도 헤루돈","死都黑尔顿","死都黑爾頓","Helldon -The Dead City- ","เฮลดอน นครแห่งความตาย","This once beautiful metropolis was ravaged by a war with dragonkind. Those who still live there today gave up being human long ago.","Fut jadis une magnifique ville. Depuis la guerre contre les dragons, elle est peuplée d'humains transformés en monstres.","과거의 아름다운 도시는 용들과의 전쟁터가 되었다. 지금 도시에 남아있는 것은 이미 사람임을 버린 자들뿐이었다.","曾经美丽的都市变成龙的战场，现在留在这里的都是一些已经放弃做人资格的人。","過去美麗的都市成了與龍之間的戰場。現在還留在這都市裡的，都只剩些非人者而已了。","Sebuah kota yang indah sebelum terjadi peperangan melawan naga. Sekarang hanya monster yang dulunya manusia yang bertahan di dalam kota ini.","เมืองที่สวยงามแห่งหนึ่งต้องตกเป็นสนามรบระหว่างมังกรและมนุษย์ ที่เหลืออยู่ในเมืองตอนนี้ก็คือสิ่งที่ไม่ใช่มนุษย์อีกต่อไปแล้ว"
27,"翼竜の宝物庫","強欲な龍はその翼の下にあらゆる財宝をあつめた。その貪婪のために犠牲なった魂は今も財宝の周りを漂い続ける",3,62,6,70,"The Wyvern's Treasure","Coffre de Wyvern","익룡의 보물창고","翼龙的宝物库","翼龍的藏寶庫","Wyvern Treasury","คลังสมบัติมังกรบิน","A greedy dragon hoards a fabulous treasure beneath its leathery wings. Those who were sacrificed to gather this treasure even now continue to haunt it.","Une âme en peine erre toujours autour du trésor.","탐욕스러운 용은 그 날개 밑에 온갖 보물들을 숨겨놓았다. 그 탐욕을 위해 희생된 자들의 영혼은 지금도 보물 주위를 맴돈다.","贪得无厌的龙把所有的财宝都藏在自己的翅膀下面，因它的贪欲而牺牲的灵魂至今飘荡在财宝四周，不愿离去。","貪心的龍將其翅膀下所有財寶聚集在此。因牠的貪婪而犧牲的靈魂們現在也仍在財寶周圍飄盪。","Jiwa yang dikorbankan melayang-layang mengitari harta karun.","มังกรโลภได้สะสมสมบัติไว้ใต้ปีก ดวงวิญญาณที่ตกเป็นเครื่องสังเวยความโลภนั้นยังคงล่องลอยอยู่รอบๆ คลังสมบัติ"
28,"忘却の辺獄","苦しみも喜びもすべて忘れ去られた場所。静謐な光景は白痴美をたたえていた。",4,64,5,45,"Oblivion","Limbes de l'oubli","망각의 감옥","遗忘的地狱边境","忘卻的地獄邊緣","Oblivion Limbo","คุกหลงลืม","A place where joy and pain are likewise forgotten. A serene scene filled with listless beauty.","Limbes desquelles ont disparu bonheur et souffrances. Contrée sereine à la beauté indicible","고통도 기쁨도 모두 잊힌 장소. 평온한 광경은 백치미를 뛰고 있었다.","可以忘却一切痛苦与欢乐的地方，静谧的光景散发一种超然之美。","可以忘掉所有苦痛及喜樂的場所。靜謐的光景呈現著一種無生氣之美。","Tempat di mana seluruh suka dan duka terlupakan. Pemandangan yang damai memenuhi keindahan yang semu ini.","สถานที่ที่ทำให้หลงลืมกระทั่งความเจ็บปวดและความสุข ฉากที่สงบสุขนั้นฉายให้เห็นถึงความงดงามอันโง่เขลา"
29,"魔境の胎蔵","赤黒い樹木の生い茂る秘境。この場所に狂気と正気の境はない。",4,66,5,50,"Wicked Realm","Frontières maléfiques","마경의 태장","魔镜的胎藏","魔境的胎藏","Evil Borderland","ครรภ์แห่งมาร","A secluded region overgrown with dark red trees. In this place there's no difference between madness and sanity.","Frontière secrète où poussent des arbres rouges et noirs. Ici n'existe aucune différence entre folie et raison.","검붉은 나무가 우거진 비경. 여기에는 광기와 정신의 경계는 없다.","红黑色树木丛生的秘境。在这里没有疯狂与理智的界限。","叢生著暗紅色樹木的秘境。在這個地方中，正常跟瘋狂沒有區別。","Daerah tak terjelajah yang dipenuhi pepohonan lebat berwarna hitam-merah. Tidak ada batas antara kewarasan dan kegilaan di tempat ini.","แดนลับแลที่มีพืชสีแดงคล้ำขึ้นอย่างหนาแน่น เป็นสถานที่ซึ่งไม่มีเส้นแบ่งระหว่างสติและความคุ้มคลั่ง"
30,"暗黒塔","魔道の絶頂を極めた者が住む塔。その狂った呪詛は遙か彼方まで響く。",4,68,5,55,"Tower of Darkness","Tour des Ténèbres","암흑의 탑","暗黑塔","暗黑塔","Tower of Darkness","หอคอยนิลกาฬ","The denizens of this tower have pursued their heresy to obscene depths. Their insane hexes reverberate far and wide.","Tour dans laquelle vit le gardien de la Cime du Chemin Enchanté. Ses malédictions résonnent au loin.","마도의 절정을 규명한 남자가 사는 탑. 그 미친 저주는 먼 곳까지 울려 퍼진다.","塔内住着痴迷登顶魔道巅峰的人，他疯狂的诅咒回响在遥远的彼岸。","到達魔道頂端的男子所居住的塔。遙遠的彼岸都能聽到他發狂的詛咒。","Menara tempat tinggal manusia yang telah menguasai ilmu kegelapan. Memiliki kutukan yang tak kenal batas.","หอคอยที่ผู้พิชิตถนนปิศาจอาศัยอยู่ คำสาปที่บ้าคลั่งนั้นยังคงดังกังวาลไปถึงพวกเขา"
31,"妖婦の魔道","怨嗟の声が渦巻くこの道には、夢破れた亡者達の頭骨が敷き詰められている。",4,70,6,60,"Enchantress' Heresy","Chemin de Dalila","요부의 마도","妖妇的魔道","妖婦的魔道","Dalila Path","ถนนแม่มด","The skulls of hateful dead torn from nightmares whisper their grudges as they litter this path.","Sur ce chemin des Lamentations roulent les crânes de rêveurs désabusés.","원망의 목소리가 소용돌이치는 이 길에 꿈을 잃어버린 망자들의 두개골이 쌓여있다.","怨声载道的街上满是梦碎的死者的头骨。","在這個道路上迴繞著哀怨的聲音，路上盡是遍滿夢想破滅的亡者們頭骨。","Ratapan terdengar disepanjang jalan yang terbuat dari timbunan tengkorak manusia yang terenggut mimpinya.","ถนนที่ยังคงมีเสียงแค้นใจหมุนวรเวียนเส้นนี้ เต็มไปด้วยกะโหลกของเหล่าคนตายที่ฝันสลาย"
32,"三界の絶頂","あらゆるものを超える山の頂にある巨大な目。その目は今も愚者たちを罰するため睥睨している。",4,72,6,65,"Top of Three Worlds","Cime des Trois Mondes","삼계의 절정","三界之颠","三界的絕頂","Three Worlds Pinnacle","ยอดเขาไตรโลก","All who conquer this summit are witness to an enormous view, lording above as though in search of fools in need of punishment.","Oeil monstrueux qui se trouve à la cime de ce Mont et qui cherche sans fin les fous qu'il lui faut punir.","모든 것을 볼 수 있는 거대한 눈. 그 눈은 지금도 어리석은 자들을 처벌하기 위해 비예하고 있다.","超越万物的山顶上有一只巨大的眼睛，这只眼睛至今瞪视着愚者以示惩罚。","在超越萬物山頂上的巨大之眼。這眼至今仍為了處罰愚者們而睥睨著。","Mata-mata mengerikan di puncak gunung yang selalu mengamati dan siap menghukum orang-orang bodoh.","นัยน์ตายักษ์ที่อยู่บนยอดเขาสุดขอบโลก นัยน์ตานั้นยังคงเฝ้ามองอยู่เพื่อมอบโทษให้เหล่าคนเขลา"
33,"異端者の墓碑","断罪された異端者の怨念は天空を赤く染め、地上に血の雨を降らせた。その雨は自らの墓碑は血の湖沈めめるまで降り続いた。",4,74,6,70,"Heretic's Tomb","Tombe des Hérétiques","이단자의 묘비","异端分子的墓碑","異端者的墓碑","Heretic Tomb","สุสานคนนอกรีต","The rage of convicted heretics stains the sky as blood red rain falls and pools around their tombstones.","Ce tombeau des hérétiques teint le ciel en pourpre et fait pleuvoir une pluie de sang. Cette pluie ne s'arrête que lorsque le tombeau est plein de sang.","참수형 당한 이교도의 원한은 하늘을 붉게 물들이며 지상에 피 비를 내리게 했다. 그 비는 자신의 묘를 피의 호수로 만들기에 충분한 양이었다.","被判罪的异端分子的怨念染红天空，降落到地上变成血雨。血雨在异端分子的墓碑被血之湖淹没前不会停止。","被定罪的異端者怨念，將天空染紅，降下血之雨。這場雨一直下到他們的墓碑被血之湖淹沒為止。","Makam para pembelot terkutuk yang mengubah langit menjadi merah. Hujan yang menetes memenuhi makam ini dengan darah.","ความโกรธแค้นของคนนอกรีตที่ถูกสำเร็จโทษย้อมสีท้องฟ้าให้แดงฉานและหลั่งฝนเลือดอย่างต่อเนื่องจนท่วมสุสานของพวกตนกลายเป็นทะเลสาบโลหิต"
34,"幻視された冥府","古の時代に夢見られた極彩色の世界。しかし、そこを生者が歩くことはない。",4,76,7,75,"Infernal Hallucination","Enfers Imaginaires","환시의 명부","幻觉中的冥府","幻覺的冥府","Imaginary Hell","นรกจินตนาการ","A richly colored realm of forgotten dreams, where no living thing walks.","Monde au mille couleurs dont on rêvait il y a fort longtemps. Cependant, aucun vivant ne peut y accéder.","고대 시대에 꿈에서 봤던 극채색의 세계. 하지만 산자가 걸을 수 없는 세계이다.","远古时代梦见的五彩世界。不过生者无法进入那里。","在古老時代夢見的極彩色世界。但是，那裡生人止步。","Dunia penuh warna yang diimpikan pada jaman lampau. Namun, menyusurinya tidak segampang yang dipikirkan.","โลกหลากสีสันที่เป็นโลกแห่งความฝันในสมัยโบราณ ทว่า ไม่มีสิ่งมีชีวิตใดในที่แห่งนั้นเลย"
35,"玉座への回廊","無限に続く果てなき回廊。凱旋門は主の帰還を待ち続ける。",4,79,7,80,"Corridor to the Throne","Galerie au Trône","왕좌로 이어진 회랑","通向宝座的长廊","通往玉座的回廊","Throne Corridor","ระเบียงสู่บัลลังก์","A corridor which stretches to the ends of infinity. The archway is witness to the return of the King.","L'Arc de Triomphe continue d'attendre le retour du Seigneur au bout de cette galerie infinie.","끝없이 계속 어지는 회랑. 개선문은 주인의 귀환을 계속 기다린다.","无限延伸的长廊。依然在等候主人归来的凯旋门。","持續沒有盡頭的回廊。仍然在等待主人歸來的凱旋門。","Koridor tanpa ujung menuju keabadian. Koridor ini menunggu kepulangan Rajanya.","ระเบียงที่ไม่มีจุดสิ้นสุด ประตูชัยนั้นยังคงรอคอยการกลับมาของผู้เป็นนายอยู่"
36,"聖女の玉座","復讐の炎が血肉として実体化したとき、聖女の復活が始まる。",4,80,10,1,"The Fire Goddess' Throne","Saint Trône","성녀의 왕좌 ","圣女的宝座","聖女的寶座",,,"When Flames of Revenge are materializing, the Fire Goddess starts resurrection.","Lorsque la Flamme de la Vengeance reprendra forme humaine, alors la résurrection de la Sainte Souveraine pourra commencer.","복수의 불꽃이 혈육으로 실체화될 때 성녀의 부활이 시작된다. ","复仇之火化为血肉之躯时，圣女将开始复活。","復仇之火以血肉實體化的時候，聖女的復活就要開始。",,
101,"ExShadowLand","影の大陸に隠れ住む魔の軍勢たち。",1,99,99,99,"Ex Shadowland","ExShadowLand","ExShadowLand","Ex影之大陆","Ex影之大陸","Ex Shadow Land","ExShadowLand","This land of shadow is said to harbor a hidden daemonic army.","Une puissance maléfique se cache en ExShadowLand.","그림자 대륙에 숨어 사는 마의 군대들.","隐居在影之大陆的妖魔军团。","隱藏在影之大陸的魔物大軍。","Kekuatan jahat bersembunyi di Ex ShadowLand.","เหล่ากองทัพปิศาจที่แอบอาศัยอยู่ในนครแห่งเงา"
102,"ExMoonLand","数年の1度の月食の日のみ、姿を現すといわれる月影の大陸。",2,99,99,99,"Ex Moonland","ExMoonLand","ExMoonLand","Ex月之大陆","EX月之大陸","Ex Moon Land","ExMoonLand","This land is said to appear only once every few years, in the moon shade of a rare lunar eclipse.","ExMoonLand n'apparaît que pendant les éclipses lunaires.","수년에 한번 월식의 날에만 모습을 드러내는 달의 대륙.","据说月影大陆只有在几年一次的月食之日才会出现。","只有在數年一次的月蝕之日才會出現的月影大陸。","Ex MoonLand hanya akan muncul saat gerhana bulan.","นครจันทราที่ว่ากันว่าจะปรากฎขึ้นในคืนจันทรุปราคาใน 1 ปีเท่านั้น"
103,"ExAnemonea","嵐が吹き荒れる渦中に佇む風の国の裏世界",3,99,99,99,"Ex Anemonea","ExAnemonea","ExAnemonea","Ex安妮莫娜","Ex安妮莫娜","Ex Anemonea","ExAnemonea","This underworld is enveloped amid the raging tempest of the wind country.","ExAnemonea se trouve au coeur d'une terre protégée par une éternelle et violente tempête.","폭풍우가 휘몰아치는 소용돌이안에 우두커니 서 있는 바람 나라의 어둠의 세계","风之国的背后世界伫立在狂风暴雨的漩涡之中。","地處終年狂風大作的漩渦之中的風之國裏世界。","Daerah di dalam badai yang disebut Ex Anemonea.","โลกเบื้องหลังของวายุนคร ที่อยู่ใจกลางพายุหมุน"
104,"ExAnemonea","嵐が吹き荒れる渦中に佇む風の国の裏世界",3,99,99,99,"Ex Anemonea","ExAnemonea","ExAnemonea","Ex安妮莫娜","Ex安妮莫娜","ExAnemonea","ExAnemonea","This underworld is enveloped amid the raging tempest of the wind country.","ExAnemonea se trouve au coeur d'une terre protégée par une éternelle et violente tempête.","폭풍우가 휘몰아치는 소용돌이안에 우두커니 서 있는 바람 나라의 어둠의 세계","风之国的背后世界伫立在狂风暴雨的漩涡之中。","地處終年狂風大作的漩渦之中的風之國裏世界。",,"โลกเบื้องหลังของวายุนคร ที่อยู่ใจกลางพายุหมุน"
105,"ExAngelland",,4,99,99,99,"Ex Angel Land","ExAngelland","ExAngelland","Ex天使大陆","Ex天使大陸","ExAnemonea","ExAngelLand",,,,,,,
106,"ExAngelland",,4,99,99,99,"Ex Angel Land","ExAngelland","ExAngelland","Ex天使大陆","Ex天使大陸","ExAngelland","ExAngelLand",,,,,,,
107,"ExEventLand","イベント用Ex地形",4,99,99,99,"ExEventLand","ExEventLand","ExEventLand","ExEventLand","ExEventLand","ExEventLand",,"for admin",,,"用于活动的Ex地形",,,
108,"ExEventLand","退避用",4,99,99,99,"ExEventLand","ExEventLand","ExEventLand","ExEventLand","ExEventLand","ExEventLand",,"for admin",,,"避难用",,,
201,"2011XmasLand","クリスマスイベント専用地形",0,99,99,99,"2011XmasLand","2011XmasLand","2012XmasLand","2011Xmas大陆","2011Xmas大陸","2011XmasLand","2011XmasLand","A land for Xmas Events.","Terre réservée aux événements de Noël.","크리스마스 이벤트 전용 지형","圣诞活动的专用地形","聖誕節集會地","Daerah untuk event Natal.","พื้นที่พิเศษสำหรับอีเวนท์คริสมาส"
202,"2012ValentineLand","バレンタインイベント専用地形",0,99,99,99,"2012ValentineLand","2012ValentineLand","2012ValentineLand","2012Valentine大陆","2012Valentine大陸","2012ValentineLand","2012ValentineLand","A land for Valentine Events.","Terre réservée aux événements de la St Valentin.","발렌타인 이벤트 전용 지형","情人节活动的专用地形","情人節活動專用地形","Daerah untuk event Valentine.","พื้นที่พิเศษสำหรับอีเวนท์วาเลนไทน์"
203,"2012WhiteLand","ホワイトデーイベント専用地形",0,99,99,99,"2012WhiteLand","2012WhiteLand","2012WhiteLand","2012白色大陆","2012White大陸","2012WhiteLand","2012WhiteLand","A land for White Valentine Events.","Terre réservée aux événements du White Day.","화이트데이 이벤트 전용 지형","白色情人节活动的专用地形","白色情人節活動專用地形","Daerah untuk event White Valentine.","พื้นที่พิเศษสำหรับอีเวนท์ไวท์เดย์"
204,"丘丘の丘","小人たちが目指した新天地",0,99,99,99,"Thco Thco's Hill","Colline des Thco Thco","구구의 언덕","丘丘之丘","丘丘之丘","Ogre Hill","หุบเขาคนแคระ","The Zwerges' promised land.","Terre Promise que les Nains recherche désormais.","난쟁이들이 소망했던 신천지","小矮人向往的新世界","矮人們嚮往的新天地","Daerah pernjanjian yang dicari oleh para Ogre.","พื้นที่ใหม่ที่เหล่าคนแคระมุ่งหน้าไป"
205,"コデックス","黄金時代の叡智を求めて",0,99,99,99,"Codex","Codex","코덱스","规则","法典","Codex","โคเด็กซ์","Seek the wisdom of a golden age.","Sagesse de l'Âge d'Or","황금시대의 예지를 갈망하며...","追求黄金时代的睿智","追求黃金時代的智慧","Tempat mencari kebijaksanaan masa lampau.","ตามหาภูมิปัญญายุครุ่งเรือง"
206,"暗黒塔","箱イベント専用地形",0,99,99,99,"Tower of Darkness","Tour des Ténèbres","암흑탑","暗黑塔","暗黑塔","Tower of Darkness","หอคอยแห่งความมืด","A box event dedicated area.","Salle dédiée aux boîtes à événements","상자이벤트 전용 지형","箱子活动的专用地形","箱子活動專用地形","Tempat khusus event Box.","พื้นที่พิเศษสำหรับอีเวนท์กล่อง"
207,"シーラ・サーカス","アコライトイベント専用地形",0,99,99,99,"Syla Circus","Syla Circus","시라 서커스","希拉杂技团","席拉馬戲團","Sheila Circus","ซีล่า เซอร์คัส","An acolyte event dedicated area.","Région réservée aux Evénements d'Acolytes","어콜라이트의 이벤트 전용 지역","助手活动的专用地形","侍者活動專用地形","Tempat khusus event Acolyte.","พื้นที่พิเศษสำหรับอีเวนท์อโคไลท์"
208,"不気味な湖畔","湖畔に潜むものイベント退避用地形",0,99,99,99,"Creepy Lake Shore","Bord du Sinistre Lac","불길한 호반","阴森湖畔","陰森湖畔","Eerie Lake","น่านน้ำประหลาด","A something lurking on the lakeshore event dedicated saving area.","Terre qui retient un grand nombre d'événements au sein du lac.","호반에 숨어있는 것 이벤트 대피용 지형","用于湖畔潜伏物活动避难的地形","潛伏在湖畔的怪物活動避難用地形","Tempat event penyergapan di dalam danau.","พื้นที่สำหรับถอนตัวจากอีเวนท์"
209,"流涕の森","流涕の森イベント退避用地形",0,99,99,99,"Creepy Lake Shore","Bord d'un lac sinistre","유체의 숲","哭泣之森","陰森湖畔",,,"A something lurking on the lakeshore event dedicated saving area.","Terre pour l'évitement d'événement de s'embusquer dans le bord du lac.","눈물의 숲 이벤트 대피용 지형","用于哭泣之森活动避难的地形","潛伏在湖畔的怪物活動避難用地形",,
210,"魔女の谷","聖女の館に続く薄暗く不気味な谷。",0,3,1,1,"Valley of the Witch","Vallée de la Sorcière","마녀의 계곡","魔女之谷","魔女山谷","Witch Valley","หมู่บ้านแม่มด","A sinister and gloomy valley where the house of the holy woman lies.","Vallée sinistre qui se cache derrière le château de la Vesta.","성녀의 관으로 이어지는 희미하고 어두운 기분 나쁜 계곡.","通向圣女馆的阴暗山谷。","通往聖女之館的昏暗陰森山谷。","Lembah kegelapan menuju rumah orang suci.","หมู่บ้านประหลาดที่มีแสงสลัว เป็นทางผ่านยังคฤหาสน์สตรีศักดิ์สิทธิ์"
211,"忘失の道","レアカ獲得イベント専用地形A",0,99,99,99,"Forgotten Path","Chemin de l'Oubli","망각의 길","遗失之道","遺失之道","Path of Oblivion","ถนนแห่งความหลงลืม","Rare card acquisition event dedicated area, A.","Terre réservée aux événements permettant d'obtenir une Carte rare.","레어 카드를 획득할 수 있는 이벤트 전용 지형A","获取稀有卡活动的专用地形A","可獲得稀有卡的活動專用地形A","Tempat khusus mendapatkan kartu Rare A.","พื้นที่พิเศษ A สำหรับอีเวนท์แรร์การ์ด"
212,"忘失の道","レアカ獲得イベント専用地形B",0,99,99,99,"Forgotten Path","Chemin de l'Oubli","망각의 길","遗失之道","遺失之道","Path of Oblivion","ถนนแห่งความหลงลืม","Rare card acquisition event dedicated area, B.","Terre réservée aux événements permettant d'obtenir une Carte rare.","레어 카드를 획득할 수 있는 이벤트 전용 지형B","获取稀有卡活动的专用地形B","可獲得稀有卡的活動專用地形B","Tempat khusus mendapatkan kartu Rare B.","พื้นที่พิเศษ B สำหรับอีเวนท์แรร์การ์ด"
213,"忘失の道","レアカ獲得イベント専用地形C",0,99,99,99,"Forgotten Path","Chemin de l'Oubli","망각의 길","遗失之道","遺失之道","Path of Oblivion","ถนนแห่งความหลงลืม","Rare card acquisition event dedicated area, C.","Terre réservée aux événements permettant d'obtenir une Carte rare.","레어 카드를 획득할 수 있는 이벤트 전용 지형C","获取稀有卡活动的专用地形C","可獲得稀有卡的活動專用地形C","Tempat khusus mendapatkan kartu Rare C.","พื้นที่พิเศษ C สำหรับอีเวนท์แรร์การ์ด"
214,"2012XmasLand","クリスマスイベント専用地形",0,99,99,99,"2012XmasLand","2012XmasLand","2012XmasLand","2012Xmas大陆","2012Xmas大陸","2012XmasLand","2012XmasLand","A land for Xmas Events.","Terre réservée aux événements de Noël.","크리스마스 이벤트 전용 지형","圣诞活动的专用地形","聖誕節集會地","Daerah untuk event Natal.","พื้นที่พิเศษสำหรับอีเวนท์คริสมาส"
215,"NewYearLand","宝箱イベント専用地形",0,99,99,99,"Happy New Year","Bonne Année","어린이날 기념 지역","NewYear大陆","NewYear大陸","NewYearLand","อวยพรปีใหม่","Lucky dip event dedicated area.","Terre réservée pour événement de Nouvel an.","보상이벤트 전용 지형","宝箱活动的专用地形","寶箱活動專用地形","Tempat khusus event Lucky Bag.","พื้นที่พิเศษสำหรับอีเวนท์ถุงนำโชค"
216,"2013WhiteLand","2013ホワイトデーイベント専用地形",0,99,99,99,"White Land 2013","WhiteLand 2013","2013WhiteLand","2013白色大陆","2013白色大陸","2013WhiteLand","2013WhiteLand","2013 White Day event dedicated area.","Terre réservée aux événements du White Day 2013.","2013 화이트데이 이벤트 전용 지형","2013白色情人节活动的专用地形","2013白色情人節活動專用地形","Tempat khusus event White Day 2013.","พื้นที่พิเศษสำหรับอีเวนท์ไวท์เดย์ปี 2013"
217,"忘失の道","レアカ獲得イベント専用地形",0,99,99,99,"Forgotten Path","Chemin de l'Oubli","망각의 길","遗失之道","遺失之道","Path of Oblivion","ถนนแห่งความหลงลืม","Rare card acquisition event dedicated area.","Terre réservée aux événements permettant d'obtenir une Carte rare.","레어 카드를 획득할 수 있는 이벤트 전용 지형","获取稀有卡活动的专用地形","獲得稀有卡活動的專用地形","Tempat khusus mendapatkan kartu Rare.","พื้นที่พิเศษสำหรับอีเวนท์แรร์การ์ด"
218,"雨鳴きの湿原","蛙たちの楽園",0,99,99,99,"Rainswept Marsh","Plaine Marécageuse","습기가 많은 초원","雨声绵延的潮湿草原","驟雨的濕原",,"บึงพิรุณครวญ","Frog paradise.","Paradis des Grenouilles","개구리들의 낙원","蛙群的天堂","蛙群的樂園",,"สวรรค์ของเหล่ากบ"
219,"2013XmasLand","2013クリスマスイベント専用地形",0,99,99,99,"2013XmasLand","2013XmasLand",,"2013Xmas大陆","2013Xmas大陸","2013XmasLand","2013XmasLand","A land for Xmas Events.","Terre réservée aux événements de Noël.",,"2013圣诞活动的专用地形","聖誕節集會地","Daerah untuk event Natal.","พื้นที่พิเศษสำหรับอีเวนท์คริสมาส"
220,"2013XmasLand","2013クリスマスイベント専用地形",0,99,99,99,"2013XmasLand","2013XmasLand",,"2013Xmas大陆","2013Xmas大陸","2013XmasLand","2013XmasLand","A land for Xmas Events.","Terre réservée aux événements de Noël.",,"2013圣诞活动的专用地形","聖誕節集會地","Daerah untuk event Natal.","พื้นที่พิเศษสำหรับอีเวนท์คริสมาส"
221,"ポーカー・ハンド","2014アコライトイベント専用地形",0,99,99,99,"Poker hands","Main au poker",,"火钳针","Poker Hand",,,"A 2014 acolyte event dedicated area.","Terre réservée aux événements d'Acolyte 2014",,"2014助手活动的专用地形","2014侍者活動專用地形",,
222,"深淵の書","深淵の書イベント専用地形",0,99,99,99,"The Book of the Abyss","Livre d'Abîmes",,"深渊之书","深淵之書",,,"The Book of the Abyss event dedicated area.","Terre réservée aux événements de Livre d'Abîmes.",,"深渊之书活动的专用地形","深淵之書活動專用地形",,
223,"救済の針","8月イベント用地形",0,99,99,99,"Needle of Relief","Aiguille de soulagement",,"救济之针","救濟之針",,,"An August event dedicated area","Région de l'événement du mois d'août",,"8月活动专用地图","8月活動用地形",,
224,"かぼちゃ畑","2014年10月イベント用地形",0,99,99,99,"Pumpkin Field","Champ de citrouilles",,"南瓜田","南瓜田",,,"2014 October event dedicated area.","Région de l'événement du mois d'octobre 2014",,"2014年10月活动专用地图","2014年10月活動專用地形",,
225,"紅衣の裁き","2014年11月イベント用地形",0,99,99,99,"Judgment in Red","Tribunal des Capes Rouges",,"红衣的审判","紅衣的審判",,,"2014 November event dedicated area.","Région de l'événement du mois de novembre 2014",,"2014年11月活动专用地图","2014年11月活動專用地形",,
226,"幸せの髭","2014年12月イベント用地形",0,99,99,99,"Happy Beard","Barbe du Bonheur",,"幸福之须","幸福的鬍鬚",,,"A land for 2014 Xmas Events.","Région de l'événement du mois de décembre 2014",,"2014年12月活动专用地图","2014年12月活動專用地形",,
227,"覚悟と諦念","2015年4月イベント用地形",0,99,99,99,"Happiness Beard","Barbe du Bonheur",,"觉悟与谛念","覺悟與諦念",,,"A land for 2014 Xmas Events.","Région de l'événement du mois de décembre 2014",,"2015年4月活动专用地图","2015年4月活動專用地形",,
228,"翠緑の魔物","2015年8月イベント用地形",0,99,99,99,"Green Monster","Monstre Vert",,"翠绿的魔物","翠綠的魔物",,,"An August 2015 event dedicated area","Région de l'événement du mois d'août 2015",,"2015年8月活动专用地图","2015年8月活動專用地形",,
229,"2015XmasLand","2015クリスマスイベント専用地形",0,99,99,99,"2015XmasLand","2015XmasLand",,"2015Xmas大陆","2015Xmas大陸","2015XmasLand","2015XmasLand","A land for Xmas Events.","Terre réservée aux événements de Noël.",,"2015圣诞活动的专用地形","聖誕節集會地","Daerah untuk event Natal.","พื้นที่พิเศษสำหรับอีเวนท์คริสมาส"
230,"研究所","2016年1月イベント地形",0,99,99,99,"Laboratory","Laboratoire",,"研究所","研究所",,,"2016 January event dedicated area.","Région de l'événement du mois de Janvier 2016",,"2016年1月活动专用地图","2016年1月活動專用地形",,
231,"2016WhiteLand","2016年3月イベント地形",0,99,99,99,"2016WhiteLand","2016WhiteLand",,"2016WhiteLand","2016WhiteLand",,,,,,"2016年3月活动专用地图","2016年3月活動專用地形",,
232,"歪みの断罪者","2016年5月イベント地形",0,99,99,99,,,,"歪曲的制裁者","歪曲的制裁者",,,,,,"2016年5月活动专用地图","2016年5月活動專用地形",,
233,"夕闇の森","2017年1月イベント地形",0,99,99,99,,,,"薄暮之森","薄暮之森",,,,,,"2017年1月活动专用地图","2017年1月活動專用地形",,
234,"2017ValentineLand","バレンタインイベント専用地形",0,99,99,99,"2017ValentineLand","2017ValentineLand","2017ValentineLand","2017Valentine大陆","2017Valentine大陸","2017ValentineLand","2017ValentineLand","A land for Valentine Events.","Terre réservée aux événements de la St Valentin.","발렌타인 이벤트 전용 지형","情人节活动的专用地形","情人節活動專用地形","Daerah untuk event Valentine.","พื้นที่พิเศษสำหรับอีเวนท์วาเลนไทน์"
235,"2017WhiteLand","2017ホワイトデーイベント専用地形",0,99,99,99,"White Land 2017","WhiteLand 2017","2017WhiteLand","2017白色大陆","2017白色大陸","2017WhiteLand","2017WhiteLand","2017 White Day event dedicated area.","Terre réservée aux événements du White Day 2017.","2017 화이트데이 이벤트 전용 지형","2017白色情人节活动的专用地形","2017白色情人節活動專用地形","Tempat khusus event White Day 2017.","พื้นที่พิเศษสำหรับอีเวนท์ไวท์เดย์ปี 2017"
236,"炎熱の館","2017年7月イベント地形",0,99,99,99,,,,"炎热之馆","炎熱之館",,,,,,"2017年7月活动专用地形","2017年7月活動專用地形",,
300,"断絶の谷","イベントクエスト退避用地形",0,99,99,99,"Valley of Extinction","Vallée de la Rupture","단절의 골짜기","断绝之谷","斷絕之谷",,,"Event quest dedicated saving area.","Région d'évacuation pour la Quête d’Événement","이벤트 퀘스트 대피용 지형","用于活动任务避难的地形","活動避難用地形",,
301,"デバッグエリア","デバッグエリア",0,99,99,99,"Debug Area","Debug Area","디버그 지역","Debug area","Debug area","Debug Area","ดีบั๊ก แอเรีย","Debug Area","Debug Area","디버그 지역","Debug area","Debug area","Debug area.","Debug Area"
1000,"屍人の理","R1カード獲得用MAP",0,99,99,99,"Dead Man's Management","Fondement de la Mort",,"尸人之理","屍人之理",,,"The map where you can acquire rare cards (R1).","Carte pour obtenir une Carte Rare (R1).",,"用于获取稀有卡(R1)的地图","可獲得稀有卡(R1)的地圖",,
1001,"屍人の理","R2カード獲得用MAP",0,99,99,99,"Dead Man's Management","Fondement de la Mort",,"尸人之理","屍人之理",,,"The map where you can acquire rare cards (R2).","Carte pour obtenir une Carte Rare (R1).",,"用于获取稀有卡(R2)的地图","可獲得稀有卡(R2)的地圖",,
2001,"哀憐の丘","2015年2月イベント地形",10,4,1,3,"Pitiful Hill","Colline de la Compassion",,"哀憐之丘","哀憐之丘",,,"2015 February event dedicated area.","Région de l'événement du mois de février 2015",,"2015年2月活动专用地图","2015年2月活動專用地形",,
2002,"揺籃の森","2015年2月イベント地形",10,8,1,3,"Cradle Forest","Forêt au Berceau",,"搖籃之森","搖籃之森",,,"2015 February event dedicated area.","Région de l'événement du mois de février 2015",,"2015年2月活动专用地图","2015年2月活動專用地形",,
2003,"甘き湖","2015年2月イベント地形",10,12,2,6,"Sweetwater Lake","Lac Doucereux",,"鮮甜湖","鮮甜湖",,,"2015 February event dedicated area.","Région de l'événement du mois de février 2015",,"2015年2月活动专用地图","2015年2月活動專用地形",,
2004,"怪夢の要塞","2015年2月イベント地形",10,16,2,5,"Fortress of Nightmares","Forteresse aux Rêves",,"怪夢的要塞","怪夢的要塞",,,"2015 February event dedicated area.","Région de l'événement du mois de février 2015",,"2015年2月活动专用地图","2015年2月活動專用地形",,
2005,"流竄の森","2015年2月イベント地形",10,20,2,5,"Forsaken Forest","Forêt des Exilés",,"流放之森","流放之森",,,"2015 February event dedicated area.","Région de l'événement du mois de février 2015",,"2015年2月活动专用地图","2015年2月活動專用地形",,
2006,"驕る絶峰","2015年2月イベント地形",10,24,3,10,"Arrogance Peak","Mont Généreux",,"自豪絕峰","自豪絕峰",,,"2015 February event dedicated area.","Région de l'événement du mois de février 2015",,"2015年2月活动专用地图","2015年2月活動專用地形",,
2007,"思量の淵","2015年2月イベント地形",10,28,3,6,"Pondering Depth","Abysse de la Pondération",,"思量之淵","思量之淵",,,"2015 February event dedicated area.","Région de l'événement du mois de février 2015",,"2015年2月活动专用地图","2015年2月活動專用地形",,
2008,"軛の城","2015年2月イベント地形",10,32,3,12,"Castle of York","Château de la Servitude",,"軛之城","軛之城",,,"2015 February event dedicated area.","Région de l'événement du mois de février 2015",,"2015年2月活动专用地图","2015年2月活動專用地形",,
2009,"微笑の平原","初心者地形",11,1,1,2,"Smiling Plain","Plaine aux Rires",,"微笑平原","微笑的平原",,,"Area for newcomers","Région pour nouveaux joueurs",,"新手地图","新手地形",,
2010,"屍の森","初心者地形",11,2,1,3,"Dead Forest","Forêt aux Morts",,"尸之森","屍之森",,,"Area for newcomers","Région pour nouveaux joueurs",,"新手地图","新手地形",,
2011,"刻印の峡谷","初心者地形",11,3,2,3,"Carved Canyon","Vallée aux Signes",,"刻印峡谷","刻印的峽谷",,,"Area for newcomers","Région pour nouveaux joueurs",,"新手地图","新手地形",,
2012,"無窮の荒野","初心者地形",11,4,2,4,"Endless Wilderness","Landes Infinies",,"无尽荒野","無窮的荒野",,,"Area for newcomers","Région pour nouveaux joueurs",,"新手地图","新手地形",,
2013,"爪牙の城","初心者地形",11,5,2,5,"Castle of Fangs","Château Épineux",,"爪牙之城","爪牙之城",,,"Area for newcomers","Région pour nouveaux joueurs",,"新手地图","新手地形",,
3001,"外壁通り","2015年6月イベント地形",12,1,1,5,"Outerwall passage","Chemin de Ronde Extérieur",,"外墙通道","外牆通道",,,"A June 2015 event dedicated area","Région de l'événement du mois de juin 2015",,"2015年6月活动专用地图","2015年6月活動專用地形",,
3002,"19番街","2015年6月イベント地形",12,5,1,10,"Street No.19","Quartier 19",,"19号街","19號街",,,"A June 2015 event dedicated area","Région de l'événement du mois de juin 2015",,"2015年6月活动专用地图","2015年6月活動專用地形",,
3003,"67番通り","2015年6月イベント地形",12,15,2,20,"Passage No.67","Rue 67",,"67号通道","67號通道",,,"A June 2015 event dedicated area","Région de l'événement du mois de juin 2015",,"2015年6月活动专用地图","2015年6月活動專用地形",,
3004,"3番公園","2015年6月イベント地形",12,20,2,15,"Park No.3","Parc 3",,"3号公园","3號公園",,,"A June 2015 event dedicated area","Région de l'événement du mois de juin 2015",,"2015年6月活动专用地图","2015年6月活動專用地形",,
3005,"13番広場","2015年6月イベント地形",12,30,3,25,"Square No.13","Place 13",,"13号广场","13號廣場",,,"A June 2015 event dedicated area","Région de l'événement du mois de juin 2015",,"2015年6月活动专用地图","2015年6月活動專用地形",,
3006,"結界の樹林","2015年10月イベント地形",14,5,1,5,"Woods of Barrier","Limites de la Forêt",,"结界的树林","結界的樹林",,,"An October 2015 event dedicated area","Carte pour l'événement du mois d'octobre 2015",,"2015年10月活动专用地图","2015年10月活動專用地形",,
3007,"死霊蠢く林地","2015年10月イベント地形",14,10,1,10,"Forest of Restless Specters","Bois aux Âmes rampantes",,"死灵蠢动的森林","死靈蠢動的森林",,,"An October 2015 event dedicated area","Carte pour l'événement du mois d'octobre 2015",,"2015年10月活动专用地图","2015年10月活動專用地形",,
3008,"呪詛の深緑","2015年10月イベント地形",14,20,3,20,"Cursed Green","Profondeurs maudites",,"诅咒的深绿","詛咒的深綠",,,"An October 2015 event dedicated area","Carte pour l'événement du mois d'octobre 2015",,"2015年10月活动专用地图","2015年10月活動專用地形",,
3009,"怨嗟の森林","2015年10月イベント地形",14,15,2,15,"Forest of Hatred","Forêt de la Rancœur",,"怨恨的森林","怨恨的森林",,,"An October 2015 event dedicated area","Carte pour l'événement du mois d'octobre 2015",,"2015年10月活动专用地图","2015年10月活動專用地形",,
3010,"南瓜王の城","2015年10月イベント地形",14,25,4,25,"Castle of the Pumpking","Château du Roi Citrouille",,"南瓜王的城堡","南瓜王的城堡",,,"An October 2015 event dedicated area","Carte pour l'événement du mois d'octobre 2015",,"2015年10月活动专用地图","2015年10月活動專用地形",,
3011,"隠匿の宝物庫","2015年10月イベント地形",0,99,99,99,"Hidden Treasure Vault","Coffre aux Trésors Cachés",,"隐匿的宝物库","隱匿的寶物庫",,,"An October 2015 event dedicated area","Carte pour l'événement du mois d'octobre 2015",,"2015年10月活动专用地图","2015年10月活動專用地形",,
3012,"哄笑の平原","2016年4月イベント地形",15,3,1,3,,"Plaine aux Rires",,"哄笑的平原","哄笑的平原",,,"An April 2016 event dedicated area","Carte pour l'événement du mois d'avril 2016",,"2016年4月活动专用地形","2016年4月活動專用地形",,
3013,"不死の森","2016年4月イベント地形",15,12,2,12,,"Forêt des Immortels",,"不死之森","不死之森",,,"An April 2016 event dedicated area","Carte pour l'événement du mois d'avril 2016",,"2016年4月活动专用地形","2016年4月活動專用地形",,
3014,"瑕瑾の峡谷","2016年4月イベント地形",15,18,2,18,,"Vallée aux Éclats",,"瑕瑾的峡谷","瑕瑾的峽谷",,,"An April 2016 event dedicated area","Carte pour l'événement du mois d'avril 2016",,"2016年4月活动专用地形","2016年4月活動專用地形",,
3015,"須臾の荒野","2016年4月イベント地形",15,15,3,15,,"Anciennes Terres Désolées",,"须臾的荒野","須臾的荒野",,,"An April 2016 event dedicated area","Carte pour l'événement du mois d'avril 2016",,"2016年4月活动专用地形","2016年4月活動專用地形",,
3016,"黒衣の城","2016年4月イベント地形",15,27,3,27,,"Château aux Draps Noirs",,"黑衣之城","黑衣之城",,,"An April 2016 event dedicated area","Carte pour l'événement du mois d'avril 2016",,"2016年4月活动专用地形","2016年4月活動專用地形",,
3017,"橙の小道","2016年7月イベント地形",16,3,1,3,,,,"橙色小径","橙色小徑",,,,,,"2016年7月活动专用地形","2016年7月活動專用地形",,
3018,"水面の空","2016年7月イベント地形",16,12,2,12,,,,"水面之空","水面之空",,,,,,"2016年7月活动专用地形","2016年7月活動專用地形",,
3019,"炎天の草原","2016年7月イベント地形",16,18,2,18,,,,"炎天草原","炎天草原",,,,,,"2016年7月活动专用地形","2016年7月活動專用地形",,
3020,"透明な森林","2016年7月イベント地形",16,15,3,15,,,,"透明森林","透明森林",,,,,,"2016年7月活动专用地形","2016年7月活動專用地形",,
3021,"露草の丘","2016年7月イベント地形",16,27,3,27,,,,"露草之丘","露草之丘",,,,,,"2016年7月活动专用地形","2016年7月活動專用地形",,
3022,"澆薄の平原","2016年10月イベント地形",16,3,1,3,,,,"浇薄的平原","澆薄的平原",,,,,,"2016年10月活动专用地形","2016年10月活動專用地形",,
3023,"憤激の荒野","2016年10月イベント地形",16,12,2,12,,,,"激愤的荒野","激憤的荒野",,,,,,"2016年10月活动专用地形","2016年10月活動專用地形",,
3024,"烙血の森","2016年10月イベント地形",16,18,2,18,,,,"烙血之森","烙血之森",,,,,,"2016年10月活动专用地形","2016年10月活動專用地形",,
3025,"暁鐘鳴る谷","2016年10月イベント地形",16,15,3,15,,,,"鸣晓钟之谷","鳴曉鐘之谷",,,,,,"2016年10月活动专用地形","2016年10月活動專用地形",,
3026,"補綴の地平","2016年10月イベント地形",16,27,3,27,,,,"补缀的地平","補綴的地平",,,,,,"2016年10月活动专用地形","2016年10月活動專用地形",,
3027,"哄笑の平原","2017年4月イベント地形",17,3,1,3,,"Plaine aux Rires",,"哄笑的平原","哄笑的平原",,,"An April 2017 event dedicated area","Carte pour l'événement du mois d'avril 2017",,"2017年4月活动专用地形","2017年4月活動專用地形",,
3028,"不死の森","2017年4月イベント地形",17,12,2,12,,"Forêt des Immortels",,"不死之森","不死之森",,,"An April 2017 event dedicated area","Carte pour l'événement du mois d'avril 2017",,"2017年4月活动专用地形","2017年4月活動專用地形",,
3029,"瑕瑾の峡谷","2017年4月イベント地形",17,18,2,18,,"Vallée aux Éclats",,"瑕瑾的峡谷","瑕瑾的峽谷",,,"An April 2017 event dedicated area","Carte pour l'événement du mois d'avril 2017",,"2017年4月活动专用地形","2017年4月活動專用地形",,
3030,"須臾の荒野","2017年4月イベント地形",17,15,3,15,,"Anciennes Terres Désolées",,"须臾的荒野","須臾的荒野",,,"An April 2017 event dedicated area","Carte pour l'événement du mois d'avril 2017",,"2017年4月活动专用地形","2017年4月活動專用地形",,
3031,"黒衣の城","2017年4月イベント地形",17,27,3,27,,"Château aux Draps Noirs",,"黑衣之城","黑衣之城",,,"An April 2017 event dedicated area","Carte pour l'événement du mois d'avril 2017",,"2017年4月活动专用地形","2017年4月活動專用地形",,
5001,"人気投票2015","人気投票用イベントMAP ",13,5,1,5,"Popularity Voting MAP","Le plus populaire d'Unlight, année 2015",,"人气投票2015","人氣投票2015",,,"Popularity Voting MAP","Carte pour l'Événement Vote de Popularité",,"人气投票用活动MAP","人氣投票用活動MAP ",,
5002,"人気投票2015","人気投票用イベントMAP ",13,5,1,5,"Popularity Voting MAP","Le plus populaire d'Unlight, année 2015",,"人气投票2015","人氣投票2015",,,"Popularity Voting MAP","Carte pour l'Événement Vote de Popularité",,"人气投票用活动MAP","人氣投票用活動MAP ",,
5003,"人気投票2015","人気投票用イベントMAP ",13,5,1,5,"Popularity Voting MAP","Le plus populaire d'Unlight, année 2015",,"人气投票2015","人氣投票2015",,,"Popularity Voting MAP","Carte pour l'Événement Vote de Popularité",,"人气投票用活动MAP","人氣投票用活動MAP ",,
5004,"人気投票2015","人気投票用イベントMAP ",13,5,1,5,"Popularity Voting MAP","Le plus populaire d'Unlight, année 2015",,"人气投票2015","人氣投票2015",,,"Popularity Voting MAP","Carte pour l'Événement Vote de Popularité",,"人气投票用活动MAP","人氣投票用活動MAP ",,
5005,"人気投票2015","人気投票用イベントMAP ",13,5,1,5,"Popularity Voting MAP","Le plus populaire d'Unlight, année 2015",,"人气投票2015","人氣投票2015",,,"Popularity Voting MAP","Carte pour l'Événement Vote de Popularité",,"人气投票用活动MAP","人氣投票用活動MAP ",,
5006,"人気投票2015","人気投票用イベントMAP ",13,5,1,5,"Popularity Voting MAP","Le plus populaire d'Unlight, année 2015",,"人气投票2015","人氣投票2015",,,"Popularity Voting MAP","Carte pour l'Événement Vote de Popularité",,"人气投票用活动MAP","人氣投票用活動MAP ",,
5007,"人気投票2015","人気投票用イベントMAP ",13,5,1,5,"Popularity Voting MAP","Le plus populaire d'Unlight, année 2015",,"人气投票2015","人氣投票2015",,,"Popularity Voting MAP","Carte pour l'Événement Vote de Popularité",,"人气投票用活动MAP","人氣投票用活動MAP ",,
5008,"人気投票","人気投票用イベントMAP ",13,5,1,5,"Popularity Voting MAP","Le plus populaire d'Unlight",,"人气投票","人氣投票",,,"Popularity Voting MAP","Carte pour l'Événement Vote de Popularité",,"人气投票用活动MAP","人氣投票用活動MAP ",,
5009,"人気投票","人気投票用イベントMAP ",13,5,1,5,"Popularity Voting MAP","Le plus populaire d'Unlight",,"人气投票","人氣投票",,,"Popularity Voting MAP","Carte pour l'Événement Vote de Popularité",,"人气投票用活动MAP","人氣投票用活動MAP ",,
5010,"人気投票","人気投票用イベントMAP ",13,5,1,5,"Popularity Voting MAP","Le plus populaire d'Unlight",,"人气投票","人氣投票",,,"Popularity Voting MAP","Carte pour l'Événement Vote de Popularité",,"人气投票用活动MAP","人氣投票用活動MAP ",,
