"id","name","allocation_type","allocation_id","treasure_type","slot_type","value","name_en","name_fr","name_kr","name_scn","name_tcn","name_ina","name_thai"
1,"エヴァリスト1",0,,1,1,1,"Evarist 1","Evarist 1","에바리스트1","艾伯李斯特1","艾伯李斯特1","Evarist 1","เอวาริสท์"
2,"エヴァリスト2",0,,1,1,2,"Evarist 2","Evarist 2","에바리스트2","艾伯李斯特2","艾伯李斯特2","Evarist 2","เอวาริสท์"
3,"エヴァリスト3",0,,1,1,3,"Evarist 3","Evarist 3","에바리스트3","艾伯李斯特3","艾伯李斯特3","Evarist 3","เอวาริสท์"
4,"エヴァリスト4",0,,1,1,4,"Evarist 4","Evarist 4",,"艾伯李斯特4","艾伯李斯特4",,
5,"エヴァリスト5",0,,1,1,5,"Evarist 5","Evarist 5",,"艾伯李斯特5","艾伯李斯特5",,
6,"エヴァリストR1",0,,1,1,6,"Evarist R1","Evarist R1",,"艾伯李斯特R1","艾伯李斯特R1",,
7,"エヴァリストR2",0,,1,1,7,"Evarist R2","Evarist R2",,"艾伯李斯特R2","艾伯李斯特R2",,
8,"エヴァリストR3",0,,1,1,8,"Evarist R3","Evarist R3",,"艾伯李斯特R3","艾伯李斯特R3",,
9,"エヴァリストR4",0,,1,1,9,"Evarist R4","Evarist R4",,"艾伯李斯特R4","艾伯李斯特R4",,
10,"エヴァリストR5",0,,1,1,10,"Evarist R5","Evarist R5",,"艾伯李斯特R5","艾伯李斯特R5",,
11,"アイザック1",0,,1,1,11,"Izac 1","Isaac 1","아이자크1","艾依查库1","艾依查庫1","Izac 1","ไอแซ็ค"
12,"アイザック2",0,,1,1,12,"Izac 2","Isaac 2","아이자크2","艾依查库2","艾依查庫2","Izac 2","ไอแซ็ค"
13,"アイザック3",0,,1,1,13,"Izac 3","Isaac 3","아이자크3","艾依查库3","艾依查庫3","Izac 3","ไอแซ็ค"
14,"アイザック4",0,,1,1,14,"Izac 4","Isaac 4",,"艾依查库4","艾依查庫4",,
15,"アイザック5",0,,1,1,15,"Izac 5","Isaac 5",,"艾依查库5","艾依查庫5",,
16,"アイザックR1",0,,1,1,16,"Izac R1","Isaac R1",,"艾依查库R1","艾依查庫R1",,
17,"アイザックR2",0,,1,1,17,"Izac R2","Isaac R2",,"艾依查库R2","艾依查庫R2",,
18,"アイザックR3",0,,1,1,18,"Izac R3","Isaac R3",,"艾依查库R3","艾依查庫R3",,
19,"アイザックR4",0,,1,1,19,"Izac R4","Isaac R4",,"艾依查库R4","艾依查庫R4",,
20,"アイザックR5",0,,1,1,20,"Izac R5","Isaac R5",,"艾依查库R5","艾依查庫R5",,
21,"グリュンワルド1",0,,1,1,21,"Grunwald 1","Grunwald 1","그룬왈드1","古鲁瓦尔多1","古魯瓦爾多1","Grunwald 1","กรุนวัลด์"
22,"グリュンワルド2",0,,1,1,22,"Grunwald 2","Grunwald 2","그룬왈드2","古鲁瓦尔多2","古魯瓦爾多2","Grunwald 2","กรุนวัลด์"
23,"グリュンワルド3",0,,1,1,23,"Grunwald 3","Grunwald 3","그룬왈드3","古鲁瓦尔多3","古魯瓦爾多3","Grunwald 3","กรุนวัลด์"
24,"グリュンワルド4",0,,1,1,24,"Grunwald 4","Grunwald 4",,"古鲁瓦尔多4","古魯瓦爾多4",,
25,"グリュンワルド5",0,,1,1,25,"Grunwald 5","Grunwald 5",,"古鲁瓦尔多5","古魯瓦爾多5",,
26,"グリュンワルドR1",0,,1,1,26,"Grunwald R1","Grunwald R1",,"古鲁瓦尔多R1","古魯瓦爾多R1",,
27,"グリュンワルドR2",0,,1,1,27,"Grunwald R2","Grunwald R2",,"古鲁瓦尔多R2","古魯瓦爾多R2",,
28,"グリュンワルドR3",0,,1,1,28,"Grunwald R3","Grunwald R3",,"古鲁瓦尔多R3","古魯瓦爾多R3",,
29,"グリュンワルドR4",0,,1,1,29,"Grunwald R4","Grunwald R4",,"古鲁瓦尔多R4","古魯瓦爾多R4",,
30,"グリュンワルドR5",0,,1,1,30,"Grunwald R5","Grunwald R5",,"古鲁瓦尔多R5","古魯瓦爾多R5",,
31,"アベル1",0,,1,1,31,"Abel 1","Abel 1","아벨1","阿贝尔1","阿貝爾1","Abel 1","อาเบล"
32,"アベル2",0,,1,1,32,"Abel 2","Abel 2","아벨2","阿贝尔2","阿貝爾2","Abel 2","อาเบล"
33,"アベル3",0,,1,1,33,"Abel 3","Abel 3","아벨3","阿贝尔3","阿貝爾3","Abel 3","อาเบล"
34,"アベル4",0,,1,1,34,"Abel 4","Abel 4",,"阿贝尔4","阿貝爾4",,
35,"アベル5",0,,1,1,35,"Abel 5","Abel 5",,"阿贝尔5","阿貝爾5",,
36,"アベルR1",0,,1,1,36,"Abel R1","Abel R1",,"阿贝尔R1","阿貝爾R1",,
37,"アベルR2",0,,1,1,37,"Abel R2","Abel R2",,"阿贝尔R2","阿貝爾R2",,
38,"アベルR3",0,,1,1,38,"Abel R3","Abel R3",,"阿贝尔R3","阿貝爾R3",,
39,"アベルR4",0,,1,1,39,"Abel R4","Abel R4",,"阿贝尔R4","阿貝爾R4",,
40,"アベルR5",0,,1,1,40,"Abel R5","Abel R5",,"阿贝尔R5","阿貝爾R5",,
41,"レオン1",0,,1,1,41,"Leon 1","Léon 1","레온1","利恩1","利恩1","Leon 1","เลออน"
42,"レオン2",0,,1,1,42,"Leon 2","Léon 2","레온2","利恩2","利恩2","Leon 2","เลออน"
43,"レオン3",0,,1,1,43,"Leon 3","Léon 3","레온3","利恩3","利恩3","Leon 3","เลออน"
44,"レオン4",0,,1,1,44,"Leon 4","Léon 4",,"利恩4","利恩4",,
45,"レオン5",0,,1,1,45,"Leon 5","Léon 5",,"利恩5","利恩5",,
46,"レオンR1",0,,1,1,46,"Leon R1","Léon R1",,"利恩R1","利恩R1",,
47,"レオンR2",0,,1,1,47,"Leon R2","Léon R2",,"利恩R2","利恩R2",,
48,"レオンR3",0,,1,1,48,"Leon R3","Léon R3",,"利恩R3","利恩R3",,
49,"レオンR4",0,,1,1,49,"Leon R4","Léon R4",,"利恩R4","利恩R4",,
50,"レオンR5",0,,1,1,50,"Leon R5","Léon R5",,"利恩R5","利恩R5",,
51,"クレーニヒ1",0,,1,1,51,"Kronig 1","Kronig 1","크레니히1","库勒尼西1","庫勒尼西1","Kronig 1","โครนิก"
52,"クレーニヒ2",0,,1,1,52,"Kronig 2","Kronig 2","크레니히2","库勒尼西2","庫勒尼西2","Kronig 2","โครนิก"
53,"クレーニヒ3",0,,1,1,53,"Kronig 3","Kronig 3","크레니히3","库勒尼西3","庫勒尼西3","Kronig 3","โครนิก"
54,"クレーニヒ4",0,,1,1,54,"Kronig 4","Kronig 4",,"库勒尼西4","庫勒尼西4",,
55,"クレーニヒ5",0,,1,1,55,"Kronig 5","Kronig 5",,"库勒尼西5","庫勒尼西5",,
56,"クレーニヒR1",0,,1,1,56,"Kronig R1","Kronig R1",,"库勒尼西R1","庫勒尼西R1",,
57,"クレーニヒR2",0,,1,1,57,"Kronig R2","Kronig R2",,"库勒尼西R2","庫勒尼西R2",,
58,"クレーニヒR3",0,,1,1,58,"Kronig R3","Kronig R3",,"库勒尼西R3","庫勒尼西R3",,
59,"クレーニヒR4",0,,1,1,59,"Kronig R4","Kronig R4",,"库勒尼西R4","庫勒尼西R4",,
60,"クレーニヒR5",0,,1,1,60,"Kronig R5","Kronig R5",,"库勒尼西R5","庫勒尼西R5",,
61,"ジェッド1",0,,1,1,61,"Jead 1","Jead 1","제드1","杰多1","傑多1","Jaed 1","เจด"
62,"ジェッド2",0,,1,1,62,"Jead 2","Jead 2","제드2","杰多2","傑多2","Jaed 2","เจด"
63,"ジェッド3",0,,1,1,63,"Jead 3","Jead 3","제드3","杰多3","傑多3","Jaed 3","เจด"
64,"ジェッド4",0,,1,1,64,"Jead 4","Jead 4",,"杰多4","傑多4",,
65,"ジェッド5",0,,1,1,65,"Jead 5","Jead 5",,"杰多5","傑多5",,
66,"ジェッドR1",0,,1,1,66,"Jead R1","Jead R1",,"杰多R1","傑多R1",,
67,"ジェッドR2",0,,1,1,67,"Jead R2","Jead R2",,"杰多R2","傑多R2",,
68,"ジェッドR3",0,,1,1,68,"Jead R3","Jead R3",,"杰多R3","傑多R3",,
69,"ジェッドR4",0,,1,1,69,"Jead R4","Jead R4",,"杰多R4","傑多R4",,
70,"ジェッドR5",0,,1,1,70,"Jead R5","Jead R5",,"杰多R5","傑多R5",,
71,"アーチボルト1",0,,1,1,71,"Archibald 1","Archibald 1","아치볼드1","阿奇波尔多1","阿奇波爾多1","Archibald 1","อาร์ชิบัลท์"
72,"アーチボルト2",0,,1,1,72,"Archibald 2","Archibald 2","아치볼드2","阿奇波尔多2","阿奇波爾多2","Archibald 2","อาร์ชิบัลท์"
73,"アーチボルト3",0,,1,1,73,"Archibald 3","Archibald 3","아치볼드3","阿奇波尔多3","阿奇波爾多3","Archibald 3","อาร์ชิบัลท์"
74,"アーチボルト4",0,,1,1,74,"Archibald 4","Archibald 4",,"阿奇波尔多4","阿奇波爾多4",,
75,"アーチボルト5",0,,1,1,75,"Archibald 5","Archibald 5",,"阿奇波尔多5","阿奇波爾多5",,
76,"アーチボルトR1",0,,1,1,76,"Archibald R1","Archibald R1",,"阿奇波尔多R1","阿奇波爾多R1",,
77,"アーチボルトR2",0,,1,1,77,"Archibald R2","Archibald R2",,"阿奇波尔多R2","阿奇波爾多R2",,
78,"アーチボルトR3",0,,1,1,78,"Archibald R3","Archibald R3",,"阿奇波尔多R3","阿奇波爾多R3",,
79,"アーチボルトR4",0,,1,1,79,"Archibald R4","Archibald R4",,"阿奇波尔多R4","阿奇波爾多R4",,
80,"アーチボルトR5",0,,1,1,80,"Archibald R5","Archibald R5",,"阿奇波尔多R5","阿奇波爾多R5",,
81,"マックス1",0,,1,1,81,"Max 1","Max 1","맥스1","马库斯1","馬庫斯1","Max 1","แม็กซ์"
82,"マックス2",0,,1,1,82,"Max 2","Max 2","맥스2","马库斯2","馬庫斯2","Max 2","แม็กซ์"
83,"マックス3",0,,1,1,83,"Max 3","Max 3","맥스3","马库斯3","馬庫斯3","Max 3","แม็กซ์"
84,"マックス4",0,,1,1,84,"Max 4","Max 4",,"马库斯4","馬庫斯4",,
85,"マックス5",0,,1,1,85,"Max 5","Max 5",,"马库斯5","馬庫斯5",,
86,"マックスR1",0,,1,1,86,"Max R1","Max R1",,"马库斯R1","馬庫斯R1",,
87,"マックスR2",0,,1,1,87,"Max R2","Max R2",,"马库斯R2","馬庫斯R2",,
88,"マックスR3",0,,1,1,88,"Max R3","Max R3",,"马库斯R3","馬庫斯R3",,
89,"マックスR4",0,,1,1,89,"Max R4","Max R4",,"马库斯R4","馬庫斯R4",,
90,"マックスR5",0,,1,1,90,"Max R5","Max R5",,"马库斯R5","馬庫斯R5",,
91,"ブレイズ1",0,,1,1,91,"Blaise 1","Blaise 1","브레이즈1","布列依斯1","布列依斯1","Blaise 1","เบลซ"
92,"ブレイズ2",0,,1,1,92,"Blaise 2","Blaise 2","브레이즈2","布列依斯2","布列依斯2","Blaise 2","เบลซ"
93,"ブレイズ3",0,,1,1,93,"Blaise 3","Blaise 3","브레이즈3","布列依斯3","布列依斯3","Blaise 3","เบลซ"
94,"ブレイズ4",0,,1,1,94,"Blaise 4","Blaise 4",,"布列依斯4","布列依斯4",,
95,"ブレイズ5",0,,1,1,95,"Blaise 5","Blaise 5",,"布列依斯5","布列依斯5",,
96,"ブレイズR1",0,,1,1,96,"Blaise R1","Blaise R1",,"布列依斯R1","布列依斯R1",,
97,"ブレイズR2",0,,1,1,97,"Blaise R2","Blaise R2",,"布列依斯R2","布列依斯R2",,
98,"ブレイズR3",0,,1,1,98,"Blaise R3","Blaise R3",,"布列依斯R3","布列依斯R3",,
99,"ブレイズR4",0,,1,1,99,"Blaise R4","Blaise R4",,"布列依斯R4","布列依斯R4",,
100,"ブレイズR5",0,,1,1,100,"Blaise R5","Blaise R5",,"布列依斯R5","布列依斯R5",,
101,"シェリ1",0,,1,1,101,"Sheri 1","Sheri 1","쉐리1","雪莉1","雪莉1","Sherie 1","เชรี"
102,"シェリ2",0,,1,1,102,"Sheri 2","Sheri 2","쉐리2","雪莉2","雪莉2","Sherie 2","เชรี"
103,"シェリ3",0,,1,1,103,"Sheri 3","Sheri 3","쉐리3","雪莉3","雪莉3","Sherie 3","เชรี"
104,"シェリ4",0,,1,1,104,"Sheri 4","Sheri 4",,"雪莉4","雪莉4",,
105,"シェリ5",0,,1,1,105,"Sheri 5","Sheri 5",,"雪莉5","雪莉5",,
106,"シェリR1",0,,1,1,106,"Sheri R1","Sheri R1",,"雪莉R1","雪莉R1",,
107,"シェリR2",0,,1,1,107,"Sheri R2","Sheri R2",,"雪莉R2","雪莉R2",,
108,"シェリR3",0,,1,1,108,"Sheri R3","Sheri R3",,"雪莉R3","雪莉R3",,
109,"シェリR4",0,,1,1,109,"Sheri R4","Sheri R4",,"雪莉R4","雪莉R4",,
110,"シェリR5",0,,1,1,110,"Sheri R5","Sheri R5",,"雪莉R5","雪莉R5",,
111,"アイン1",0,,1,1,111,"Ayn 1","Ayn 1","아인1","艾茵1","艾茵1","Ayn 1","ไอน์"
112,"アイン2",0,,1,1,112,"Ayn 2","Ayn 2","아인2","艾茵2","艾茵2","Ayn 2","ไอน์"
113,"アイン3",0,,1,1,113,"Ayn 3","Ayn 3","아인3","艾茵3","艾茵3","Ayn 3","ไอน์"
114,"アイン4",0,,1,1,114,"Ayn 4","Ayn 4",,"艾茵4","艾茵4",,
115,"アイン5",0,,1,1,115,"Ayn 5","Ayn 5",,"艾茵5","艾茵5",,
116,"アインR1",0,,1,1,116,"Ayn R1","Ayn R1",,"艾茵R1","艾茵R1",,
117,"アインR2",0,,1,1,117,"Ayn R2","Ayn R2",,"艾茵R2","艾茵R2",,
118,"アインR3",0,,1,1,118,"Ayn R3","Ayn R3",,"艾茵R3","艾茵R3",,
119,"アインR4",0,,1,1,119,"Ayn R4","Ayn R4",,"艾茵R4","艾茵R4",,
120,"アインR5",0,,1,1,120,"Ayn R5","Ayn R5",,"艾茵R5","艾茵R5",,
121,"ベルンハルト1",0,,1,1,121,"Bernhard 1","Bernhard 1","베른하드1","伯恩哈德1","伯恩哈德1","Bernhard 1","เบิร์นฮาร์ท"
122,"ベルンハルト2",0,,1,1,122,"Bernhard 2","Bernhard 2","베른하드2","伯恩哈德2","伯恩哈德2","Bernhard 2","เบิร์นฮาร์ท"
123,"ベルンハルト3",0,,1,1,123,"Bernhard 3","Bernhard 3","베른하드3","伯恩哈德3","伯恩哈德3","Bernhard 3","เบิร์นฮาร์ท"
124,"ベルンハルト4",0,,1,1,124,"Bernhard 4","Bernhard 4",,"伯恩哈德4","伯恩哈德4",,
125,"ベルンハルト5",0,,1,1,125,"Bernhard 5","Bernhard 5",,"伯恩哈德5","伯恩哈德5",,
126,"ベルンハルトR1",0,,1,1,126,"Bernhard R1","Bernhard R1",,"伯恩哈德R1","伯恩哈德R1",,
127,"ベルンハルトR2",0,,1,1,127,"Bernhard R2","Bernhard R2",,"伯恩哈德R2","伯恩哈德R2",,
128,"ベルンハルトR3",0,,1,1,128,"Bernhard R3","Bernhard R3",,"伯恩哈德R3","伯恩哈德R3",,
129,"ベルンハルトR4",0,,1,1,129,"Bernhard R4","Bernhard R4",,"伯恩哈德R4","伯恩哈德R4",,
130,"ベルンハルトR5",0,,1,1,130,"Bernhard R5","Bernhard R5",,"伯恩哈德R5","伯恩哈德R5",,
131,"フリードリヒ1",0,,1,1,131,"Friedrich 1","Friedrich 1","프리드리히1","弗雷特里西1","弗雷特里西1","Friedrich 1","ฟรีดริช"
132,"フリードリヒ2",0,,1,1,132,"Friedrich 2","Friedrich 2","프리드리히2","弗雷特里西2","弗雷特里西2","Friedrich 2","ฟรีดริช"
133,"フリードリヒ3",0,,1,1,133,"Friedrich 3","Friedrich 3","프리드리히3","弗雷特里西3","弗雷特里西3","Friedrich 3","ฟรีดริช"
134,"フリードリヒ4",0,,1,1,134,"Friedrich 4","Friedrich 4",,"弗雷特里西4","弗雷特里西4",,
135,"フリードリヒ5",0,,1,1,135,"Friedrich 5","Friedrich 5",,"弗雷特里西5","弗雷特里西5",,
136,"フリードリヒR1",0,,1,1,136,"Friedrich R1","Friedrich R1",,"弗雷特里西R1","弗雷特里西R1",,
137,"フリードリヒR2",0,,1,1,137,"Friedrich R2","Friedrich R2",,"弗雷特里西R2","弗雷特里西R2",,
138,"フリードリヒR3",0,,1,1,138,"Friedrich R3","Friedrich R3",,"弗雷特里西R3","弗雷特里西R3",,
139,"フリードリヒR4",0,,1,1,139,"Friedrich R4","Friedrich R4",,"弗雷特里西R4","弗雷特里西R4",,
140,"フリードリヒR5",0,,1,1,140,"Friedrich R5","Friedrich R5",,"弗雷特里西R5","弗雷特里西R5",,
141,"マルグリッド1",0,,1,1,141,"Marguerite 1","Marguerite 1","마르그리드1","玛格莉特1","瑪格莉特1","Marguerite 1","มาร์กรีต"
142,"マルグリッド2",0,,1,1,142,"Marguerite 2","Marguerite 2","마르그리드2","玛格莉特2","瑪格莉特2","Marguerite 2","มาร์กรีต"
143,"マルグリッド3",0,,1,1,143,"Marguerite 3","Marguerite 3","마르그리드3","玛格莉特3","瑪格莉特3","Marguerite 3","มาร์กรีต"
144,"マルグリッド4",0,,1,1,144,"Marguerite 4","Marguerite 4",,"玛格莉特4","瑪格莉特4",,
145,"マルグリッド5",0,,1,1,145,"Marguerite 5","Marguerite 5",,"玛格莉特5","瑪格莉特5",,
146,"マルグリッドR1",0,,1,1,146,"Marguerite R1","Marguerite R1",,"玛格莉特R1","瑪格莉特R1",,
147,"マルグリッドR2",0,,1,1,147,"Marguerite R2","Marguerite R2",,"玛格莉特R2","瑪格莉特R2",,
148,"マルグリッドR3",0,,1,1,148,"Marguerite R3","Marguerite R3",,"玛格莉特R3","瑪格莉特R3",,
149,"マルグリッドR4",0,,1,1,149,"Marguerite R4","Marguerite R4",,"玛格莉特R4","瑪格莉特R4",,
150,"マルグリッドR5",0,,1,1,150,"Marguerite R5","Marguerite R5",,"玛格莉特R5","瑪格莉特R5",,
151,"ドニタ1",0,,1,1,151,"Donita 1","Donita 1","도니타1","多妮妲1","多妮坦1","Donita 1","โดนิต้า"
152,"ドニタ2",0,,1,1,152,"Donita 2","Donita 2","도니타2","多妮妲2","多妮坦2","Donita 2","โดนิต้า"
153,"ドニタ3",0,,1,1,153,"Donita 3","Donita 3","도니타3","多妮妲3","多妮坦3","Donita 3","โดนิต้า"
154,"ドニタ4",0,,1,1,154,"Donita 4","Donita 4",,"多妮妲4","多妮坦4",,
155,"ドニタ5",0,,1,1,155,"Donita 5","Donita 5",,"多妮妲5","多妮坦5",,
156,"ドニタR1",0,,1,1,156,"Donita R1","Donita R1",,"多妮妲R1","多妮坦R1",,
157,"ドニタR2",0,,1,1,157,"Donita R2","Donita R2",,"多妮妲R2","多妮坦R2",,
158,"ドニタR3",0,,1,1,158,"Donita R3","Donita R3",,"多妮妲R3","多妮坦R3",,
159,"ドニタR4",0,,1,1,159,"Donita R4","Donita R4",,"多妮妲R4","多妮坦R4",,
160,"ドニタR5",0,,1,1,160,"Donita R5","Donita R5",,"多妮妲R5","多妮坦R5",,
161,"スプラート1",0,,1,1,161,"Sprout 1","Sprout 1","스프라우트1","史普拉多1","史普拉多1","Sprout 1","สเปราท์"
162,"スプラート2",0,,1,1,162,"Sprout 2","Sprout 2","스프라우트2","史普拉多2","史普拉多2","Sprout 2","สเปราท์"
163,"スプラート3",0,,1,1,163,"Sprout 3","Sprout 3","스프라우트3","史普拉多3","史普拉多3","Sprout 3","สเปราท์"
164,"スプラート4",0,,1,1,164,"Sprout 4","Sprout 4",,"史普拉多4","史普拉多4",,
165,"スプラート5",0,,1,1,165,"Sprout 5","Sprout 5",,"史普拉多5","史普拉多5",,
166,"スプラートR1",0,,1,1,166,"Sprout R1","Sprout R1",,"史普拉多R1","史普拉多R1",,
167,"スプラートR2",0,,1,1,167,"Sprout R2","Sprout R2",,"史普拉多R2","史普拉多R2",,
168,"スプラートR3",0,,1,1,168,"Sprout R3","Sprout R3",,"史普拉多R3","史普拉多R3",,
169,"スプラートR4",0,,1,1,169,"Sprout R4","Sprout R4",,"史普拉多R4","史普拉多R4",,
170,"スプラートR5",0,,1,1,170,"Sprout R5","Sprout R5",,"史普拉多R5","史普拉多R5",,
171,"ベリンダ1",0,,1,1,171,"Belinda 1","Belinda 1","벨린다1","贝琳达1","貝琳達1","Belinda 1","เบลินดา"
172,"ベリンダ2",0,,1,1,172,"Belinda 2","Belinda 2","벨린다2","贝琳达2","貝琳達2","Belinda 2","เบลินดา"
173,"ベリンダ3",0,,1,1,173,"Belinda 3","Belinda 3","벨린다3","贝琳达3","貝琳達3","Belinda 3","เบลินดา"
174,"ベリンダ4",0,,1,1,174,"Belinda 4","Belinda 4",,"贝琳达4","貝琳達4",,
175,"ベリンダ5",0,,1,1,175,"Belinda 5","Belinda 5",,"贝琳达5","貝琳達5",,
176,"ベリンダR1",0,,1,1,176,"Belinda R1","Belinda R1",,"贝琳达R1","貝琳達R1",,
177,"ベリンダR2",0,,1,1,177,"Belinda R2","Belinda R2",,"贝琳达R2","貝琳達R2",,
178,"ベリンダR3",0,,1,1,178,"Belinda R3","Belinda R3",,"贝琳达R3","貝琳達R3",,
179,"ベリンダR4",0,,1,1,179,"Belinda R4","Belinda R4",,"贝琳达R4","貝琳達R4",,
180,"ベリンダR5",0,,1,1,180,"Belinda R5","Belinda R5",,"贝琳达R5","貝琳達R5",,
181,"ロッソ1",0,,1,1,181,"Rosso 1","Rosso 1","로쏘1","罗索1","羅索1","Rosso 1","รอสโซ่"
182,"ロッソ2",0,,1,1,182,"Rosso 2","Rosso 2","로쏘2","罗索2","羅索2","Rosso 2","รอสโซ่"
183,"ロッソ3",0,,1,1,183,"Rosso 3","Rosso 3","로쏘3","罗索3","羅索3","Rosso 3","รอสโซ่"
184,"ロッソ4",0,,1,1,184,"Rosso 4","Rosso 4",,"罗索4","羅索4",,
185,"ロッソ5",0,,1,1,185,"Rosso 5","Rosso 5",,"罗索5","羅索5",,
186,"ロッソR1",0,,1,1,186,"Rosso R1","Rosso R1",,"罗索R1","羅索R1",,
187,"ロッソR2",0,,1,1,187,"Rosso R2","Rosso R2",,"罗索R2","羅索R2",,
188,"ロッソR3",0,,1,1,188,"Rosso R3","Rosso R3",,"罗索R3","羅索R3",,
189,"ロッソR4",0,,1,1,189,"Rosso R4","Rosso R4",,"罗索R4","羅索R4",,
190,"ロッソR5",0,,1,1,190,"Rosso R5","Rosso R5",,"罗索R5","羅索R5",,
191,"エイダ1",0,,1,1,191,"Ada 1","Ada 1","에이다1","艾妲1","艾妲1","Ada 1","เอด้า"
192,"エイダ2",0,,1,1,192,"Ada 2","Ada 2","에이다2","艾妲2","艾妲2","Ada 2","เอด้า"
193,"エイダ3",0,,1,1,193,"Ada 3","Ada 3","에이다3","艾妲3","艾妲3","Ada 3","เอด้า"
194,"エイダ4",0,,1,1,194,"Ada 4","Ada 4",,"艾妲4","艾妲4",,
195,"エイダ5",0,,1,1,195,"Ada 5","Ada 5",,"艾妲5","艾妲5",,
196,"エイダR1",0,,1,1,196,"Ada R1","Ada R1",,"艾妲R1","艾妲R1",,
197,"エイダR2",0,,1,1,197,"Ada R2","Ada R2",,"艾妲R2","艾妲R2",,
198,"エイダR3",0,,1,1,198,"Ada R3","Ada R3",,"艾妲R3","艾妲R3",,
199,"エイダR4",0,,1,1,199,"Ada R4","Ada R4",,"艾妲R4","艾妲R4",,
200,"エイダR5",0,,1,1,200,"Ada R5","Ada R5",,"艾妲R5","艾妲R5",,
201,"メレン1",0,,1,1,201,"Melen 1","Melen 1","메렌1","梅伦1","梅倫1","Melen 1","เมเลน"
202,"メレン2",0,,1,1,202,"Melen 2","Melen 2","메렌2","梅伦2","梅倫2","Melen 2","เมเลน"
203,"メレン3",0,,1,1,203,"Melen 3","Melen 3","메렌3","梅伦3","梅倫3","Melen 3","เมเลน"
204,"メレン4",0,,1,1,204,"Melen 4","Melen 4",,"梅伦4","梅倫4",,
205,"メレン5",0,,1,1,205,"Melen 5","Melen 5",,"梅伦5","梅倫5",,
206,"メレンR1",0,,1,1,206,"Melen R1","Melen R1",,"梅伦R1","梅倫R1",,
207,"メレンR2",0,,1,1,207,"Melen R2","Melen R2",,"梅伦R2","梅倫R2",,
208,"メレンR3",0,,1,1,208,"Melen R3","Melen R3",,"梅伦R3","梅倫R3",,
209,"メレンR4",0,,1,1,209,"Melen R4","Melen R4",,"梅伦R4","梅倫R4",,
210,"メレンR5",0,,1,1,210,"Melen R5","Melen R5",,"梅伦R5","梅倫R5",,
211,"サルガド1",0,,1,1,211,"Salgado 1","Salgado 1","살가드1","萨尔卡多1","薩爾卡多1","Salgado 1","ซัลกาโด"
212,"サルガド2",0,,1,1,212,"Salgado 2","Salgado 2","살가드2","萨尔卡多2","薩爾卡多2","Salgado 2","ซัลกาโด"
213,"サルガド3",0,,1,1,213,"Salgado 3","Salgado 3","살가드3","萨尔卡多3","薩爾卡多3","Salgado 3","ซัลกาโด"
214,"サルガド4",0,,1,1,214,"Salgado 4","Salgado 4",,"萨尔卡多4","薩爾卡多4",,
215,"サルガド5",0,,1,1,215,"Salgado 5","Salgado 5",,"萨尔卡多5","薩爾卡多5",,
216,"サルガドR1",0,,1,1,216,"Salgado R1","Salgado R1",,"萨尔卡多R1","薩爾卡多R1",,
217,"サルガドR2",0,,1,1,217,"Salgado R2","Salgado R2",,"萨尔卡多R2","薩爾卡多R2",,
218,"サルガドR3",0,,1,1,218,"Salgado R3","Salgado R3",,"萨尔卡多R3","薩爾卡多R3",,
219,"サルガドR4",0,,1,1,219,"Salgado R4","Salgado R4",,"萨尔卡多R4","薩爾卡多R4",,
220,"サルガドR5",0,,1,1,220,"Salgado R5","Salgado R5",,"萨尔卡多R5","薩爾卡多R5",,
221,"レッドグレイヴ1",0,,1,1,221,"Redgrave 1","Redgrave 1","레드그레이브1","蕾格烈芙1","蕾格烈芙1","Redgrave 1","เรดเกรฟ"
222,"レッドグレイヴ2",0,,1,1,222,"Redgrave 2","Redgrave 2","레드그레이브2","蕾格烈芙2","蕾格烈芙2","Redgrave 2","เรดเกรฟ"
223,"レッドグレイヴ3",0,,1,1,223,"Redgrave 3","Redgrave 3","레드그레이브3","蕾格烈芙3","蕾格烈芙3","Redgrave 3","เรดเกรฟ"
224,"レッドグレイヴ4",0,,1,1,224,"Redgrave 4","Redgrave 4",,"蕾格烈芙4","蕾格烈芙4",,
225,"レッドグレイヴ5",0,,1,1,225,"Redgrave 5","Redgrave 5",,"蕾格烈芙5","蕾格烈芙5",,
226,"レッドグレイヴR1",0,,1,1,226,"Redgrave R1","Redgrave R1",,"蕾格烈芙R1","蕾格烈芙R1",,
227,"レッドグレイヴR2",0,,1,1,227,"Redgrave R2","Redgrave R2",,"蕾格烈芙R2","蕾格烈芙R2",,
228,"レッドグレイヴR3",0,,1,1,228,"Redgrave R3","Redgrave R3",,"蕾格烈芙R3","蕾格烈芙R3",,
229,"レッドグレイヴR4",0,,1,1,229,"Redgrave R4","Redgrave R4",,"蕾格烈芙R4","蕾格烈芙R4",,
230,"レッドグレイヴR5",0,,1,1,230,"Redgrave R5","Redgrave R5",,"蕾格烈芙R5","蕾格烈芙R5",,
231,"リーズ1",0,,1,1,231,"Riesz 1","Riesz 1","리즈1","里斯1","里斯1","Riesz 1","รีซ"
232,"リーズ2",0,,1,1,232,"Riesz 2","Riesz 2","리즈2","里斯2","里斯2","Riesz 2","รีซ"
233,"リーズ3",0,,1,1,233,"Riesz 3","Riesz 3","리즈3","里斯3","里斯3","Riesz 3","รีซ"
234,"リーズ4",0,,1,1,234,"Riesz 4","Riesz 4",,"里斯4","里斯4",,
235,"リーズ5",0,,1,1,235,"Riesz 5","Riesz 5",,"里斯5","里斯5",,
236,"リーズR1",0,,1,1,236,"Riesz R1","Riesz R1",,"里斯R1","里斯R1",,
237,"リーズR2",0,,1,1,237,"Riesz R2","Riesz R2",,"里斯R2","里斯R2",,
238,"リーズR3",0,,1,1,238,"Riesz R3","Riesz R3",,"里斯R3","里斯R3",,
239,"リーズR4",0,,1,1,239,"Riesz R4","Riesz R4",,"里斯R4","里斯R4",,
240,"リーズR5",0,,1,1,240,"Riesz R5","Riesz R5",,"里斯R5","里斯R5",,
241,"ミリアン1",0,,1,1,241,"Milian 1","Milian 1","미리안1","米利安1","米利安1","Milian 1","มิเลียน"
242,"ミリアン2",0,,1,1,242,"Milian 2","Milian 2","미리안2","米利安2","米利安2","Milian 2","มิเลียน"
243,"ミリアン3",0,,1,1,243,"Milian 3","Milian 3","미리안3","米利安3","米利安3","Milian 3","มิเลียน"
244,"ミリアン4",0,,1,1,244,"Milian 4","Milian 4",,"米利安4","米利安4",,
245,"ミリアン5",0,,1,1,245,"Milian 5","Milian 5",,"米利安5","米利安5",,
246,"ミリアンR1",0,,1,1,246,"Milian R1","Milian R1",,"米利安R1","米利安R1",,
247,"ミリアンR2",0,,1,1,247,"Milian R2","Milian R2",,"米利安R2","米利安R2",,
248,"ミリアンR3",0,,1,1,248,"Milian R3","Milian R3",,"米利安R3","米利安R3",,
249,"ミリアンR4",0,,1,1,249,"Milian R4","Milian R4",,"米利安R4","米利安R4",,
250,"ミリアンR5",0,,1,1,250,"Milian R5","Milian R5",,"米利安R5","米利安R5",,
251,"ウォーケン1",0,,1,1,251,"Walken 1","Walken 1","워켄1","沃肯1","沃肯1","Walken 1","วอลเคน"
252,"ウォーケン2",0,,1,1,252,"Walken 2","Walken 2","워켄2","沃肯2","沃肯2","Walken 2","วอลเคน"
253,"ウォーケン3",0,,1,1,253,"Walken 3","Walken 3","워켄3","沃肯3","沃肯3","Walken 3","วอลเคน"
254,"ウォーケン4",0,,1,1,254,"Walken 4","Walken 4",,"沃肯4","沃肯4",,
255,"ウォーケン5",0,,1,1,255,"Walken 5","Walken 5",,"沃肯5","沃肯5",,
256,"ウォーケンR1",0,,1,1,256,"Walken R1","Walken R1",,"沃肯R1","沃肯R1",,
257,"ウォーケンR2",0,,1,1,257,"Walken R2","Walken R2",,"沃肯R2","沃肯R2",,
258,"ウォーケンR3",0,,1,1,258,"Walken R3","Walken R3",,"沃肯R3","沃肯R3",,
259,"ウォーケンR4",0,,1,1,259,"Walken R4","Walken R4",,"沃肯R4","沃肯R4",,
260,"ウォーケンR5",0,,1,1,260,"Walken R5","Walken R5",,"沃肯R5","沃肯R5",,
261,"フロレンス1",0,,1,1,261,"Florence 1","Florence 1","플로렌스1","佛罗伦斯1","佛羅倫斯1","Florence 1","ฟลอเรนซ์"
262,"フロレンス2",0,,1,1,262,"Florence 2","Florence 2","플로렌스2","佛罗伦斯2","佛羅倫斯2","Florence 2","ฟลอเรนซ์"
263,"フロレンス3",0,,1,1,263,"Florence 3","Florence 3","플로렌스3","佛罗伦斯3","佛羅倫斯3","Florence 3","ฟลอเรนซ์"
264,"フロレンス4",0,,1,1,264,"Florence 4","Florence 4",,"佛罗伦斯4","佛羅倫斯4",,
265,"フロレンス5",0,,1,1,265,"Florence 5","Florence 5",,"佛罗伦斯5","佛羅倫斯5",,
266,"フロレンスR1",0,,1,1,266,"Florence R1","Florence R1",,"佛罗伦斯R1","佛羅倫斯R1",,
267,"フロレンスR2",0,,1,1,267,"Florence R2","Florence R2",,"佛罗伦斯R2","佛羅倫斯R2",,
268,"フロレンスR3",0,,1,1,268,"Florence R3","Florence R3",,"佛罗伦斯R3","佛羅倫斯R3",,
269,"フロレンスR4",0,,1,1,269,"Florence R4","Florence R4",,"佛罗伦斯R4","佛羅倫斯R4",,
270,"フロレンスR5",0,,1,1,270,"Florence R5","Florence R5",,"佛罗伦斯R5","佛羅倫斯R5",,
271,"パルモ1",0,,1,1,271,"Palmo 1","Palmo 1","파르모1","帕茉1","帕茉1","Palmo 1","พาลโม"
272,"パルモ2",0,,1,1,272,"Palmo 2","Palmo 2","파르모2","帕茉2","帕茉2","Palmo 2","พาลโม"
273,"パルモ3",0,,1,1,273,"Palmo 3","Palmo 3","파르모3","帕茉3","帕茉3","Palmo 3","พาลโม"
274,"パルモ4",0,,1,1,274,"Palmo 4","Palmo 4",,"帕茉4","帕茉4",,
275,"パルモ5",0,,1,1,275,"Palmo 5","Palmo 5",,"帕茉5","帕茉5",,
276,"パルモR1",0,,1,1,276,"Palmo R1","Palmo R1",,"帕茉R1","帕茉R1",,
277,"パルモR2",0,,1,1,277,"Palmo R2","Palmo R2",,"帕茉R2","帕茉R2",,
278,"パルモR3",0,,1,1,278,"Palmo R3","Palmo R3",,"帕茉R3","帕茉R3",,
279,"パルモR4",0,,1,1,279,"Palmo R4","Palmo R4",,"帕茉R4","帕茉R4",,
280,"パルモR5",0,,1,1,280,"Palmo R5","Palmo R5",,"帕茉R5","帕茉R5",,
281,"アスラ1",0,,1,1,281,"Asura 1","Asura 1","아수라1","阿修罗1","阿修羅1","Asura 1","อาซูร่า"
282,"アスラ2",0,,1,1,282,"Asura 2","Asura 2","아수라2","阿修罗2","阿修羅2","Asura 2","อาซูร่า"
283,"アスラ3",0,,1,1,283,"Asura 3","Asura 3","아수라3","阿修罗3","阿修羅3","Asura 3","อาซูร่า"
284,"アスラ4",0,,1,1,284,"Asura 4","Asura 4",,"阿修罗4","阿修羅4",,
285,"アスラ5",0,,1,1,285,"Asura 5","Asura 5",,"阿修罗5","阿修羅5",,
286,"アスラR1",0,,1,1,286,"Asura R1","Asura R1",,"阿修罗R1","阿修羅R1",,
287,"アスラR2",0,,1,1,287,"Asura R2","Asura R2",,"阿修罗R2","阿修羅R2",,
288,"アスラR3",0,,1,1,288,"Asura R3","Asura R3",,"阿修罗R3","阿修羅R3",,
289,"アスラR4",0,,1,1,289,"Asura R4","Asura R4",,"阿修罗R4","阿修羅R4",,
290,"アスラR5",0,,1,1,290,"Asura R5","Asura R5",,"阿修罗R5","阿修羅R5",,
291,"ブロウニング1",0,,1,1,291,"Browning 1","Browning 1","브라우닝1","布朗宁1","布朗寧1","Browning 1","บราวนิ่ง"
292,"ブロウニング2",0,,1,1,292,"Browning 2","Browning 2","브라우닝2","布朗宁2","布朗寧2","Browning 2","บราวนิ่ง"
293,"ブロウニング3",0,,1,1,293,"Browning 3","Browning 3","브라우닝3","布朗宁3","布朗寧3","Browning 3","บราวนิ่ง"
294,"ブロウニング4",0,,1,1,294,"Browning 4","Browning 4",,"布朗宁4","布朗寧4",,
295,"ブロウニング5",0,,1,1,295,"Browning 5","Browning 5",,"布朗宁5","布朗寧5",,
296,"ブロウニングR1",0,,1,1,296,"Browning R1","Browning R1",,"布朗宁R1","布朗寧R1",,
297,"ブロウニングR2",0,,1,1,297,"Browning R2","Browning R2",,"布朗宁R2","布朗寧R2",,
298,"ブロウニングR3",0,,1,1,298,"Browning R3","Browning R3",,"布朗宁R3","布朗寧R3",,
299,"ブロウニングR4",0,,1,1,299,"Browning R4","Browning R4",,"布朗宁R4","布朗寧R4",,
300,"ブロウニングR5",0,,1,1,300,"Browning R5","Browning R5",,"布朗宁R5","布朗寧R5",,
301,"マルセウス1",0,,1,1,301,"Marseus 1","Marseus 1","마르세우스1","玛尔瑟斯1","瑪爾瑟斯1","Marseus 1","มาร์เซอุส"
302,"マルセウス2",0,,1,1,302,"Marseus 2","Marseus 2","마르세우스2","玛尔瑟斯2","瑪爾瑟斯2","Marseus 2","มาร์เซอุส"
303,"マルセウス3",0,,1,1,303,"Marseus 3","Marseus 3","마르세우스3","玛尔瑟斯3","瑪爾瑟斯3","Marseus 3","มาร์เซอุส"
304,"マルセウス4",0,,1,1,304,"Marseus 4","Marseus 4",,"玛尔瑟斯4","瑪爾瑟斯4",,
305,"マルセウス5",0,,1,1,305,"Marseus 5","Marseus 5",,"玛尔瑟斯5","瑪爾瑟斯5",,
306,"マルセウスR1",0,,1,1,306,"Marseus R1","Marseus R1",,"玛尔瑟斯R1","瑪爾瑟斯R1",,
307,"マルセウスR2",0,,1,1,307,"Marseus R2","Marseus R2",,"玛尔瑟斯R2","瑪爾瑟斯R2",,
308,"マルセウスR3",0,,1,1,308,"Marseus R3","Marseus R3",,"玛尔瑟斯R3","瑪爾瑟斯R3",,
309,"マルセウスR4",0,,1,1,309,"Marseus R4","Marseus R4",,"玛尔瑟斯R4","瑪爾瑟斯R4",,
310,"マルセウスR5",0,,1,1,310,"Marseus R5","Marseus R5",,"玛尔瑟斯R5","瑪爾瑟斯R5",,
311,"ルート1",0,,1,1,311,"Rood 1","Rood 1","루드1","路德1","路德1","Rood 1","รู้ด"
312,"ルート2",0,,1,1,312,"Rood 2","Rood 2","루드2","路德2","路德2","Rood 2","รู้ด"
313,"ルート3",0,,1,1,313,"Rood 3","Rood 3","루드3","路德3","路德3","Rood 3","รู้ด"
314,"ルート4",0,,1,1,314,"Rood 4","Rood 4",,"路德4","路德4",,
315,"ルート5",0,,1,1,315,"Rood 5","Rood 5",,"路德5","路德5",,
316,"ルートR1",0,,1,1,316,"Rood R1","Rood R1",,"路德R1","路德R1",,
317,"ルートR2",0,,1,1,317,"Rood R2","Rood R2",,"路德R2","路德R2",,
318,"ルートR3",0,,1,1,318,"Rood R3","Rood R3",,"路德R3","路德R3",,
319,"ルートR4",0,,1,1,319,"Rood R4","Rood R4",,"路德R4","路德R4",,
320,"ルートR5",0,,1,1,320,"Rood R5","Rood R5",,"路德R5","路德R5",,
321,"リュカ1",0,,1,1,321,"Luka 1","Luka 1","루카1","鲁卡1","魯卡1","Luka 1","ลูคา"
322,"リュカ2",0,,1,1,322,"Luka 2","Luka 2","루카2","鲁卡2","魯卡2","Luka 2","ลูคา"
323,"リュカ3",0,,1,1,323,"Luka 3","Luka 3","루카3","鲁卡3","魯卡3","Luka 3","ลูคา"
324,"リュカ4",0,,1,1,324,"Luka 4","Luka 4",,"鲁卡4","魯卡4",,
325,"リュカ5",0,,1,1,325,"Luka 5","Luka 5",,"鲁卡5","魯卡5",,
326,"リュカR1",0,,1,1,326,"Luka R1","Luka R1",,"鲁卡R1","魯卡R1",,
327,"リュカR2",0,,1,1,327,"Luka R2","Luka R2",,"鲁卡R2","魯卡R2",,
328,"リュカR3",0,,1,1,328,"Luka R3","Luka R3",,"鲁卡R3","魯卡R3",,
329,"リュカR4",0,,1,1,329,"Luka R4","Luka R4",,"鲁卡R4","魯卡R4",,
330,"リュカR5",0,,1,1,330,"Luka R5","Luka R5",,"鲁卡R5","魯卡R5",,
331,"ステイシア1",0,,1,1,331,"Stacia 1","Stacia 1","스테이시아1","史塔夏1","史塔夏1","Stacia 1","สเตเซีย"
332,"ステイシア2",0,,1,1,332,"Stacia 2","Stacia 2","스테이시아2","史塔夏2","史塔夏2","Stacia 2","สเตเซีย"
333,"ステイシア3",0,,1,1,333,"Stacia 3","Stacia 3","스테이시아3","史塔夏3","史塔夏3","Stacia 3","สเตเซีย"
334,"ステイシア4",0,,1,1,334,"Stacia 4","Stacia 4",,"史塔夏4","史塔夏4",,
335,"ステイシア5",0,,1,1,335,"Stacia 5","Stacia 5",,"史塔夏5","史塔夏5",,
336,"ステイシアR1",0,,1,1,336,"Stacia R1","Stacia R1",,"史塔夏R1","史塔夏R1",,
337,"ステイシアR2",0,,1,1,337,"Stacia R2","Stacia R2",,"史塔夏R2","史塔夏R2",,
338,"ステイシアR3",0,,1,1,338,"Stacia R3","Stacia R3",,"史塔夏R3","史塔夏R3",,
339,"ステイシアR4",0,,1,1,339,"Stacia R4","Stacia R4",,"史塔夏R4","史塔夏R4",,
340,"ステイシアR5",0,,1,1,340,"Stacia R5","Stacia R5",,"史塔夏R5","史塔夏R5",,
341,"ヴォランド1",0,,1,1,341,"Voland 1","Voland 1","볼랜드1","沃兰德1","沃蘭德1","Vorand 1","โวลันด์"
342,"ヴォランド2",0,,1,1,342,"Voland 2","Voland 2","볼랜드2","沃兰德2","沃蘭德2","Vorand 2","โวลันด์"
343,"ヴォランド3",0,,1,1,343,"Voland 3","Voland 3","볼랜드3","沃兰德3","沃蘭德3","Vorand 3","โวลันด์"
344,"ヴォランド4",0,,1,1,344,"Voland 4","Voland 4",,"沃兰德4","沃蘭德4",,
345,"ヴォランド5",0,,1,1,345,"Voland 5","Voland 5",,"沃兰德5","沃蘭德5",,
346,"ヴォランドR1",0,,1,1,346,"Voland R1","Voland R1",,"沃兰德R1","沃蘭德R1",,
347,"ヴォランドR2",0,,1,1,347,"Voland R2","Voland R2",,"沃兰德R2","沃蘭德R2",,
348,"ヴォランドR3",0,,1,1,348,"Voland R3","Voland R3",,"沃兰德R3","沃蘭德R3",,
349,"ヴォランドR4",0,,1,1,349,"Voland R4","Voland R4",,"沃兰德R4","沃蘭德R4",,
350,"ヴォランドR5",0,,1,1,350,"Voland R5","Voland R5",,"沃兰德R5","沃蘭德R5",,
351,"C.C.1",0,,1,1,351,"C.C 1","C.C 1","C.C 1","C.C.1","C.C.1","C.C 1","C.C.1"
352,"C.C.2",0,,1,1,352,"C.C 2","C.C 2","C.C 2","C.C.2","C.C.2","C.C 2","C.C.2"
353,"C.C.3",0,,1,1,353,"C.C 3","C.C 3","C.C 3","C.C.3","C.C.3","C.C 3","C.C.3"
354,"C.C.4",0,,1,1,354,"C.C 4","C.C 4",,"C.C.4","C.C.4",,
355,"C.C.5",0,,1,1,355,"C.C 5","C.C 5",,"C.C.5","C.C.5",,
356,"C.C.R1",0,,1,1,356,"C.C R1","C.C R1",,"C.C.R1","C.C.R1",,
357,"C.C.R2",0,,1,1,357,"C.C R2","C.C R2",,"C.C.R2","C.C.R2",,
358,"C.C.R3",0,,1,1,358,"C.C R3","C.C R3",,"C.C.R3","C.C.R3",,
359,"C.C.R4",0,,1,1,359,"C.C R4","C.C R4",,"C.C.R4","C.C.R4",,
360,"C.C.R5",0,,1,1,360,"C.C R5","C.C R5",,"C.C.R5","C.C.R5",,
361,"コッブ1",0,,1,1,361,"Cobb 1","Cobb 1","콥1","柯布1","柯布1","Cobb 1","ค็อบบ์"
362,"コッブ2",0,,1,1,362,"Cobb 2","Cobb 2","콥2","柯布2","柯布2","Cobb 2","ค็อบบ์"
363,"コッブ3",0,,1,1,363,"Cobb 3","Cobb 3","콥3","柯布3","柯布3","Cobb 3","ค็อบบ์"
364,"コッブ4",0,,1,1,364,"Cobb 4","Cobb 4",,"柯布4","柯布4",,
365,"コッブ5",0,,1,1,365,"Cobb 5","Cobb 5",,"柯布5","柯布5",,
366,"コッブR1",0,,1,1,366,"Cobb R1","Cobb R1",,"柯布R1","柯布R1",,
367,"コッブR2",0,,1,1,367,"Cobb R2","Cobb R2",,"柯布R2","柯布R2",,
368,"コッブR3",0,,1,1,368,"Cobb R3","Cobb R3",,"柯布R3","柯布R3",,
369,"コッブR4",0,,1,1,369,"Cobb R4","Cobb R4",,"柯布R4","柯布R4",,
370,"コッブR5",0,,1,1,370,"Cobb R5","Cobb R5",,"柯布R5","柯布R5",,
371,"イヴリン1",0,,1,1,371,"Evelyn 1","Evelyn 1","이블린1","伊芙琳1","伊芙琳1","Evelyn 1","อีฟลิน"
372,"イヴリン2",0,,1,1,372,"Evelyn 2","Evelyn 2","이블린2","伊芙琳2","伊芙琳2","Evelyn 2","อีฟลิน"
373,"イヴリン3",0,,1,1,373,"Evelyn 3","Evelyn 3","이블린3","伊芙琳3","伊芙琳3","Evelyn 3","อีฟลิน"
374,"イヴリン4",0,,1,1,374,"Evelyn 4","Evelyn 4",,"伊芙琳4","伊芙琳4",,
375,"イヴリン5",0,,1,1,375,"Evelyn 5","Evelyn 5",,"伊芙琳5","伊芙琳5",,
376,"イヴリンR1",0,,1,1,376,"Evelyn R1","Evelyn R1",,"伊芙琳R1","伊芙琳R1",,
377,"イヴリンR2",0,,1,1,377,"Evelyn R2","Evelyn R2",,"伊芙琳R2","伊芙琳R2",,
378,"イヴリンR3",0,,1,1,378,"Evelyn R3","Evelyn R3",,"伊芙琳R3","伊芙琳R3",,
379,"イヴリンR4",0,,1,1,379,"Evelyn R4","Evelyn R4",,"伊芙琳R4","伊芙琳R4",,
380,"イヴリンR5",0,,1,1,380,"Evelyn R5","Evelyn R5",,"伊芙琳R5","伊芙琳R5",,
381,"ブラウ1",0,,1,1,381,"Blau 1","Blau 1","브라우1","布劳1","布勞1","Blau 1","บลาว"
382,"ブラウ2",0,,1,1,382,"Blau 2","Blau 2","브라우2","布劳2","布勞2","Blau 2","บลาว"
383,"ブラウ3",0,,1,1,383,"Blau 3","Blau 3","브라우3","布劳3","布勞3","Blau 3","บลาว"
384,"ブラウ4",0,,1,1,384,"Blau 4","Blau 4",,"布劳4","布勞4",,
385,"ブラウ5",0,,1,1,385,"Blau 5","Blau 5",,"布劳5","布勞5",,
386,"ブラウR1",0,,1,1,386,"Blau R1","Blau R1",,"布劳R1","布勞R1",,
387,"ブラウR2",0,,1,1,387,"Blau R2","Blau R2",,"布劳R2","布勞R2",,
388,"ブラウR3",0,,1,1,388,"Blau R3","Blau R3",,"布劳R3","布勞R3",,
389,"ブラウR4",0,,1,1,389,"Blau R4","Blau R4",,"布劳R4","布勞R4",,
390,"ブラウR5",0,,1,1,390,"Blau R5","Blau R5",,"布劳R5","布勞R5",,
391,"カレンベルク1",0,,1,1,391,"Karenberg 1","Karenberg 1","카렌베르크1","凯伦贝克1","凱倫貝克1","Karenberg 1","คาเรนเบิร์ก"
392,"カレンベルク2",0,,1,1,392,"Karenberg 2","Karenberg 2","카렌베르크2","凯伦贝克2","凱倫貝克2","Karenberg 2","คาเรนเบิร์ก"
393,"カレンベルク3",0,,1,1,393,"Karenberg 3","Karenberg 3","카렌베르크3","凯伦贝克3","凱倫貝克3","Karenberg 3","คาเรนเบิร์ก"
394,"カレンベルク4",0,,1,1,394,"Karenberg 4","Karenberg 4",,"凯伦贝克4","凱倫貝克4",,
395,"カレンベルク5",0,,1,1,395,"Karenberg 5","Karenberg 5",,"凯伦贝克5","凱倫貝克5",,
396,"カレンベルクR1",0,,1,1,396,"Karenberg R1","Karenberg R1",,"凯伦贝克R1","凱倫貝克R1",,
397,"カレンベルクR2",0,,1,1,397,"Karenberg R2","Karenberg R2",,"凯伦贝克R2","凱倫貝克R2",,
398,"カレンベルクR3",0,,1,1,398,"Karenberg R3","Karenberg R3",,"凯伦贝克R3","凱倫貝克R3",,
399,"カレンベルクR4",0,,1,1,399,"Karenberg R4","Karenberg R4",,"凯伦贝克R4","凱倫貝克R4",,
400,"カレンベルクR5",0,,1,1,400,"Karenberg R5","Karenberg R5",,"凯伦贝克R5","凱倫貝克R5",,
401,"ネネム1",0,,1,1,401,"Nenem 1","Nenem 1","네넴1","音音梦1","音音夢1","Nenem 1","เนเนม"
402,"ネネム2",0,,1,1,402,"Nenem 2","Nenem 2","네넴2","音音梦2","音音夢2","Nenem 2","เนเนม"
403,"ネネム3",0,,1,1,403,"Nenem 3","Nenem 3","네넴3","音音梦3","音音夢3","Nenem 3","เนเนม"
404,"ネネム4",0,,1,1,404,"Nenem 4","Nenem 4",,"音音梦4","音音夢4",,
405,"ネネム5",0,,1,1,405,"Nenem 5","Nenem 5",,"音音梦5","音音夢5",,
406,"ネネムR1",0,,1,1,406,"Nenem R1","Nenem R1",,"音音梦R1","音音夢R1",,
407,"ネネムR2",0,,1,1,407,"Nenem R2","Nenem R2",,"音音梦R2","音音夢R2",,
408,"ネネムR3",0,,1,1,408,"Nenem R3","Nenem R3",,"音音梦R3","音音夢R3",,
409,"ネネムR4",0,,1,1,409,"Nenem R4","Nenem R4",,"音音梦R4","音音夢R4",,
410,"ネネムR5",0,,1,1,410,"Nenem R5","Nenem R5",,"音音梦R5","音音夢R5",,
411,"コンラッド1",0,,1,1,411,"Konrad 1","Konrad 1","콘라드1","康拉德1","康拉德1","Konrad 1","คอนราด"
412,"コンラッド2",0,,1,1,412,"Konrad 2","Konrad 2","콘라드2","康拉德2","康拉德2","Konrad 2","คอนราด"
413,"コンラッド3",0,,1,1,413,"Konrad 3","Konrad 3","콘라드3","康拉德3","康拉德3","Konrad 3","คอนราด"
414,"コンラッド4",0,,1,1,414,"Konrad 4","Konrad 4",,"康拉德4","康拉德4",,
415,"コンラッド5",0,,1,1,415,"Konrad 5","Konrad 5",,"康拉德5","康拉德5",,
416,"コンラッドR1",0,,1,1,416,"Konrad R1","Konrad R1",,"康拉德R1","康拉德R1",,
417,"コンラッドR2",0,,1,1,417,"Konrad R2","Konrad R2",,"康拉德R2","康拉德R2",,
418,"コンラッドR3",0,,1,1,418,"Konrad R3","Konrad R3",,"康拉德R3","康拉德R3",,
419,"コンラッドR4",0,,1,1,419,"Konrad R4","Konrad R4",,"康拉德R4","康拉德R4",,
420,"コンラッドR5",0,,1,1,420,"Konrad R5","Konrad R5",,"康拉德R5","康拉德R5",,
421,"ビアギッテ1",0,,1,1,421,"Birgit 1","Birgitte 1","비르기트1","碧姬媞1","碧姬媞1","Birgitte 1","เบียกิตเต้"
422,"ビアギッテ2",0,,1,1,422,"Birgit 2","Birgitte 2","비르기트2","碧姬媞2","碧姬媞2","Birgitte 2","เบียกิตเต้"
423,"ビアギッテ3",0,,1,1,423,"Birgit 3","Birgitte 3","비르기트3","碧姬媞3","碧姬媞3","Birgitte 3","เบียกิตเต้"
424,"ビアギッテ4",0,,1,1,424,"Birgit 4","Birgitte 4",,"碧姬媞4","碧姬媞4",,
425,"ビアギッテ5",0,,1,1,425,"Birgit 5","Birgitte 5",,"碧姬媞5","碧姬媞5",,
426,"ビアギッテR1",0,,1,1,426,"Birgit R1","Birgitte R1",,"碧姬媞R1","碧姬媞R1",,
427,"ビアギッテR2",0,,1,1,427,"Birgit R2","Birgitte R2",,"碧姬媞R2","碧姬媞R2",,
428,"ビアギッテR3",0,,1,1,428,"Birgit R3","Birgitte R3",,"碧姬媞R3","碧姬媞R3",,
429,"ビアギッテR4",0,,1,1,429,"Birgit R4","Birgitte R4",,"碧姬媞R4","碧姬媞R4",,
430,"ビアギッテR5",0,,1,1,430,"Birgit R5","Birgitte R5",,"碧姬媞R5","碧姬媞R5",,
431,"クーン1",0,,1,1,431,"Kuhn 1","Kuhn 1",,"库恩1","庫恩1",,
432,"クーン2",0,,1,1,432,"Kuhn 2","Kuhn 2",,"库恩2","庫恩2",,
433,"クーン3",0,,1,1,433,"Kuhn 3","Kuhn 3",,"库恩3","庫恩3",,
434,"クーン4",0,,1,1,434,"Kuhn 4","Kuhn 4",,"库恩4","庫恩4",,
435,"クーン5",0,,1,1,435,"Kuhn 5","Kuhn 5",,"库恩5","庫恩5",,
436,"クーンR1",0,,1,1,436,"Kuhn R1","Kuhn R1",,"库恩R1","庫恩R1",,
437,"クーンR2",0,,1,1,437,"Kuhn R2","Kuhn R2",,"库恩R2","庫恩R2",,
438,"クーンR3",0,,1,1,438,"Kuhn R3","Kuhn R3",,"库恩R3","庫恩R3",,
439,"クーンR4",0,,1,1,439,"Kuhn R4","Kuhn R4",,"库恩R4","庫恩R4",,
440,"クーンR5",0,,1,1,440,"Kuhn R5","Kuhn R5",,"库恩R5","庫恩R5",,
441,"シャーロット1",0,,1,1,441,"Shalott 1","Charlotte 1",,"夏洛特1","夏洛特1",,
442,"シャーロット2",0,,1,1,442,"Shalott 2","Charlotte 2",,"夏洛特2","夏洛特2",,
443,"シャーロット3",0,,1,1,443,"Shalott 3","Charlotte 3",,"夏洛特3","夏洛特3",,
444,"シャーロット4",0,,1,1,444,"Shalott 4","Charlotte 4",,"夏洛特4","夏洛特4",,
445,"シャーロット5",0,,1,1,445,"Shalott 5","Charlotte 5",,"夏洛特5","夏洛特5",,
446,"シャーロットR1",0,,1,1,446,"Shalott R1","Charlotte R1",,"夏洛特R1","夏洛特R1",,
447,"シャーロットR2",0,,1,1,447,"Shalott R2","Charlotte R2",,"夏洛特R2","夏洛特R2",,
448,"シャーロットR3",0,,1,1,448,"Shalott R3","Charlotte R3",,"夏洛特R3","夏洛特R3",,
449,"シャーロットR4",0,,1,1,449,"Shalott R4","Charlotte R4",,"夏洛特R4","夏洛特R4",,
450,"シャーロットR5",0,,1,1,450,"Shalott R5","Charlotte R5",,"夏洛特R5","夏洛特R5",,
451,"タイレル1",0,,1,1,451,"Tyrrell 1","Tyrrell 1",,"泰瑞尔1","泰瑞爾1",,
452,"タイレル2",0,,1,1,452,"Tyrrell 2","Tyrrell 2",,"泰瑞尔2","泰瑞爾2",,
453,"タイレル3",0,,1,1,453,"Tyrrell 3","Tyrrell 3",,"泰瑞尔3","泰瑞爾3",,
454,"タイレル4",0,,1,1,454,"Tyrrell 4","Tyrrell 4",,"泰瑞尔4","泰瑞爾4",,
455,"タイレル5",0,,1,1,455,"Tyrrell 5","Tyrrell 5",,"泰瑞尔5","泰瑞爾5",,
456,"タイレルR1",0,,1,1,456,"Tyrrell R1","Tyrrell R1",,"泰瑞尔R1","泰瑞爾R1",,
457,"タイレルR2",0,,1,1,457,"Tyrrell R2","Tyrrell R2",,"泰瑞尔R2","泰瑞爾R2",,
458,"タイレルR3",0,,1,1,458,"Tyrrell R3","Tyrrell R3",,"泰瑞尔R3","泰瑞爾R3",,
459,"タイレルR4",0,,1,1,459,"Tyrrell R4","Tyrrell R4",,"泰瑞尔R4","泰瑞爾R4",,
460,"タイレルR5",0,,1,1,460,"Tyrrell R5","Tyrrell R5",,"泰瑞尔R5","泰瑞爾R5",,
461,"ルディア1",0,,1,1,461,"Rudia 1","Rudia 1",,"露缇亚1","露緹亞1",,
462,"ルディア2",0,,1,1,462,"Rudia 2","Rudia 2",,"露缇亚2","露緹亞2",,
463,"ルディア3",0,,1,1,463,"Rudia 3","Rudia 3",,"露缇亚3","露緹亞3",,
464,"ルディア4",0,,1,1,464,"Rudia 4","Rudia 4",,"露缇亚4","露緹亞4",,
465,"ルディア5",0,,1,1,465,"Rudia 5","Rudia 5",,"露缇亚5","露緹亞5",,
466,"ルディアR1",0,,1,1,466,"Rudia R1","Rudia R1",,"露缇亚R1","露緹亞R1",,
467,"ルディアR2",0,,1,1,467,"Rudia R2","Rudia R2",,"露缇亚R2","露緹亞R2",,
468,"ルディアR3",0,,1,1,468,"Rudia R3","Rudia R3",,"露缇亚R3","露緹亞R3",,
469,"ルディアR4",0,,1,1,469,"Rudia R4","Rudia R4",,"露缇亚R4","露緹亞R4",,
470,"ルディアR5",0,,1,1,470,"Rudia R5","Rudia R5",,"露缇亚R5","露緹亞R5",,
471,"ヴィルヘルム1",0,,1,1,471,"Wilhelm 1","Wilhelm 1",,"威廉1","威廉1",,
472,"ヴィルヘルム2",0,,1,1,472,"Wilhelm 2","Wilhelm 2",,"威廉2","威廉2",,
473,"ヴィルヘルム3",0,,1,1,473,"Wilhelm 3","Wilhelm 3",,"威廉3","威廉3",,
474,"ヴィルヘルム4",0,,1,1,474,"Wilhelm 4","Wilhelm 4",,"威廉4","威廉4",,
475,"ヴィルヘルム5",0,,1,1,475,"Wilhelm 5","Wilhelm 5",,"威廉5","威廉5",,
476,"ヴィルヘルムR1",0,,1,1,476,"Wilhelm R1","Wilhelm R1",,"威廉R1","威廉R1",,
477,"ヴィルヘルムR2",0,,1,1,477,"Wilhelm R2","Wilhelm R2",,"威廉R2","威廉R2",,
478,"ヴィルヘルムR3",0,,1,1,478,"Wilhelm R3","Wilhelm R3",,"威廉R3","威廉R3",,
479,"ヴィルヘルムR4",0,,1,1,479,"Wilhelm R4","Wilhelm R4",,"威廉R4","威廉R4",,
480,"ヴィルヘルムR5",0,,1,1,480,"Wilhelm R5","Wilhelm R5",,"威廉R5","威廉R5",,
481,"メリー1",0,,1,1,481,"Mary 1","Mary 1",,"梅莉1","梅莉1",,
482,"メリー2",0,,1,1,482,"Mary 2","Mary 2",,"梅莉2","梅莉2",,
483,"メリー3",0,,1,1,483,"Mary 3","Mary 3",,"梅莉3","梅莉3",,
484,"メリー4",0,,1,1,484,"Mary 4","Mary 4",,"梅莉4","梅莉4",,
485,"メリー5",0,,1,1,485,"Mary 5","Mary 5",,"梅莉5","梅莉5",,
486,"メリーR1",0,,1,1,486,"Mary R1","Mary R1",,"梅莉R1","梅莉R1",,
487,"メリーR2",0,,1,1,487,"Mary R2","Mary R2",,"梅莉R2","梅莉R2",,
488,"メリーR3",0,,1,1,488,"Mary R3","Mary R3",,"梅莉R3","梅莉R3",,
489,"メリーR4",0,,1,1,489,"Mary R4","Mary R4",,"梅莉R4","梅莉R4",,
490,"メリーR5",0,,1,1,490,"Mary R5","Mary R5",,"梅莉R5","梅莉R5",,
491,"ギュスターヴ1",0,,1,1,491,"Gustave 1","Gustave 1",,"古斯塔夫1","古斯塔夫1",,
492,"ギュスターヴ2",0,,1,1,492,"Gustave 2","Gustave 2",,"古斯塔夫2","古斯塔夫2",,
493,"ギュスターヴ3",0,,1,1,493,"Gustave 3","Gustave 3",,"古斯塔夫3","古斯塔夫3",,
494,"ギュスターヴ4",0,,1,1,494,"Gustave 4","Gustave 4",,"古斯塔夫4","古斯塔夫4",,
495,"ギュスターヴ5",0,,1,1,495,"Gustave 5","Gustave 5",,"古斯塔夫5","古斯塔夫5",,
496,"ギュスターヴR1",0,,1,1,496,"Gustave R1","Gustave R1",,"古斯塔夫R1","古斯塔夫R1",,
497,"ギュスターヴR2",0,,1,1,497,"Gustave R2","Gustave R2",,"古斯塔夫R2","古斯塔夫R2",,
498,"ギュスターヴR3",0,,1,1,498,"Gustave R3","Gustave R3",,"古斯塔夫R3","古斯塔夫R3",,
499,"ギュスターヴR4",0,,1,1,499,"Gustave R4","Gustave R4",,"古斯塔夫R4","古斯塔夫R4",,
500,"ギュスターヴR5",0,,1,1,500,"Gustave R5","Gustave R5",,"古斯塔夫R5","古斯塔夫R5",,
501,"ユーリカ1",0,,1,1,501,"Eureka 1","Eureka 1",,"尤莉卡1","尤莉卡1",,
502,"ユーリカ2",0,,1,1,502,"Eureka 2","Eureka 2",,"尤莉卡2","尤莉卡2",,
503,"ユーリカ3",0,,1,1,503,"Eureka 3","Eureka 3",,"尤莉卡3","尤莉卡3",,
504,"ユーリカ4",0,,1,1,504,"Eureka 4","Eureka 4",,"尤莉卡4","尤莉卡4",,
505,"ユーリカ5",0,,1,1,505,"Eureka 5","Eureka 5",,"尤莉卡5","尤莉卡5",,
506,"ユーリカR1",0,,1,1,506,"Eureka R1","Eureka R1",,"尤莉卡R1","尤莉卡R1",,
507,"ユーリカR2",0,,1,1,507,"Eureka R2","Eureka R2",,"尤莉卡R2","尤莉卡R2",,
508,"ユーリカR3",0,,1,1,508,"Eureka R3","Eureka R3",,"尤莉卡R3","尤莉卡R3",,
509,"ユーリカR4",0,,1,1,509,"Eureka R4","Eureka R4",,"尤莉卡R4","尤莉卡R4",,
510,"ユーリカR5",0,,1,1,510,"Eureka R5","Eureka R5",,"尤莉卡R5","尤莉卡R5",,
511,"リンナエウス1",0,,1,1,511,"Linnaeus 1","Linnaeus 1",,"林奈乌斯1","林奈烏斯1",,
512,"リンナエウス2",0,,1,1,512,"Linnaeus 2","Linnaeus 2",,"林奈乌斯2","林奈烏斯2",,
513,"リンナエウス3",0,,1,1,513,"Linnaeus 3","Linnaeus 3",,"林奈乌斯3","林奈烏斯3",,
514,"リンナエウス4",0,,1,1,514,"Linnaeus 4","Linnaeus 4",,"林奈乌斯4","林奈烏斯4",,
515,"リンナエウス5",0,,1,1,515,"Linnaeus 5","Linnaeus 5",,"林奈乌斯5","林奈烏斯5",,
516,"リンナエウスR1",0,,1,1,516,"Linnaeus R1","Linnaeus R1",,"林奈乌斯R1","林奈烏斯R1",,
517,"リンナエウスR2",0,,1,1,517,"Linnaeus R2","Linnaeus R2",,"林奈乌斯R2","林奈烏斯R2",,
518,"リンナエウスR3",0,,1,1,518,"Linnaeus R3","Linnaeus R3",,"林奈乌斯R3","林奈烏斯R3",,
519,"リンナエウスR4",0,,1,1,519,"Linnaeus R4","Linnaeus R4",,"林奈乌斯R4","林奈烏斯R4",,
520,"リンナエウスR5",0,,1,1,520,"Linnaeus R5","Linnaeus R5",,"林奈乌斯R5","林奈烏斯R5",,
521,"ナディーン1",0,,1,1,521,"Nadine 1","Nadine 1",,"娜汀1","娜汀1",,
522,"ナディーン2",0,,1,1,522,"Nadine 2","Nadine 2",,"娜汀2","娜汀2",,
523,"ナディーン3",0,,1,1,523,"Nadine 3","Nadine 3",,"娜汀3","娜汀3",,
524,"ナディーン4",0,,1,1,524,"Nadine 4","Nadine 4",,"娜汀4","娜汀4",,
525,"ナディーン5",0,,1,1,525,"Nadine 5","Nadine 5",,"娜汀5","娜汀5",,
526,"ナディーンR1",0,,1,1,526,"Nadine R1","Nadine R1",,"娜汀R1","娜汀R1",,
527,"ナディーンR2",0,,1,1,527,"Nadine R2","Nadine R2",,"娜汀R2","娜汀R2",,
528,"ナディーンR3",0,,1,1,528,"Nadine R3","Nadine R3",,"娜汀R3","娜汀R3",,
529,"ナディーンR4",0,,1,1,529,"Nadine R4","Nadine R4",,"娜汀R4","娜汀R4",,
530,"ナディーンR5",0,,1,1,530,"Nadine R5","Nadine R5",,"娜汀R5","娜汀R5",,
531,"ディノ1",0,,1,1,531,"Dino 1","Dino 1",,"迪诺1","迪諾1",,
532,"ディノ2",0,,1,1,532,"Dino 2","Dino 2",,"迪诺2","迪諾2",,
533,"ディノ3",0,,1,1,533,"Dino 3","Dino 3",,"迪诺3","迪諾3",,
534,"ディノ4",0,,1,1,534,"Dino 4","Dino 4",,"迪诺4","迪諾4",,
535,"ディノ5",0,,1,1,535,"Dino 5","Dino 5",,"迪诺5","迪諾5",,
536,"ディノR1",0,,1,1,536,"Dino R1","Dino R1",,"迪诺R1","迪諾R1",,
537,"ディノR2",0,,1,1,537,"Dino R2","Dino R2",,"迪诺R2","迪諾R2",,
538,"ディノR3",0,,1,1,538,"Dino R3","Dino R3",,"迪诺R3","迪諾R3",,
539,"ディノR4",0,,1,1,539,"Dino R4","Dino R4",,"迪诺R4","迪諾R4",,
540,"ディノR5",0,,1,1,540,"Dino R5","Dino R5",,"迪诺R5","迪諾R5",,
541,"オウラン1",0,,1,1,541,"Orang 1","Orland 1",,"奥兰1","奧蘭1",,
542,"オウラン2",0,,1,1,542,"Orang 2","Orland 2",,"奥兰2","奧蘭2",,
543,"オウラン3",0,,1,1,543,"Orang 3","Orland 3",,"奥兰3","奧蘭3",,
544,"オウラン4",0,,1,1,544,"Orang 4","Orland 4",,"奥兰4","奧蘭4",,
545,"オウラン5",0,,1,1,545,"Orang 5","Orland 5",,"奥兰5","奧蘭5",,
546,"オウランR1",0,,1,1,546,"Orang R1","Orland R1",,"奥兰R1","奧蘭R1",,
547,"オウランR2",0,,1,1,547,"Orang R2","Orland R2",,"奥兰R2","奧蘭R2",,
548,"オウランR3",0,,1,1,548,"Orang R3","Orland R3",,"奥兰R3","奧蘭R3",,
549,"オウランR4",0,,1,1,549,"Orang R4","Orland R4",,"奥兰R4","奧蘭R4",,
550,"オウランR5",0,,1,1,550,"Orang R5","Orland R5",,"奥兰R5","奧蘭R5",,
551,"オウラン1",0,,1,1,551,"Orang 1","Orland 1",,"奥兰1","奧蘭1",,
552,"オウラン2",0,,1,1,552,"Orang 2","Orland 2",,"奥兰2","奧蘭2",,
553,"オウラン3",0,,1,1,553,"Orang 3","Orland 3",,"奥兰3","奧蘭3",,
554,"オウラン4",0,,1,1,554,"Orang 4","Orland 4",,"奥兰4","奧蘭4",,
555,"オウラン5",0,,1,1,555,"Orang 5","Orland 5",,"奥兰5","奧蘭5",,
556,"オウランR1",0,,1,1,556,"Orang R1","Orland R1",,"奥兰R1","奧蘭R1",,
557,"オウランR2",0,,1,1,557,"Orang R2","Orland R2",,"奥兰R2","奧蘭R2",,
558,"オウランR3",0,,1,1,558,"Orang R3","Orland R3",,"奥兰R3","奧蘭R3",,
559,"オウランR4",0,,1,1,559,"Orang R4","Orland R4",,"奥兰R4","奧蘭R4",,
560,"オウランR5",0,,1,1,560,"Orang R5","Orland R5",,"奥兰R5","奧蘭R5",,
561,"ノイクローム1",0,,1,1,561,"Noichrome 1","Noichrome 1",,"诺伊库洛姆1","諾伊庫洛姆1",,
562,"ノイクローム2",0,,1,1,562,"Noichrome 2","Noichrome 2",,"诺伊库洛姆2","諾伊庫洛姆2",,
563,"ノイクローム3",0,,1,1,563,"Noichrome 3","Noichrome 3",,"诺伊库洛姆3","諾伊庫洛姆3",,
564,"ノイクローム4",0,,1,1,564,"Noichrome 4","Noichrome 4",,"诺伊库洛姆4","諾伊庫洛姆4",,
565,"ノイクローム5",0,,1,1,565,"Noichrome 5","Noichrome 5",,"诺伊库洛姆5","諾伊庫洛姆5",,
566,"ノイクロームR1",0,,1,1,566,"Noichrome R1","Noichrome R1",,"诺伊库洛姆R1","諾伊庫洛姆R1",,
567,"ノイクロームR2",0,,1,1,567,"Noichrome R2","Noichrome R2",,"诺伊库洛姆R2","諾伊庫洛姆R2",,
568,"ノイクロームR3",0,,1,1,568,"Noichrome R3","Noichrome R3",,"诺伊库洛姆R3","諾伊庫洛姆R3",,
569,"ノイクロームR4",0,,1,1,569,"Noichrome R4","Noichrome R4",,"诺伊库洛姆R4","諾伊庫洛姆R4",,
570,"ノイクロームR5",0,,1,1,570,"Noichrome R5","Noichrome R5",,"诺伊库洛姆R5","諾伊庫洛姆R5",,
571,"イデリハ1",0,,1,1,571,"Ideriha 1","Ideriha 1",,"出叶1","出葉1",,
572,"イデリハ2",0,,1,1,572,"Ideriha 2","Ideriha 2",,"出叶2","出葉2",,
573,"イデリハ3",0,,1,1,573,"Ideriha 3","Ideriha 3",,"出叶3","出葉3",,
574,"イデリハ4",0,,1,1,574,"Ideriha 4","Ideriha 4",,"出叶4","出葉4",,
575,"イデリハ5",0,,1,1,575,"Ideriha 5","Ideriha 5",,"出叶5","出葉5",,
576,"イデリハR1",0,,1,1,576,"Ideriha R1","Ideriha R1",,"出叶R1","出葉R1",,
577,"イデリハR2",0,,1,1,577,"Ideriha R2","Ideriha R2",,"出叶R2","出葉R2",,
578,"イデリハR3",0,,1,1,578,"Ideriha R3","Ideriha R3",,"出叶R3","出葉R3",,
579,"イデリハR4",0,,1,1,579,"Ideriha R4","Ideriha R4",,"出叶R4","出葉R4",,
580,"イデリハR5",0,,1,1,580,"Ideriha R5","Ideriha R5",,"出叶R5","出葉R5",,
581,"シラーリー1",0,,1,1,581,"Schillerlee 1","Schillerlee 1",,"希拉莉1","希拉莉1",,
582,"シラーリー2",0,,1,1,582,"Schillerlee 2","Schillerlee 2",,"希拉莉2","希拉莉2",,
583,"シラーリー3",0,,1,1,583,"Schillerlee 3","Schillerlee 3",,"希拉莉3","希拉莉3",,
584,"シラーリー4",0,,1,1,584,"Schillerlee 4","Schillerlee 4",,"希拉莉4","希拉莉4",,
585,"シラーリー5",0,,1,1,585,"Schillerlee 5","Schillerlee 5",,"希拉莉5","希拉莉5",,
586,"シラーリーR1",0,,1,1,586,"Schillerlee R1","Schillerlee R1",,"希拉莉R1","希拉莉R1",,
587,"シラーリーR2",0,,1,1,587,"Schillerlee R2","Schillerlee R2",,"希拉莉R2","希拉莉R2",,
588,"シラーリーR3",0,,1,1,588,"Schillerlee R3","Schillerlee R3",,"希拉莉R3","希拉莉R3",,
589,"シラーリーR4",0,,1,1,589,"Schillerlee R4","Schillerlee R4",,"希拉莉R4","希拉莉R4",,
590,"シラーリーR5",0,,1,1,590,"Schillerlee R5","Schillerlee R5",,"希拉莉R5","希拉莉R5",,
591,"クロヴィス1",0,,1,1,591,"Clovis 1","Clovis 1",,"克洛维斯1","克洛維斯1",,
592,"クロヴィス2",0,,1,1,592,"Clovis 2","Clovis 2",,"克洛维斯2","克洛維斯2",,
593,"クロヴィス3",0,,1,1,593,"Clovis 3","Clovis 3",,"克洛维斯3","克洛維斯3",,
594,"クロヴィス4",0,,1,1,594,"Clovis 4","Clovis 4",,"克洛维斯4","克洛維斯4",,
595,"クロヴィス5",0,,1,1,595,"Clovis 5","Clovis 5",,"克洛维斯5","克洛維斯5",,
596,"クロヴィスR1",0,,1,1,596,"Clovis R1","Clovis R1",,"克洛维斯R1","克洛維斯R1",,
597,"クロヴィスR2",0,,1,1,597,"Clovis R2","Clovis R2",,"克洛维斯R2","克洛維斯R2",,
598,"クロヴィスR3",0,,1,1,598,"Clovis R3","Clovis R3",,"克洛维斯R3","克洛維斯R3",,
599,"クロヴィスR4",0,,1,1,599,"Clovis R4","Clovis R4",,"克洛维斯R4","克洛維斯R4",,
600,"クロヴィスR5",0,,1,1,600,"Clovis R5","Clovis R5",,"克洛维斯R5","克洛維斯R5",,
601,"アリステリア1",0,,1,1,601,"Alicetaria 1","Astéria 1",,"艾莉丝泰莉雅1","艾莉絲泰莉雅1",,
602,"アリステリア2",0,,1,1,602,"Alicetaria 2","Astéria 2",,"艾莉丝泰莉雅2","艾莉絲泰莉雅2",,
603,"アリステリア3",0,,1,1,603,"Alicetaria 3","Astéria 3",,"艾莉丝泰莉雅3","艾莉絲泰莉雅3",,
604,"アリステリア4",0,,1,1,604,"Alicetaria 4","Astéria 4",,"艾莉丝泰莉雅4","艾莉絲泰莉雅4",,
605,"アリステリア5",0,,1,1,605,"Alicetaria 5","Astéria 5",,"艾莉丝泰莉雅5","艾莉絲泰莉雅5",,
606,"アリステリアR1",0,,1,1,606,"Alicetaria R1","Astéria R1",,"艾莉丝泰莉雅R1","艾莉絲泰莉雅R1",,
607,"アリステリアR2",0,,1,1,607,"Alicetaria R2","Astéria R2",,"艾莉丝泰莉雅R2","艾莉絲泰莉雅R2",,
608,"アリステリアR3",0,,1,1,608,"Alicetaria R3","Astéria R3",,"艾莉丝泰莉雅R3","艾莉絲泰莉雅R3",,
609,"アリステリアR4",0,,1,1,609,"Alicetaria R4","Astéria R4",,"艾莉丝泰莉雅R4","艾莉絲泰莉雅R4",,
610,"アリステリアR5",0,,1,1,610,"Alicetaria R5","Astéria R5",,"艾莉丝泰莉雅R5","艾莉絲泰莉雅R5",,
611,"ヒューゴ1",0,,1,1,611,"Hugo 1","Hugo 1",,"雨果1","雨果1",,
612,"ヒューゴ2",0,,1,1,612,"Hugo 2","Hugo 2",,"雨果2","雨果2",,
613,"ヒューゴ3",0,,1,1,613,"Hugo 3","Hugo 3",,"雨果3","雨果3",,
614,"ヒューゴ4",0,,1,1,614,"Hugo 4","Hugo 4",,"雨果4","雨果4",,
615,"ヒューゴ5",0,,1,1,615,"Hugo 5","Hugo 5",,"雨果5","雨果5",,
616,"ヒューゴR1",0,,1,1,616,"Hugo R1","Hugo R1",,"雨果R1","雨果R1",,
617,"ヒューゴR2",0,,1,1,617,"Hugo R2","Hugo R2",,"雨果R2","雨果R2",,
618,"ヒューゴR3",0,,1,1,618,"Hugo R3","Hugo R3",,"雨果R3","雨果R3",,
619,"ヒューゴR4",0,,1,1,619,"Hugo R4","Hugo R4",,"雨果R4","雨果R4",,
620,"ヒューゴR5",0,,1,1,620,"Hugo R5","Hugo R5",,"雨果R5","雨果R5",,
621,"アリアーヌ1",0,,1,1,621,"Ariane 1","Ariane 1",,"艾莉亚娜1","艾莉亞娜1",,
622,"アリアーヌ2",0,,1,1,622,"Ariane 2","Ariane 2",,"艾莉亚娜2","艾莉亞娜2",,
623,"アリアーヌ3",0,,1,1,623,"Ariane 3","Ariane 3",,"艾莉亚娜3","艾莉亞娜3",,
624,"アリアーヌ4",0,,1,1,624,"Ariane 4","Ariane 4",,"艾莉亚娜4","艾莉亞娜4",,
625,"アリアーヌ5",0,,1,1,625,"Ariane 5","Ariane 5",,"艾莉亚娜5","艾莉亞娜5",,
626,"アリアーヌR1",0,,1,1,626,"Ariane R1","Ariane R1",,"艾莉亚娜R1","艾莉亞娜R1",,
627,"アリアーヌR2",0,,1,1,627,"Ariane R2","Ariane R2",,"艾莉亚娜R2","艾莉亞娜R2",,
628,"アリアーヌR3",0,,1,1,628,"Ariane R3","Ariane R3",,"艾莉亚娜R3","艾莉亞娜R3",,
629,"アリアーヌR4",0,,1,1,629,"Ariane R4","Ariane R4",,"艾莉亚娜R4","艾莉亞娜R4",,
630,"アリアーヌR5",0,,1,1,630,"Ariane R5","Ariane R5",,"艾莉亚娜R5","艾莉亞娜R5",,
1001,"森の小人",0,,1,1,1001,"Zwerge","Zwerge","숲의 난쟁이","森林侏儒","森林的侏儒","Zwerge","คนแคระป่า"
1002,"矮人",0,,1,1,1002,"Gidwerg","Gidwerg","난쟁이","矮人","矮人","Gidwerg","คนแคระ"
1003,"丘丘人",0,,1,1,1003,"Thco Thco","Thco Thco","언덕 난쟁이","丘丘人","丘丘人","Thco Thco","คนแคระแห่งหุบเขา"
1004,"蝙蝠",0,,1,1,1004,"Cave Bat","Chauve-souris","박쥐","蝙蝠","蝙蝠","Chauve-souris","ค้างคาว"
1005,"吸血蝙蝠",0,,1,1,1005,"Vampire bat","Chauve-souris Vampire","흡혈박쥐","吸血蝙蝠","吸血蝙蝠","Chauve-souris Vampire","ค้างคาวดูดเลือด"
1006,"白銀蝙蝠",0,,1,1,1006,"Silver Bat","Chauve-souris Argentée","백은 박쥐","白银蝙蝠","白銀蝙蝠","Chauve-souris Argentée","ค้างคาวเงิน"
1007,"大蛙",0,,1,1,1007,"Giant Toad","Crapaud Géant","거대 개구리","大蛙","大蛙","Crapaud Géant","กบยักษ์"
1008,"毒蛙",0,,1,1,1008,"Poison Toad","Crapaud Venimeux","독 개구리","毒蛙","毒蛙","Crapaud Venimeux","กบพิษ"
1009,"疣蛙",0,,1,1,1009,"Plague Toad","Crapaud Pustuleux","청 개구리","疣蛙","疣蛙","Crapaud Pustuleux","คางคก"
1010,"鬼火",0,,1,1,1010,"Will o' the Wisp","Feufollet","귀화","鬼火","鬼火","Feufollet","ดวงไฟยักษ์"
1011,"陰火",0,,1,1,1011,"Ball Lightning","Flammes Obscures","음화","阴火","陰火","Flammes Obscures","เงาอัคคี"
1012,"人魂",0,,1,1,1012,"Sprite","Lutin","사람의 영혼","人魂","人魂","Lutin","วิญญาณมนุษย์"
1013,"茸兎",0,,1,1,1013,"Mushroom Beast","Lapin Fongique","버섯토끼","茸兔","茸兔","Lapin Fongique","ภูตเห็ด"
1014,"白疆兎",0,,1,1,1014,"Mummy Rabbit","Lapin Momifié","백강토끼","白疆兔","白疆兔","Lapin Momifié","กระต่ายขาว"
1015,"凶兎",0,,1,1,1015,"Fungal Rabbit","Lapin Porte-Malheur","흉폭한토끼","凶兔","兇兔","Lapin Porte-Malheur","กระต่ายยักษ์"
1016,"吊られた男",0,,1,1,1016,"Hanged Man","Pendu","어굴하게 죽은 자","吊死者","吊死者","Pendu","แฮงก์แมน"
1017,"呪われし男",0,,1,1,1017,"Dead Man","Mort-vivant","저주받은 자","咒怨男","咒怨男","Mort-vivant","ชายต้องสาป"
1018,"死せる道化",0,,1,1,1018,"Zombie Crown","Zombie","죽음을 부르는 자","僵尸道化","僵屍道化","Zombie","ซอมบี้"
1019,"食屍鬼",0,,1,1,1019,"Ghoul","Goule","송장을 먹는 귀신","食尸鬼","食屍鬼","Goule","กูล"
1020,"死人喰",0,,1,1,1020,"Cannibalistic","Cannibale","사체를 파헤치는 귀신 ","死人魔","死人魔","Cannibale","ปิศาจกินศพ"
1021,"食人族",0,,1,1,1021,"Holocaust","Holocaust","인육을 먹는 부족","食人族","食人族","Holocaust","เผ่ากินคน"
1022,"人狼",0,,1,1,1022,"Werewolf","Loup-garou","인랑","狼人","狼人","Loup-garou","มนุษย์หมาป่า"
1023,"犬人",0,,1,1,1023,"Loup Garou","Homme-Chien","견인","犬人","犬人","Homme-Chien",
1024,"犬神",0,,1,1,1024,"Lycanthrope","Lycanthrope","견신","犬神","犬神","Lycanthrope","เทพสุนัข"
1025,"黒き哨兵",0,,1,1,1025,"Black Sentinel","Sentinelle Noire","흑초병","黑哨兵","黑哨兵","Sentinelle Noire","องครักษ์สีดำ"
1026,"銀の哨兵",0,,1,1,1026,"Silver Sentinel","Sentinelle d'Argent","은초병","银哨兵","銀哨兵","Sentinelle d'Argent","องครักษ์สีเงิน"
1027,"金の哨兵",0,,1,1,1027,"Gold Sentinel","Sentinelle d'Or","금초병","金哨兵","金哨兵","Sentinelle d'Or","องครักษ์สีทอง"
1028,"狂狼",0,,1,1,1028,"Mad Wolf","Loup Enragé","광기의 늑대","狂狼","狂狼","Loup Enragé","หมาป่าคลั่ง"
1029,"神狼",0,,1,1,1029,"Fenril","Fenril","잔혹한 늑대","神狼","神狼","Fenril","เทพหมาป่าเฟนริล"
1030,"魔狼",0,,1,1,1030,"Leto","Leto","미쳐버린 늑대","魔狼","魔狼","Leto","สุนัขเวทเลโต"
1031,"鋼鉄の男",0,,1,1,1031,"Man of Steel","Homme d'Acier","강철거인","钢铁男","鋼鐵男","Homme d'Acier","มนุษย์เหล็ก"
1032,"鉄のハインリヒ",0,,1,1,1032,"Heinric","Heinric","철갑거인","铁铠巨人","鐵鎧巨人","Heinric","ไฮน์ริก"
1033,"緑の騎士",0,,1,1,1033,"Green Knight","Chevalier Vert","녹색기사","绿骑士","綠騎士","Chevalier Vert","อัศวินสีเขียว"
1034,"幽霊騎士",0,,1,1,1034,"Dullahan","Dullahan","유령 기사","幽灵骑士","幽靈騎士","Dullahan","ดุลลาฮาน"
1035,"青白き馬の乗り手",0,,1,1,1035,"Ghost Rider","Cavalier Fantôme","푸른 백마의 주인","苍白马骑士","蒼白馬騎士","Cavalier Fantôme","โกสต์ไรเดอร์"
1036,"死の騎士",0,,1,1,1036,"Skull Knight","Chevalier Faucheur","죽음의 기사","白骨骑士","白骨騎士","Chevalier Faucheur","อัศวินกระดูก"
1037,"炎鬼",0,,1,1,1037,"Flame Daemon of Beoboros","Démon de Beoboros","염혼","炎鬼","炎鬼","Démon de Beoboros","ยักษ์เพลิง"
1038,"炎魔",0,,1,1,1038,"Fire Shambler","Feu de Shamler","염마","炎魔","炎魔","Feu de Shamler","ปิศาจเพลิง"
1039,"炎の精",0,,1,1,1039,"Flame Vampire","Flamme de Vinpire","화염의 원기","炎精","炎精","Flamme de Vinpire","วิญญาณเพลิง"
1040,"影斬り森の夢魔",0,,1,1,1040,"Lilit","Lilith","그림자숲의 몽마","斩影梦魔","斬影夢魔","Lilith","ลิลิธ"
1041,"黄昏の夢魔",0,,1,1,1041,"Dusk Lilit","Lilith Crépusculaire","황혼의 몽마","黄昏梦魔","黃昏夢魔","Lilith Crépusculaire","ลิลิธยามสนธยา"
1042,"常闇の夢魔",0,,1,1,1042,"Lilit of Darkness","Lilith Obscur","어둠의 몽마","永夜梦魔","永夜夢魔","Lilith Obscur","ลิลิธแห่งความมืด"
1043,"毒鼠",0,,1,1,1043,"Poison Rat","Rat Toxique","독 쥐","毒鼠","毒鼠","Rat Toxique","หนูพิษ"
1044,"骸鼠",0,,1,1,1044,"Zombie Rat","Rat Zombie","해골 쥐","骸鼠","骸鼠","Rat Zombie","หนูซอมบี้"
1045,"赤鼠",0,,1,1,1045,"Red Cap","Rat Purpurin","붉은 쥐","红鼠","紅鼠","Rat Purpurin","หนูแดง"
1046,"骸骨兵",0,,1,1,1046,"Skeleton","Squelette","해골병","骸骨兵","骸骨兵","Squelette","ทหารโครงกระดูก"
1047,"骸骨剣士",0,,1,1,1047,"Skeleton Warrior","Squelette Guerrier","해골검사","骸骨剑士","骸骨劍士","Squelette Guerrier","นักดาบโครงกระดูก"
1048,"骸骨将軍",0,,1,1,1048,"Skeleton General","Général Squelette","해골장군","骸骨将军","骸骨將軍","Général Squelette","นายพลโครงกระดูก"
1049,"透明な布",0,,1,1,1049,"Cloth","Vêtement","투명한 천","透明布","透明布","Vêtement","ผ้าคลุมปิศาจ"
1050,"不気味な布",0,,1,1,1050,"Unknown Cloth","Vêtement Inconnu","불결한 천","邪气布","邪氣布","Vêtement Inconnu","ผ้าคลุมไม่รู้ที่มา"
1051,"レイス",0,,1,1,1051,"Wraith","Spectre","레이스","幽灵布","幽靈布","Spectre","เจตภูต"
1052,"呪われし剣",0,,1,1,1052,"Cursed Sword","Epée Maudite","저주받은 검","咒怨剑","咒怨劍","Epée Maudite","ดาบต้องสาป"
1053,"魂を食らう剣",0,,1,1,1053,"Soul Drain","Arrache-Coeur","영혼을 흡수하는 검","吸魂剑","吸魂劍","Arrache-Coeur","ดาบกินวิญญาณ"
1054,"命を食らう剣",0,,1,1,1054,"Corpse Blade","Lame Dévoreuse","생명을 흡수하는 검","夺命剑","奪命劍","Lame Dévoreuse","ดาบกินชะตา"
1055,"山羊の悪魔",0,,1,1,1055,"Baphomet","Baphomet","바포멘트","巴风特","巴風特","Baphomet","บาโฟเมต"
1056,"黒山羊",0,,1,1,1056,"Black Baphomet","Baphomet Noir","흑산양","黑山羊","黑山羊","Baphomet Noir","บาโฟเมตสีดำ"
1057,"月の従者",0,,1,1,1057,"Moon Child","Enfant Lunaire","달의 종자","月之侍从","月之侍從","Enfant Lunaire","ผู้รับใช้จันทรา"
1058,"ナイチンゲール",0,,1,1,1058,"Nightingale","Nachtigall","나이팅게일","夜光鸟","夜光鳥","Nachtigall","ไนติงเกล"
1059,"ムーンバード",0,,1,1,1059,"Moon Bird","MoonBird","문버드","月光鸟","月光鳥","MoonBird","วิหคจันทรา"
1060,"シャイニー",0,,1,1,1060,"Shiny","Shiny","샤이니","日光鸟","日光鳥","Shiny","ไชนี่"
1061,"双頭犬オルトス",0,,1,1,1061,"Orthrus","Orthros","쌍두견 오르타스","双头犬欧尔多斯","雙頭犬歐爾多斯","Orthros","ออร์โธรส"
1062,"双頭骸犬",0,,1,1,1062,"Zombie Orthrus","Zombie Orthros","해골 쌍두견","双头骸犬","雙頭骸犬","Zombie Orthros","ซอมบี้ ออร์โธรส"
1063,"地獄の番犬",0,,1,1,1063,"Dead Keeper","Cerbère","지옥의 문지기","地狱看门犬","地獄看門犬","Cerbère","สุนัขเฝ้าประตูนรกเซร์เบอรุส"
1064,"吸血鬼",0,,1,1,1064,"Vampire","Vampire","흡혈귀","吸血鬼","吸血鬼","Vampire","แวมไพร์"
1065,"ヴァンパイアロード",0,,1,1,1065,"Vampire Lord","Seigneur Vampire","뱀파이어 로드","吸血鬼领主","吸血鬼領主","Seigneur Vampire","แวมไพร์ชั้นสูง"
1066,"吸血姫LAMIA",0,,1,1,1066,"Vampire Lamia","Vampire LAMIA","흡혈공주 레미아","吸血姬蕾米雅","吸血姬蕾米雅","Vampire LAMIA","เจ้าหญิงแวมไพร์ เลเมีย"
1067,"白蜘蛛",0,,1,1,1067,"White Spider","Araignée Laiteuse","백색 거미","白蜘蛛","白蜘蛛","Araignée Laiteuse","แมงมุมขาว"
1068,"鉄鋼蜘蛛",0,,1,1,1068,"Iron Spider","Araignée d'Acier","강철 거미","钢铁蜘蛛","鋼鐵蜘蛛","Araignée d'Acier","แมงมุมเหล็ก"
1069,"百鬼蜘蛛",0,,1,1,1069,"Demon Spider","Araignée Démoniaque","백혼 거미","百鬼蜘蛛","百鬼蜘蛛","Araignée Démoniaque","แมงมุมยักษ์ขาว"
1070,"夜鬼",0,,1,1,1070,"Nightgaunts","Ogre des Ténèbres","야귀","夜鬼","夜鬼","Ogre des Ténèbres","ยักษ์ราตรี"
1071,"狂鬼",0,,1,1,1071,"Mad Daemon","Ogre Dément","광귀","狂鬼","狂鬼","Ogre Dément","ยักษ์คลั่ง"
1072,"月候鬼",0,,1,1,1072,"The Moon Duke","Duc de Lune","월광귀","候月鬼","候月鬼","Duc de Lune","ยักษ์จันทรา"
1073,"妖蛇",0,,1,1,1073,"Naga","Naga","요사","妖蛇","妖蛇","Naga","นาค"
1074,"海蛆",0,,1,1,1074,"Sea Naga","Mer Naga","해저","海蛆","海蛆","Mer Naga","นาคทะเล"
1075,"妖蛆",0,,1,1,1075,"Ancient Naga","Naga Antique","요저","妖蛆","妖蛆","Naga Antique","นาคภูต"
1076,"白の織者",0,,1,1,1076,"White Seeker","Savant Immaculé","백의 직자","白色引者","白色引者","Savant Immaculé","ผู้รับใช้สีขาว"
1077,"黒の司書",0,,1,1,1077,"Black Librarian","Bibliothécaire Obscur","검은 사서","黑色司书","黑色司書","Bibliothécaire Obscur","บรรนารักษ์สีดำ"
1078,"食屍鬼の賢者",0,,1,1,1078,"Unseen Master","Maître Invisible","식시귀의 현자","食尸鬼的贤者","食屍鬼的賢者","Maître Invisible","นักปราชญ์ยักษ์กินศพ"
1079,"機械兵",0,,1,1,1079,"Mechanical Soldier","Soldat Mécanique","기계병","机械兵","機械兵","Soldat Mécanique","ทหารจักรกล"
1080,"機械兵（白）",0,,1,1,1080,"Mechanical Soldier (Red)","Soldat Mécanique (Blanc)","기계병(적)","机械兵（红）","機械兵（紅）","Soldat Mécanique (Blanc)","ทหารจักรกล (แดง)"
1081,"機械兵（黒）",0,,1,1,1081,"Mechanical Soldier (Blue)","Soldat Mécanique (Noir)","기계병(청)","机械兵（蓝）","機械兵（藍）","Soldat Mécanique (Noir)","ทหารจักรกล (ฟ้า)"
1082,"ウボスの爪",0,,1,1,1082,"Ubos' Claw","Ongle d'Ubos","우보스의 손톱","乌波斯之爪","烏波斯之爪","Ongle d'Ubos","เล็บของอูโบส"
1083,"ウボスの髭",0,,1,1,1083,"Ubos' Beard","Scalp d'Ubos","우보스의 수염","乌波斯之须","烏波斯之鬚","Scalp d'Ubos","หนวดของอูโบส"
1084,"ウボスの尾",0,,1,1,1084,"Ubos' Tentacle","Queue d'Ubos","우보스의 꼬리","乌波斯之尾","烏波斯之尾","Queue d'Ubos","หางของอูโส"
1085,"ルビオナ偵察機",0,,1,1,1085,"Scout Machine","Eclaireur","루비오나 정찰기","鲁比欧那侦察机","魯比歐那偵察機","Eclaireur","จักรกลสำรวจ ลูเบียน่า"
1086,"迷彩偵察機",0,,1,1,1086,"Stealth Machine","Infiltré","위장 정찰기","迷彩侦察机","迷彩偵察機","Infiltré","จักรกลอำพราง"
1087,"暗殺機",0,,1,1,1087,"Invasion Machine","Envahisseur","암살기","暗杀机","暗殺機","Envahisseur","จักรกลสังหาร"
1088,"妖花",0,,1,1,1088,"Demonic Flower","Fleur Démoniaque","요화","妖花","妖花","Fleur Démoniaque","ภูตบุปผา"
1089,"妖魔草",0,,1,1,1089,"Magic Flower","Fleur Magique","요마잡초","妖魔草","妖魔草","Fleur Magique","บุปผาเวท"
1090,"クィーンズヒル",0,,1,1,1090,"Queen's Hill","Colline de la Reine","퀸즈힐","皇后之丘","皇后之丘","Colline de la Reine","ควีนส์ ฮิล"
1091,"白魔",0,,1,1,1091,"Pale People","Mages Blancs","백마","白魔","白魔","Mages Blancs","ปิศาจขาว"
1092,"人食い白魔",0,,1,1,1092,"Pale Man-Eater","Cannibal Blanc","식인 백마","食人白魔","食人白魔","Cannibal Blanc","ปิศาจกินคน"
1093,"白魔の主",0,,1,1,1093,"Pale Ruler","Blanc Souverain","백마의 주인","白魔之主","白魔之主","Blanc Souverain","ผู้ปกครองปิศาจขาว"
1094,"ハルピュイア",0,,1,1,1094,"Harpy","Harpie","하피","哈耳庇厄","哈耳庇厄","Harpie","ฮาร์พี"
1095,"セイレーン",0,,1,1,1095,"Siren","Sirène","세이렌","赛莲","賽蓮","Sirène","เซเรน"
1096,"妖精妃",0,,1,1,1096,"Faerie Queen","Reine féerique","요정 공주","妖精王妃","妖精王妃","Reine féerique","ราชินีภูต"
1097,"竜人",0,,1,1,1097,"Dragon People","Peuple du Dragon","용인","龙人","龍人","Peuple du Dragon","มนุษย์มังกร"
1098,"半竜",0,,1,1,1098,"Draconic","Dragonnier","반룡","半龙","半龍","Dragonnier","มนุษย์ครึ่งมังกร"
1099,"屍竜",0,,1,1,1099,"Dragon Zombie","Dragon Zombie","시룡","尸龙","屍龍","Dragon Zombie","ดราก้อนซอมบี้"
1100,"ドラゴンパピー",0,,1,1,1100,"Dragon Pup","Dragon-Chiot","드래곤 퍼피","初生龙","初生龍","Dragon-Chiot","ดราก้อนปั๊ปปี้"
1101,"ドラゴネット",0,,1,1,1101,"Dragonet","Dragonet","드라고네트","幼龙","幼龍","Dragonet","ดราโกเนท"
1102,"飛竜",0,,1,1,1102,"Wyvern","Wyvern","비룡","飞龙","飛龍","Wyvern","ไวเวิร์น"
1103,"天使",0,,1,1,1103,"Angel","Ange","천사","天使","天使","Ange","ทูตสวรรค์"
1104,"堕天使",0,,1,1,1104,"Fallen Angel","Ange Déchu","추락천사","堕天使","墮天使","Ange Déchu","เทพตกสวรรค์"
1105,"熾天使",0,,1,1,1105,"Seraphim","Séraphin","화염천사","炽天使","熾天使","Séraphin","เซราฟิม"
1106,"餓鬼",0,,1,1,1106,"Preta","Preta","아귀","饿鬼","餓鬼","Preta","เปรต"
1107,"魔鬼",0,,1,1,1107,"High Preta","Haute Preta","마귀","魔鬼","魔鬼","Haute Preta","เปรตนรก"
1108,"魔境候",0,,1,1,1108,"Preta Baron","Preta Supérieure","마경새","魔境侯","魔境侯","Preta Supérieure","เจ้าแห่งเปรต"
1109,"掟の箱",0,,1,1,1109,"The Ark","Arche","규칙의 상자","律法之箱","律法之箱","Arche","หีบแห่งกฎ"
1110,"狂気の棺",0,,1,1,1110,"Anger Coffin","Linceuil de Haine","광기의 관","怒狂之棺","怒狂之棺","Linceuil de Haine","โลงศพแห่งความคลั่ง"
1111,"聖櫃",0,,1,1,1111,"The Ancient Ark","Arche Sacrée","성궤","圣柜","聖櫃","Arche Sacrée","หีบศักดิ์สิทธิ์"
1112,"死の歯車",0,,1,1,1112,"Gear of Death","Roue de la Mort","죽음의 톱니바퀴","死之齿轮","死之齒輪","Roue de la Mort","ฟันเฟืองแห่งความตาย"
1113,"絶望の歯車",0,,1,1,1113,"Gear of Despair","Roue du Désespoir","절망의 톱니바퀴","绝望齿轮","絕望齒輪","Roue du Désespoir","ฟันเฟืองแห่งความสิ้นหวัง"
1114,"悪夢の歯車",0,,1,1,1114,"Typhon","Typhon","악몽의 톱니바퀴","恶梦齿轮","惡夢齒輪","Typhon","ฟันเฟืองแห่งฝันร้าย"
1115,"イービルアイ",0,,1,1,1115,"Evil Eye","Evil Eye","이블아이","邪恶之眼","邪惡之眼","Evil Eye","อีวิลอาย"
1116,"ア・バオ・ア・クゥー",0,,1,1,1116,"Á Bao A Qu","A boa a qu","아바오아쿠","阿巴瓦空","阿巴瓦空","A boa a qu","อาโบ อากู"
1117,"渦の観測者",0,,1,1,1117,"Chosen Eye","Oeil Elu","소용돌이 관측자","涡的观测者","渦的觀測者","Oeil Elu","ผู้เฝ้ามองในวังน้ำวน"
1118,"母子像",0,,1,1,1118,"Stone Idol","Statue de pierre","모자상","母子像","母子像","Statue de pierre","ปะติมากรรมหิน"
1119,"帝の従者",0,,1,1,1119,"Prostitute","Prostituée","황제의 시종","帝王的随从","帝王的隨從","Prostituée","รูปอนุสรณ์"
1120,"聖母の像",0,,1,1,1120,"Iris","Iris","성모의 상","圣母像","聖母像","Iris","รูปปั้นพระแม่มารี"
1121,"虚無",0,,1,1,1121,"Zero","Zéro","공허의 망령","虚无","虛無","Zéro","สูญ"
1122,"虚像",0,,1,1,1122,"Virtual","Virtual","허상의 망령","虚像","虛像","Virtual","เสมือน"
1123,"虚神",0,,1,1,1123,"Vanity","Vanité","허영의 망령","虚神","虛神","Vanité","สุญเทวะ"
1124,"聖女の猫",0,,1,1,1124,"Avatar Cat","Chat de l'Avatar","성녀의 고양이","圣女的猫","聖女的貓","Chat de l'Avatar","แมวจำแลง"
1125,"金星猫",0,,1,1,1125,"Venus Cat","Chat de Vénus","금성의 고양이","金星猫","金星貓","Chat de Vénus","แมววีนัส"
1126,"土星猫",0,,1,1,1126,"Saturn Cat","Chat de Saturne","토성의 고양이","土星猫","土星貓","Chat de Saturne","แมวแซทเทิร์น"
1127,"夢馬",0,,1,1,1127,"Nightmare","Cheval des Enfers","몽마","梦魇马","夢魘馬","Cheval des Enfers","อาชาแห่งฝัน"
1128,"幽馬",0,,1,1,1128,"Ghostmare","Cheval des Limbes","유마","幽灵马","幽靈馬","Cheval des Limbes","วิญญาณอาชา"
1129,"チャリオット",0,,1,1,1129,"Chariot","Chariot","마차","幽灵马车","戰車","Chariot","อาชารถศึก"
1130,"リリス",0,,1,1,1130,"Lilith","Lilith","릴리스","莉莉丝","莉莉絲","Lilith","ลิลิธ"
1131,"サッカバス",0,,1,1,1131,"Succubus","Succube","서큐버스","梦魔","夢魔","Succube","ซัคคิวบัส"
1132,"メイヴ",0,,1,1,1132,"Maeve","Maeve","매브","梅芙","梅博","Maeve","เมฟ"
1133,"魂の器",0,,1,1,1133,"Soul Link","Vase aux Âmes","영혼의 그릇","灵魂容器","靈魂容器","Vase aux Âmes","ภาชนะวิญญาณ"
1134,"ノーバディ",0,,1,1,1134,"Nobody","Nobody","노바디","无躯者","沒有人","Nobody","ไร้ร่าง"
1135,"ノーワン",0,,1,1,1135,"No One","No One","노원","无名者","無名氏","No One","ว่างเปล่า"
10001,"アイアンコイン",0,,1,1,10001,"Iron Coin","Pièce de Fer","아이언 코인","铁币","鐵幣","Pièce de Fer","เหรียญโลหะ"
10002,"ブロンズコイン",0,,1,1,10002,"Bronze Coin","Pièce de Bronze","브론즈 코인","铜币","銅幣","Pièce de Bronze","เหรียญบรอนซ์"
10003,"シルバーコイン",0,,1,1,10003,"Silver Coin","Pièce d'Argent","실버 코인","银币","銀幣","Pièce d'Argent","เหรียญเงิน"
10004,"ゴールドコイン",0,,1,1,10004,"Gold Coin","Pièce d'Or","골드 코인","金币","金幣","Pièce d'Or","เหรียญทอง"
10005,"プラチナコイン",0,,1,1,10005,"Platinum Coin","Pièce de Platine","백금 코인","白金币","白金幣","Pièce de Platine","เหรียญแพลทตินั่ม"
10006,"記憶のかけら",0,,1,1,10006,"Fragment of Memory","Fragment de Mémoire","기억의 조각","记忆的碎片","記憶的碎片","Fragment de Mémoire","เศษเสี้ยวของความทรงจำ"
10007,"時のかけら",0,,1,1,10007,"Fragment of Time","Fragment de Temps","시간의 조각","时间的碎片","時間的碎片","Fragment de Temps","เศษเสี้ยวของเวลา"
10008,"魂のかけら",0,,1,1,10008,"Fragment of Spirit","Fragment d'Âme","영혼의 조각","灵魂的碎片","靈魂的碎片","Fragment d'Âme","เศษเสี้ยวของวิญญาณ"
10009,"命のかけら",0,,1,1,10009,"Fragment of Life","Fragment de Vie","생명의 조각","生命的碎片","生命的碎片","Fragment de Vie","เศษเสี้ยวของโชคชะตา"
10010,"死のかけら",0,,1,1,10010,"Fragment of Death","Fragment de Mort","죽음의 조각","死亡的碎片","死亡的碎片","Fragment de Mort","เศษเสี้ยวแห่งมรณะ"
10011,"冥府の印章",0,,1,1,10011,"Seal of Hades","Sceau d'Hadès",,"冥府的印章","冥府的印章",,
10012,"ケイオシウム",0,,1,1,10012,"Chaosium","Chaosium",,"混沌元素","混沌元素",,
10013,"陽の宝珠",0,,1,1,10013,"Sun Orb","Orbe de Soleil",,"阳之宝珠","陽之寶珠",,
10014,"星の宝珠",0,,1,1,10014,"Star Orb","Orbe d'Etoile",,"星之宝珠","星之寶珠",,
10015,"月の宝珠",0,,1,1,10015,"Moon Orb","Orbe Lunaire",,"月之宝珠","月之寶珠",,
10016,"歌い手のコイン",0,,1,1,10016,"Singer's Coin","Pièce du Chanteur",,"歌手币","歌手幣",,
10017,"羊飼いのコイン",0,,1,1,10017,"Shepherd's Coin","Pièce du Berger",,"牧羊人币","牧羊人幣",,
10018,"灯台守のコイン",0,,1,1,10018,"LighthouseKeeper's Coin","Pièce du Gardien du Phare",,"灯塔看守者币","燈塔看守者幣",,
10019,"詩人のコイン",0,,1,1,10019,"Bard's Coin","Pièce du Poète",,"诗人币","詩人幣",,
10020,"夢見る者のコイン",0,,1,1,10020,"Dreamer's Coin","Pièce du Rêveur",,"寻梦者币","尋夢者幣",,
10021,"虚栄のかけら",0,,1,1,10021,"Vanity Tips","Fragment de Vanité",,"虚荣碎片","虛榮的碎片",,
10022,"狂気のかけら",0,,1,1,10022,"Lunacy Tips","Fragment de Folie",,"疯狂碎片","瘋狂的碎片",,
10023,"知恵のかけら",0,,1,1,10023,"Wire Tips","Fragment de Savoir",,"智慧碎片","智慧的碎片",,
10024,"永劫のかけら",0,,1,1,10024,"Eternal Tips","Fragment d'Éternité",,"永劫碎片","永劫的碎片",,
10025,"終焉のかけら",0,,1,1,10025,"End Tips","Fragment de Fin",,"终焉碎片","終焉的碎片",,
10101,"友誼の記憶 ",0,,1,1,10101,"Memory of Friendship","Mémoire d'Amitié",,"歌手币","友誼的記憶",,
10102,"嗔恚の記憶 ",0,,1,1,10102,"Memory of Indignation","Mémoire d'Indignation",,"牧羊人币","憎恨的記憶",,
10103,"朋輩の記憶 ",0,,1,1,10103,"Memory of Comrade","Mémoire de Camarades",,"灯塔看守者币","同伴的記憶",,
10104,"撃摧の記憶 ",0,,1,1,10104,"Memory of Destroy","Mémoire de Destruction",,"诗人币","摧毀的記憶",,
10105,"膺懲の記憶 ",0,,1,1,10105,"Memory of Chastisement","Mémoire de Châtiment",,"寻梦者币","懲罰的記憶",,
10106,"偶人の記憶 ",0,,1,1,10106,"Memory of Doll","Mémoire de Poupée",,"虚荣碎片","人偶的記憶",,
10107,"惜別の記憶 ",0,,1,1,10107,"Memory of Parting","Mémoire de Séparation",,"疯狂碎片","惜別的記憶",,
10108,"侵襲の記憶 ",0,,1,1,10108,"Memory of Incursion","Mémoire d'Incursion",,"智慧碎片","侵襲的記憶",,
10109,"禍乱の記憶 ",0,,1,1,10109,"Memory of Strife","Mémoire de Conflit",,"永劫碎片","禍亂的記憶",,
20001,"剣1カード",0,,2,2,1,"Sword 1","Epée 1","검1 카드","剑1卡","劍1卡","Epée 1","การ์ดดาบ 1"
20002,"剣2カード",0,,2,2,2,"Sword 2","Epée 2","검2 카드","剑2卡","劍2卡","Epée 2","การ์ดดาบ 2"
20003,"剣3カード",0,,2,2,3,"Sword 3","Epée 3","검3 카드","剑3卡","劍3卡","Epée 3","การ์ดดาบ 3"
20004,"剣4カード",0,,2,2,4,"Sword 4","Epée 4","검4 카드","剑4卡","劍4卡","Epée 4","การ์ดดาบ 4"
20005,"剣5カード",0,,2,2,5,"Sword 5","Epée 5","검5 카드","剑5卡","劍5卡","Epée 5","การ์ดดาบ 5"
20006,"剣6カード",0,,2,2,6,"Sword 6","Epée 6","검6 카드","剑6卡","劍6卡","Epée 6","การ์ดดาบ 6"
20007,"剣7カード",0,,2,2,7,"Sword 7","Epée 7","검7 카드","剑7卡","劍7卡","Epée 7","การ์ดดาบ 7"
20008,"剣8カード",0,,2,2,8,"Sword 8","Epée 8","검8 카드","剑8卡","劍8卡","Epée 8","การ์ดดาบ 8"
20009,"銃1カード",0,,2,2,9,"Gun 1","Fusil 1","총1 카드","枪1卡","槍1卡","Fusil 1","การ์ดปืน 1"
20010,"銃2カード",0,,2,2,10,"Gun 2","Fusil 2","총2 카드","枪2卡","槍2卡","Fusil 2","การ์ดปืน 2"
20011,"銃3カード",0,,2,2,11,"Gun 3","Fusil 3","총3 카드","枪3卡","槍3卡","Fusil 3","การ์ดปืน 3"
20012,"銃4カード",0,,2,2,12,"Gun 4","Fusil 4","총4 카드","枪4卡","槍4卡","Fusil 4","การ์ดปืน 4"
20013,"銃5カード",0,,2,2,13,"Gun 5","Fusil 5","총5 카드","枪5卡","槍5卡","Fusil 5","การ์ดปืน 5"
20014,"銃6カード",0,,2,2,14,"Gun 6","Fusil 6","총6 카드","枪6卡","槍6卡","Fusil 6","การ์ดปืน 6"
20015,"銃7カード",0,,2,2,15,"Gun 7","Fusil 7","총7 카드","枪7卡","槍7卡","Fusil 7","การ์ดปืน 7"
20016,"銃8カード",0,,2,2,16,"Gun 8","Fusil 8","총8 카드","枪8卡","槍8卡","Fusil 8","การ์ดปืน 8"
20017,"防御1カード",0,,2,2,17,"Defense 1","Défense 1","방어1 카드","防禦1卡","防禦1卡","Défense 1","การ์ดป้องกัน 1"
20018,"防御2カード",0,,2,2,18,"Defense 2","Défense 2","방어2 카드","防禦2卡","防禦2卡","Défense 2","การ์ดป้องกัน 2"
20019,"防御3カード",0,,2,2,19,"Defense 3","Défense 3","방어3 카드","防禦3卡","防禦3卡","Défense 3","การ์ดป้องกัน 3"
20020,"防御4カード",0,,2,2,20,"Defense 4","Défense 4","방어4 카드","防禦4卡","防禦4卡","Défense 4","การ์ดป้องกัน 4"
20021,"防御5カード",0,,2,2,21,"Defense 5","Défense 5","방어5 카드","防禦5卡","防禦5卡","Défense 5","การ์ดป้องกัน 5"
20022,"移動1カード",0,,2,2,22,"Move 1","Mouvement 1","이동1 카드","移动1卡","移動1卡","Mouvement 1","การ์ดเคลื่อนย้าย 1"
20023,"移動2カード",0,,2,2,23,"Move 2","Mouvement 2","이동2 카드","移动2卡","移動2卡","Mouvement 2","การ์ดเคลื่อนย้าย 2"
20024,"移動3カード",0,,2,2,24,"Move 3","Mouvement 3","이동3 카드","移动3卡","移動3卡","Mouvement 3","การ์ดเคลื่อนย้าย 3"
20025,"移動4カード",0,,2,2,25,"Move 4","Mouvement 4","이동4 카드","移动4卡","移動4卡","Mouvement 4","การ์ดเคลื่อนย้าย 4"
20026,"移動5カード",0,,2,2,26,"Move 5","Mouvement 5","이동5 카드","移动5卡","移動5卡","Mouvement 5","การ์ดเคลื่อนย้าย 5"
20027,"特殊1カード",0,,2,2,27,"Special 1","Spécial 1","특수1 카드","特殊1卡","特殊1卡","Spécial 1","การ์ดพิเศษ 1"
20028,"特殊2カード",0,,2,2,28,"Special 2","Spécial 2","특수2 카드","特殊2卡","特殊2卡","Spécial 2","การ์ดพิเศษ 2"
20029,"特殊3カード",0,,2,2,29,"Special 3","Spécial 3","특수3 카드","特殊3卡","特殊3卡","Spécial 3","การ์ดพิเศษ 3"
20030,"特殊4カード",0,,2,2,30,"Special 4","Spécial 4","특수4 카드","特殊4卡","特殊4卡","Spécial 4","การ์ดพิเศษ 4"
20031,"特殊5カード",0,,2,2,31,"Special 5","Spécial 5","특수5 카드","特殊5卡","特殊5卡","Spécial 5","การ์ดพิเศษ 5"
20032,"チャンスカード1",0,,2,2,32,"Chance Card 1","Carte Chance 1","클로버1 카드","机会卡1","機會卡1","Carte Chance 1","ชานส์การ์ด 1"
20033,"チャンスカード2",0,,2,2,33,"Chance Card 2","Carte Chance 2","클로버2 카드","机会卡2","機會卡2","Carte Chance 2","ชานส์การ์ด 2"
20034,"チャンスカード3",0,,2,2,34,"Chance Card 3","Carte Chance 3","클로버3 카드","机会卡3","機會卡3","Carte Chance 3","ชานส์การ์ด 3"
20035,"チャンスカード4",0,,2,2,35,"Chance Card 4","Carte Chance 4","클로버4 카드","机会卡4","機會卡4","Carte Chance 4","ชานส์การ์ด 4"
20036,"チャンスカード5",0,,2,2,36,"Chance Card 5","Carte Chance 5","클로버5 카드","机会卡5","機會卡5","Carte Chance 5","ชานส์การ์ด 5"
20037,"Hp回復1",0,,2,2,37,"HP Recover 1","Récupération HP 1","HP회복1 카드","Hp恢复1","Hp恢復1","Récupération HP 1","ฟื้นค่า Hp 1"
20038,"Hp回復2",0,,2,2,38,"HP Recover 2","Récupération HP 2","HP회복2 카드","Hp恢复2","Hp恢復2","Récupération HP 2","ฟื้นค่า Hp 2"
20039,"Hp回復3",0,,2,2,39,"HP Recover 3","Récupération HP 3","HP회복3 카드","Hp恢复3","Hp恢復3","Récupération HP 3","ฟื้นค่า Hp 3"
20040,"聖水",0,,2,2,40,"Holy Water","Eau bénite","성수","圣水","聖水","Eau bénite","น้ำมนต์"
20041,"スピード",0,,2,2,41,"Speed","Vitesse","선공카드","速攻","速攻","Vitesse","สปีด"
20042,"カースカード1",0,,2,2,42,"Curse 1","Malédiction 1","파괴1 카드","诅咒术1","詛咒術1","Malédiction 1","การ์ดคำสาป 1"
20043,"カースカード2",0,,2,2,43,"Curse 2","Malédiction 2","파괴2 카드","诅咒术2","詛咒術2","Malédiction 2","การ์ดคำสาป 2"
20044,"カースカード3",0,,2,2,44,"Curse 3","Malédiction 3","파괴3 카드","诅咒术3","詛咒術3","Malédiction 3","การ์ดคำสาป 3"
20045,"カースカード4",0,,2,2,45,"Curse 4","Malédiction 4","파괴4 카드","诅咒术4","詛咒術4","Malédiction 4","การ์ดคำสาป 4"
20046,"カースカード5",0,,2,2,46,"Curse 5","Malédiction 5","파괴5 카드","诅咒术5","詛咒術5","Malédiction 5","การ์ดคำสาป 5"
20059,"Hp回復",0,,2,2,59,"HP Recover","Récupération HP 1","Hp회복","Hp恢复","Hp恢復","Récupération HP 1","ฟื้นค่า Hp"
20060,"Hp回復",0,,2,2,60,"HP Recover","Récupération HP 1","HP회복1 카드","Hp恢复","Hp恢復","Récupération HP 1","ฟื้นค่า Hp"
30001,"妖精の薬",0,,3,1,1,"Fairy Potion","Potion de Fée","요정의 묘약","精灵之药","精靈之藥","Potion de Fée","โอสถภูต"
30002,"古の妙薬",0,,3,1,2,"Ancient Potion","Potion Ancestrale","신비의 묘약","古代妙药","古代妙藥","Potion Ancestrale","ยาวิเศษโบราณ"
30003,"魔女の秘薬",0,,3,1,3,"Witches' Potion","Potion de Sorcière","마녀의 묘약","魔女秘药","魔女秘藥","Potion de Sorcière","ยาเสน่ห์ของแม่มด"
30004,"ラッキークローバー",0,,3,1,4,"Lucky Four-Leaf Clover","Trèfle","행운의 클로버","幸运四叶草","幸運四葉草","Trèfle","ลักกี้โคลเวอร์"
30005,"ホワイトヒース1",0,,3,1,5,"White Heath 1","Landes Brumeuses 1","화이트 히스1","白色石楠1","白色石楠1","Landes Brumeuses 1","ไวท์เฮลธ์ 1"
30006,"ホワイトヒース3",0,,3,1,6,"White Heath 3","Landes Brumeuses 3","화이트 히스3","白色石楠3","白色石楠3","Landes Brumeuses 3","ไวท์เฮลธ์ 3"
30007,"ホワイトヒース5",0,,3,1,7,"White Heath 5","Landes Brumeuses 5","화이트 히스5","白色石楠5","白色石楠5","Landes Brumeuses 5","ไวท์เฮลธ์ 5"
30008,"スキップスター",0,,3,1,8,"Skip Star","Skip Star","신비한 별똥별","跳越星","跳越星","Skip Star","สคิปสตาร์"
30009,"チケット",0,,3,1,9,"Ticket","Ticket","티켓","抽奖券","抽獎券","Ticket","ตั๋ว"
30010,"ポーション5",0,,3,1,10,"Potion 5","Potion 5","성수5","药水5","藥水5","Potion 5","น้ำยา 5"
30011,"時の砂時計",0,,3,1,11,"Sands of Time","Saut Temporel","보라빛 모래시계","时间沙漏","時間沙漏","Saut Temporel","นาฬิกาทราย"
30012,"超刻の砂時計",0,,3,1,12,"Greater Sands of Time","Grand Saut Temporel","시공의 모래시계","超时空沙漏","超時空沙漏","Grand Saut Temporel","นาฬิกาทรายใหญ่"
30013,"ファーストエイド1",0,,3,1,13,"First Aid 1","Première assistance 1","백신주사1","急救品1","急救品1","Première assistance 1","กล่องปฐมพยาบาล 1"
30014,"ファーストエイド3",0,,3,1,14,"First Aid 3","Première assistance 3","백신주사3","急救品3","急救品3","Première assistance 3","กล่องปฐมพยาบาล 3"
30015,"ファーストエイド5",0,,3,1,15,"First Aid 5","Première assistance 5","백신주사5","急救品5","急救品5","Première assistance 5","กล่องปฐมพยาบาล 5"
30016,"ファーストエイド10",0,,3,1,16,"First Aid 10","Première assistance 10","백신주사10","急救品10","急救品10","Première assistance 10","กล่องปฐมพยาบาล 10"
30017,"エリクシール",0,,3,1,17,"Elixir","Elixir","에릭실","不死灵药","不死靈藥","Elixir","ยาอายุวัฒนะ"
30018,"探索力アップの本",0,,3,1,18,"Questing Handbook","Guide des Quêtes","예지의 책1","提升搜索能力的书","提升搜索能力的書","Guide des Quêtes","หนังสือเพิ่มพลังการสำรวจ"
30019,"探索力アップの本2",0,,3,1,19,"Questing Handbook 2","Guide des Quêtes 2","예지의 책2","提升搜索能力的书2","提升搜索能力的書2","Guide des Quêtes 2","หนังสือเพิ่มพลังการสำรวจ 2"
30020,"探索力アップの本3",0,,3,1,20,"Questing Handbook 3","Guide des Quêtes 3","예지의 책3","提升搜索能力的书3","提升搜索能力的書3","Guide des Quêtes 3","หนังสือเพิ่มพลังการสำรวจ 3"
30021,"モーフィアスの扉",0,,3,1,21,"Morpheus' Door","Porte de Morpheus","미로의 문","墨菲斯之门","墨菲斯之門","Porte de Morpheus","ประตูแห่งมอร์เฟียส"
30022,"トロイメライの扉",0,,3,1,22,"Träumerei's Portal","Porte de Träumerei ","시공의 문","梦幻曲之门","夢幻曲之門","Porte de Träumerei ","ประตูแห่งทรอยเมราย"
30023,"討魔の証",0,,3,1,23,"Demon Slayer's Word","Témoignage du Paladin","토벌의 증거","讨魔的证明","討魔的證明","Témoignage du Paladin","ใบรับรองผู้ปราบปิศาจ"
30024,"妖魔のコンパス",0,,3,1,24,"Demon's Compass","Compas du Diable","요마의 나침반","妖魔的指南针","妖魔的指南針","Compas du Diable","เข็มทิศภูต"
30025,"ホワイトクッキー",0,,3,1,25,"White Cookie","Biscuit Blanc","화이트 쿠키","白色饼干","白色餅乾","Biscuit Blanc","ไวท์คุกกี้"
30026,"バレンタインチョコ",0,,3,1,26,"Valentine's Day Chocolate","Chocolat de la St Valentin","발렌타인 초코릿","情人节巧克力","情人節巧克力","Chocolat de la St Valentin","ช็อกโกแลตวาเลนไทน์"
30027,"人形の日記帳",0,,3,1,27,"Diary of a Doll","Journal Intime d'une Poupée","인형의 일기장","人偶的日记本","人偶的日記本","Journal Intime d'une Poupée","บันทึกของตุ๊กตา"
30028,"追憶の日記帳",0,,3,1,28,"Diary of Recollection","Journal à Souvenirs","추억의 일기장","追忆的日记本","追憶的日記本","Journal à Souvenirs","บันทึกความทรงจำเพิ่มเติม"
30029,"スターキャンディ",0,,3,1,29,"Star Candy","Bonbon étoile","별사탕","星型糖果","星型糖果","Bonbon étoile","สตาร์แคนดี้"
30030,"一周年記念コイン",0,,3,1,30,"Anniversary Coin","Potion 23","1주년 기념코인","一周年纪念硬币","一周年紀念硬幣","Potion 23","เหรียญที่ระลึกครบรอบ 1 ปี"
30031,"ExShadowLand通行証1",0,,3,1,31,"Ex Shadowland Pass 1","Permission de passage ExShadowLand 1","ExShadowLand 통행증1","Ex影之大陆通行证 1","Ex影之大陸通行證 1","Permission de passage ExShadowLand 1","ใบอนุญาตผ่าน ExShadowLand 1"
30032,"ExShadowLand通行証2",0,,3,1,32,"Ex Shadowland Pass 2","Permission de passage ExShadowLand 2","ExShadowLand 통행증2","Ex影之大陆通行证 2","Ex影之大陸通行證 2","Permission de passage ExShadowLand 2","ใบอนุญาตผ่าน ExShadowLand 2"
30033,"ExShadowLand通行証3",0,,3,1,33,"Ex Shadowland Pass 3","Permission de passage ExShadowLand 3","ExShadowLand 통행증3","Ex影之大陆通行证 3","Ex影之大陸通行證 3","Permission de passage ExShadowLand 3","ใบอนุญาตผ่าน ExShadowLand 3"
30034,"ExMoonLand通行証1",0,,3,1,34,"Ex Moonland Pass 1","Permission de passage ExMoonLand 1","ExMoonLand 통행증1","Ex月之大陆通行证 1","Ex月之大陸通行證 1","Permission de passage ExMoonLand 1","ใบอนุญาตผ่าน ExMoonLand 1"
30035,"ExMoonLand通行証2",0,,3,1,35,"Ex Moonland Pass 2","Permission de passage ExMoonLand 2","ExMoonLand 통행증2","Ex月之大陆通行证 2","Ex月之大陸通行證 2","Permission de passage ExMoonLand 2","ใบอนุญาตผ่าน ExMoonLand 2"
30036,"ExMoonLand通行証3",0,,3,1,36,"Ex Moonland Pass 3","Permission de passage ExMoonLand 3","ExMoonLand 통행증3","Ex月之大陆通行证 3","Ex月之大陸通行證 3","Permission de passage ExMoonLand 3","ใบอนุญาตผ่าน ExMoonLand 3"
30037,"神秘のクローゼット",0,,3,1,37,"Closet of Mysteries","Placard aux Mystères","신비의 옷장","神秘衣柜","神秘衣櫃","Placard aux Mystères","ตู้แห่งความลับ"
30038,"特製キノコエキス",0,,3,1,38,"Special Mushroom Extract","Essence de Champignon Spéciale","특제 버섯즙","特制蘑菇萃取液","特製蘑菇萃取液","Essence de Champignon Spéciale","สารสกัดพิเศษจากเห็ด"
30039,"至宝の神薬",0,,3,1,39,"Aesculapius Draught","Remède Miraculeux","신들의 회복제","至宝的神药","至寶的神藥","Remède Miraculeux","โอสถสวรรค์เลอค่า"
30040,"青き浄化の炎",0,,3,1,40,"Blue Flames of Purification","Feu Bleu Purificateur","푸른 정화의 화염","青色净化之炎","青色淨化之炎","Feu Bleu Purificateur","เพลิงพิสุทธิ์สีคราม"
30041,"赤き浄化の炎",0,,3,1,41,"Red Flames of Purification","Feu Rouge Purificateur","붉은 정화의 화염","红色净化之炎","紅色淨化之炎","Feu Rouge Purificateur","เพลิงพิสุทธิ์สีชาด"
30042,"魔女のクローゼット",0,,3,1,42,"Witches' Closet ","Placard de Socière","마녀의 옷장","魔女衣柜","魔女衣櫃","Placard de Socière","ตู้ของแม่มด"
30043,"赤い靴下",0,,3,1,43,"Red Socks ","Chaussettes rouge","빨간양말","小红袜子","小紅襪子","Chaussettes rouge","ถุงเท้าแดง"
30044,"バレンタインカード",0,,3,1,44,"Valentine's Day Card","Carte de la St Valentin","발렌타인 카드","情人节卡片","情人節卡片","Carte de la St Valentin","การ์ดวาเลนไทน์"
30045,"ホワイトデーカード",0,,3,1,45,"White Day Card","Carte blache de la St Valentin","화이트데이 카드","白色情人节卡片","白色情人節卡片","Carte blache de la St Valentin","การ์ดไวท์เดย์"
30046,"至宝の神薬5",0,,3,1,46,"Aesculapius Draught 5","Remède Miraculeux 5","전설의 묘약5","至宝的神药5","至寶的神藥5","Remède Miraculeux 5","โอสถสวรรค์เลอค่า 5"
30047,"ExAnemonea通行証1",0,,3,1,47,"Ex Anemonea Pass 1","Permission de passage ExAnemonea 1","ExAnemonea통행증1","Ex安妮莫娜通行证 1","Ex安妮莫娜通行證 1","Permission de passage ExAnemonea 1","ใบอนุญาตผ่าน ExAnemonea 1"
30048,"ExAnemonea通行証2",0,,3,1,48,"Ex Anemonea Pass 2","Permission de passage ExAnemonea 2","ExAnemonea통행증2","Ex安妮莫娜通行证 2","Ex安妮莫娜通行證 2","Permission de passage ExAnemonea 2","ใบอนุญาตผ่าน ExAnemonea 2"
30049,"ExAnemonea通行証3",0,,3,1,49,"Ex Anemonea Pass 3","Permission de passage ExAnemonea 3","ExAnemonea통행증3","Ex安妮莫娜通行证 3","Ex安妮莫娜通行證 3","Permission de passage ExAnemonea 3","ใบอนุญาตผ่าน ExAnemonea 3"
30050,"小さなクローゼット",0,,3,1,50,"Small Closet","Petit placard","작은 옷장","小型衣橱","小型衣櫥","Petit placard","ตู้ใบเล็ก"
30051,"コデックスの欠片",0,,3,1,51,"Codex Fragment","Fragment de Codex","코덱스의 조각","法典的碎片","法典的碎片","Fragment de Codex","ชิ้นส่วนของโคเด็กซ์"
30052,"掟の箱",0,,3,1,52,"Chest of Laws","Coffre aux Lois","규칙의 상자","律法之箱","律法之箱","Coffre aux Lois","หีบแห่งกฎ"
30061,"鉄の鎖",0,,3,1,61,"Iron Chains","Chaîne en Fer","철의 쇠사슬","铁炼","鐵鍊","Chaîne en Fer","โซ่ตรวนโลหะ"
30062,"白金の鎖",0,,3,1,62,"Platinum Chains","Chaîne au Platine","백금의 쇠사슬","白金炼","白金鍊","Chaîne au Platine","โซ่ตรวนทองคำขาว"
30082,"ムネメの栞",0,,3,1,82,"Muneme's Bookmark","Signet de Mnème",,"记忆的书签","記憶的書籤",,
30088,"深淵の書",0,,3,1,88,"The Book of the Abyss","Livre d'Abîmes",,"深渊之书","深淵之書",,
30094,"水風船",0,,3,1,94,"Water balloon","Ballon d'eau",,"水气球","水球",,
30130,"魔除けの仮面（青）",0,,3,1,130,"Exorcist's Mask (Blue)","Masque Maléfique (Bleu)",,"除魔面具（蓝）","除魔面具(藍)",,
30131,"魔除けの仮面（赤）",0,,3,1,131,"Exorcist's Mask (Red)","Masque Maléfique (Rouge)",,"除魔面具（红）","除魔面具(紅)",,
30132,"魔除けの仮面（白）",0,,3,1,132,"Exorcist's Mask (White)","Masque Maléfique (Blanc)",,"除魔面具（白）","除魔面具(白)",,
30133,"聖杯のかけら",0,,3,1,133,"Part of the Holy Grail","Pièce du Saint Graal",,"圣杯碎片","聖杯的碎片",,
30140,"エヴァリストのクッキー",0,,3,1,140,,"Cookie d'Evarist",,"艾伯李斯特的饼乾","艾伯李斯特的餅乾",,
30141,"グリュンワルドのクッキー",0,,3,1,141,,"Cookie de Grunwald",,"古鲁瓦尔多的饼乾","古魯瓦爾多的餅乾",,
30142,"アベルのクッキー",0,,3,1,142,,"Cookie d'Abel",,"阿贝尔的饼乾","阿貝爾的餅乾",,
30143,"リーズのクッキー",0,,3,1,143,,"Cookie de Riesz",,"里斯的饼乾","里斯的餅乾",,
30144,"イデリハのクッキー",0,,3,1,144,,"Cookie d'Ideriha",,"迪诺的饼乾","迪諾的餅乾",,
30145,"ディノのクッキー",0,,3,1,145,,"Cookie de Dino",,"出叶的饼乾","出葉的餅乾",,
30146,"アイザックのクッキー",0,,3,1,146,,"Cookie d'Isaac",,"艾依查库的饼乾","艾依查庫的餅乾",,
30147,"ブレイズのクッキー",0,,3,1,147,,"Cookie de Blaise",,"布列依斯的饼乾","布列依斯的餅乾",,
30151,"秘伝書の断片1",0,,3,1,151,"Secret Note #1","Fragment de document secret 1","비전서의 조각1","秘传书的残页1","秘傳書的殘頁1","Fragment de document secret 1","ชิ้นส่วนหนังสือแห่งความลับ 1"
30152,"秘伝書の断片2",0,,3,1,152,"Secret Note #2","Fragment de document secret 2","비전서의 조각2","秘传书的残页2","秘傳書的殘頁2","Fragment de document secret 2","ชิ้นส่วนหนังสือแห่งความลับ 2"
30153,"秘伝書の断片3",0,,3,1,153,"Secret Note #3","Fragment de document secret 3","비전서의 조각3","秘传书的残页3","秘傳書的殘頁3","Fragment de document secret 3","ชิ้นส่วนหนังสือแห่งความลับ 3"
30154,"秘伝書の断片4",0,,3,1,154,"Secret Note #4","Fragment de document secret 4","비전서의 조각4","秘传书的残页4","秘傳書的殘頁4","Fragment de document secret 4","ชิ้นส่วนหนังสือแห่งความลับ 4"
30155,"秘伝書の断片5",0,,3,1,155,"Secret Note #5","Fragment de document secret 5","비전서의 조각5","秘传书的残页5","秘傳書的殘頁5","Fragment de document secret 5","ชิ้นส่วนหนังสือแห่งความลับ 5"
30156,"秘伝書の断片6",0,,3,1,156,"Secret Note #6","Fragment de document secret 6","비전서의 조각6","秘传书的残页6","秘傳書的殘頁6","Fragment de document secret 6","ชิ้นส่วนหนังสือแห่งความลับ 6"
30170,"壊れた注射器",0,,3,1,170,"Damaged Syringe","Seringue brisée",,"坏掉的针筒","壞掉的針筒",,
30217,"鋼鉄の歯車1",0,,3,1,217,"Steel Gear 1","Roue dentée d'acier 1","강철의 톱니바퀴1","钢铁齿轮1","鋼鐵齒輪1",,
30218,"鋼鉄の歯車2",0,,3,1,218,"Steel Gear 2","Roue dentée d'acier 2","강철의 톱니바퀴2","钢铁齿轮2","鋼鐵齒輪2",,
30219,"鋼鉄の歯車3",0,,3,1,219,"Steel Gear 3","Roue dentée d'acier 3","강철의 톱니바퀴3","钢铁齿轮3","鋼鐵齒輪3",,
30220,"鋼鉄の歯車4",0,,3,1,220,"Steel Gear 4","Roue dentée d'acier 4","강철의 톱니바퀴4","钢铁齿轮4","鋼鐵齒輪4",,
30221,"レッドチップ",0,,3,1,221,"Red Chip","Red Chip",,"红色筹码","紅色籌碼",,
30222,"ブルーチップ",0,,3,1,222,"Blue Chip","Blue Chip",,"蓝色筹码","藍色籌碼",,
30232,"かぼちゃ",0,,3,1,232,"Pumpkin","Citrouille",,"南瓜","南瓜",,
30235,"赤いプレゼントボックス",0,,3,1,235,"Red Gift Box","Boîte à Cadeau Rouge",,"红色礼物盒","紅色禮物盒",,
30236,"ピンクのリボン",0,,1,1,236,"Pink Ribbon","Ruban Rose",,"粉红色缎带","粉紅色緞帶",,
30237,"安全ピン",0,,3,1,237,"Safety Bolt","Épingle",,"安全插梢","安全插梢",,
30352,"道化師の鼻",0,,3,1,352,"Clown Nose","Nez de Clown",,"小丑的鼻子","小丑的鼻子",,
30371,"かえるの置き物",0,,3,1,371,"Frog Decoration","Ornement grenouille",,"青蛙的摆饰","青蛙的擺飾",,
30372,"バンテージ",0,,3,1,372,"Bandage","Sparadrap",,"绷带","繃帶",,
30373,"弱ボス撃破アイテム",0,,3,1,373,"Item from defeating the weak BOSS","Item de Destruction du Boss (faible)",,"打倒弱BOSS道具","打倒弱BOSS道具",,
30374,"中ボス撃破アイテム",0,,3,1,374,"Item from defeating medium BOSS","Item de Destruction du Boss (moyen)",,"打倒中级BOSS道具","打倒中級BOSS道具",,
30375,"強ボス撃破アイテム",0,,3,1,375,"Item from defeating the hard BOSS","Item de Destruction du Boss (fort)",,"打倒强BOSS道具","打倒強BOSS道具",,
30379,"プレゼントボックス",0,,3,1,379,"Gift Box","Boîte à Cadeau",,"礼物箱","禮物箱",,
30380,"キャンディケイン",0,,3,1,380,"Candy Cane","Sucre d'Orge",,"拐杖糖","拐杖糖",,
30382,"ドーナツケース",0,,3,1,382,"Donut Box","Boîte à donuts",,"甜甜圈盒","甜甜圈盒",,
30383,"白い機械蝶",0,,3,1,383,"White Mech Butterfly","Papillons mécaniques blancs",,"白色机械蝶","白色機械蝶",,
30386,"ホワイトカード",0,,3,1,386,,"Carte Blanche",,"白色卡片","白色卡片",,
30387,"青いプレゼントボックス",0,,3,1,387,,"Boîte à Cadeau Bleue",,"蓝色礼物箱","藍色禮物箱",,
30388,"赤涙の仮面",0,,3,1,388,"1604 Item 1","1604 Item 1",,"1604道具1","1604道具1",,
30389,"緑涙の仮面",0,,3,1,389,"1604 Item 2","1604 Item 2",,"1604道具2","1604道具2",,
30390,"黄涙の仮面",0,,3,1,390,"1604 Item 3","1604 Item 3",,"1604道具3","1604道具3",,
30391,"黒の招待状",0,,3,1,391,,,,"黑色招待卷","黑色招待卷",,
30392,"勝者のティーカップ",0,,3,1,392,,,,"胜者茶杯","勝者茶杯",,
30394,"硝子玉（赤)",0,,3,1,394,,,,"玻璃珠(红)","玻璃珠(紅)",,
30395,"硝子玉（黒)",0,,3,1,395,,,,"玻璃珠(黑)","玻璃珠(黑)",,
30396,"硝子玉（金)",0,,3,1,396,,,,"玻璃珠(金)","玻璃珠(金)",,
30401,"黒いボルト",0,,3,1,401,,,,"黑色螺丝","黑色螺絲",,
30478,"シルバーペンダント",0,,3,1,478,,,,"银坠链","銀墜鍊",,
30480,"厄難の羽根",0,,3,1,480,,,,"灾难的羽毛","災難的羽毛",,
30481,"プレゼントボックス",0,,3,1,481,,,,"礼物盒子","禮物盒子",,
30482,"バレンタインカード",0,,3,1,482,,,,"情人节卡片","情人節卡片",,
30483,"プレゼントボックス",0,,3,1,483,,,,"礼物盒子","禮物盒子",,
30484,"マルグリッドのチョコレート",0,,3,1,484,,,,"玛格莉特的巧克力","瑪格莉特的巧克力",,
30485,"レッドグレイヴのチョコレート",0,,3,1,485,,,,"蕾格烈芙的巧克力","蕾格烈芙的巧克力",,
30486,"ステイシアのチョコレート",0,,3,1,486,,,,"史塔夏的巧克力","史塔夏的巧克力",,
30487,"C.C.のチョコレート",0,,3,1,487,,,,"C.C.的巧克力","C.C.的巧克力",,
30488,"ジェミーのチョコレート",0,,3,1,488,,,,"洁米的巧克力","潔米的巧克力",,
30489,"マリネラのチョコレート",0,,3,1,489,,,,"玛丽妮菈的巧克力","瑪麗妮菈的巧克力",,
30490,"ホワイトカード",0,,3,1,490,,,,"白色卡片","白色卡片",,
30491,"プレゼントボックス",0,,3,1,491,,,,"礼物盒子","禮物盒子",,
30492,"レオンのマカロン",0,,3,1,492,,,,"利恩的马卡龙","利恩的馬卡龍",,
30493,"アーチボルトのマカロン",0,,3,1,493,,,,"阿奇波尔多的马卡龙","阿奇波爾多的馬卡龍",,
30494,"コッブのマカロン",0,,3,1,494,,,,"柯布的马卡龙","柯布的馬卡龍",,
30495,"ラウルのマカロン",0,,3,1,495,,,,"劳尔的马卡龙","勞爾的馬卡龍",,
30496,"セルファースのマカロン",0,,3,1,496,,,,"瑟法斯的马卡龙","瑟法斯的馬卡龍",,
30497,"リカルドのマカロン ",0,,3,1,497,,,,"里卡多的马卡龙","里卡多的馬卡龍",,
30601,"紫黒の仮面",0,,3,1,601,,,,"紫黑色面具","紫黑色面具",,
30602,"青黒の仮面",0,,3,1,602,,,,"蓝黑色面具","藍黑色面具",,
30603,"金黒の仮面",0,,3,1,603,,,,"金黑色面具","金黑色面具",,
30604,"茶黒の仮面",0,,3,1,604,,,,"茶黑色面具","茶黑色面具",,
30605,"緑黒の仮面",0,,3,1,605,,,,"绿黑色面具","綠黑色面具",,
30607,"炎熱の館水風船",0,,3,1,607,,,,"炎热之馆水球","炎熱之館水球",,
30608,"炎熱の館星の砂",0,,3,1,608,,,,"炎热之馆星砂","炎熱之館星砂",,
40001,"リリィ",0,,1,1,40001,"Lily","Lily",,"莉莉","莉莉",,
40004,"クランプス",0,,1,1,20004,"Krampus","Cramps","크램프스","羊角兽","羊角獸","Cramps","ซานต้าแห่งความมืด ครัมป์ส"
40007,"守護者アスタロト",0,,1,1,20007,"Astaroth","Astaroth","수호자 아스타로스","守护者亚斯塔禄","守護者亞斯塔祿","Astaroth","ผู้ปกป้อง แอสทาร็อธ"
40015,"クランプス2012",0,,1,1,20015,"Krampus (subspecies)","Sous-espèce de Crumps","크램프스아종","羊角兽2012","羊角獸（稀有種）","Sous-espèce de Crumps",
40021,"クランプス2013A",0,,1,1,20021,"Krampus 2013A","Cramps 2013A",,"羊角兽2013A","羊角獸2013A",,
40022,"クランプス2013B",0,,1,1,20022,"Krampus 2013B","Cramps 2013B",,"羊角兽2013B","羊角獸2013B",,
40025,"クランプス2014",0,,1,1,20025,"Krampus 2014","Cramps 2014",,"羊角兽2014","羊角獸2014",,
50001,"30Gem",0,,5,1,30,"30 Gem","30 Gem","30Gem","30Gem","30Gem","30 Gem","30Gem"
50002,"50Gem",0,,5,1,50,"50 Gem","50 Gem","50Gem","50Gem","50Gem","50 Gem","50Gem"
50003,"100Gem",0,,5,1,100,"100 Gem","100 Gem","100Gem","100Gem","100Gem","100 Gem","100Gem"
50004,"150Gem",0,,5,1,150,"150 Gem","150 Gem","150Gem","150Gem","150Gem","150 Gem","150Gem"
50005,"200Gem",0,,5,1,200,"200 Gem","200 Gem","200Gem","200Gem","200Gem","200 Gem","200Gem"
50006,"300Gem",0,,5,1,300,"300 Gem","300 Gem","300Gem","300Gem","300Gem","300 Gem","300Gem"
50007,"500Gem",0,,5,1,500,"500 Gem","500 Gem","500Gem","500Gem","500Gem","500 Gem","500Gem"
50008,"1000Gem",0,,5,1,1000,"1000 Gem","1000 Gem","1000Gem","1000Gem","1000Gem","1000 Gem","1000Gem"
50009,"2000Gem",0,,5,1,2000,"2000 Gem","2000 Gem","2000Gem","2000Gem","2000Gem","2000 Gem","2000Gem"
50010,"3000Gem",0,,5,1,3000,"3000 Gem","3000 Gem","3000Gem","3000Gem","3000Gem","3000 Gem","3000Gem"
60001,"OwnCard1",0,,6,1,1,"Own Card 1","Own Card 1","OwnCard","OwnCard1","OwnCard1","Own Card","OwnCard"
60002,"OwnCard2",0,,6,1,2,"Own Card 2","Own Card 2",,"OwnCard2","OwnCard2",,
60003,"OwnCard3",0,,6,1,3,"Own Card 3","Own Card 3",,"OwnCard3","OwnCard3",,
60004,"OwnCard4",0,,6,1,4,"Own Card 4","Own Card 4",,"OwnCard4","OwnCard4",,
60005,"OwnCard5",0,,6,1,5,"Own Card 5","Own Card 5",,"OwnCard5","OwnCard5",,
70001,"BonusGame1",0,,7,1,1,"Bonus Game 1","BonusGame 1","BonusGame1","BonusGame1","BonusGame1","BonusGame 1","BonusGame1"
70002,"BonusGame2",0,,7,1,2,"Bonus Game 2","BonusGame 2","BonusGame2","BonusGame2","BonusGame2","BonusGame 2","BonusGame2"
70003,"BonusGame3",0,,7,1,3,"Bonus Game 3","BonusGame 3","BonusGame3","BonusGame3","BonusGame3","BonusGame 3","BonusGame3"
70004,"BonusGame4",0,,7,1,4,"Bonus Game 4","BonusGame 4","BonusGame4","BonusGame4","BonusGame4","BonusGame 4","BonusGame4"
70005,"BonusGame5",0,,7,1,5,"Bonus Game 5","BonusGame 5","BonusGame5","BonusGame5","BonusGame5","BonusGame 5","BonusGame5"
70006,"BonusGame6",0,,7,1,6,"Bonus Game 6","BonusGame 6","BonusGame6","BonusGame6","BonusGame6","BonusGame 6","BonusGame6"
70007,"BonusGame7",0,,7,1,7,"Bonus Game 7","BonusGame 7","BonusGame7","BonusGame7","BonusGame7","BonusGame 7","BonusGame7"
70008,"BonusGame8",0,,7,1,8,"Bonus Game 8","BonusGame 8","BonusGame8","BonusGame8","BonusGame8","BonusGame 8","BonusGame8"
80022,"ハロウィンフォーク",0,,2,0,22,"Halloween Pitchfork","Fourchette d'Halloween","할로윈 포크","万圣节叉子","萬聖節叉子","Fourchette d'Halloween","Halloween Fork"
80023,"バットブーメラン",0,,2,0,23,"Batarang","Boomerang Chauve-souris","박쥐 부메랑","蝙蝠迴旋镖","蝙蝠迴旋鏢","Boomerang Chauve-souris","Bat Boomerang"
80024,"ティンクルスター",0,,2,0,25,"Twinkle Star","Twinkle Star","반짝이는 별","叮噹星","叮噹星","Twinkle Star","Twinkle Star"
85000,"オルタサイト ",0,,2,0,5000,"Mutated Mineral","Altersite",,"异化矿材","異化礦材",,
85001,"聖なる刀身",0,,2,0,5001,"Holy Broadsword","Lames sacrée",,"神圣刀身","神聖刀身",,
85002,"聖なるリング",0,,2,0,5002,"Holy Ring","Anneau sacré",,"神圣戒指","神聖戒指",,
85003,"聖なる弾頭",0,,2,0,5003,"Holy Bullet","Ogive sacrée",,"神圣弹头","神聖彈頭",,
85004,"聖なる腕輪",0,,2,0,5004,"Holy Bracelet","Bracelet sacré",,"神圣手镯","神聖手鐲",,
85005,"魔の刀身",0,,2,0,5005,"Blade of Evil","Lame maléfique",,"魔之刀身","魔之刀身",,
85006,"魔のリング",0,,2,0,5006,"Ring of Evil","Anneau maléfique",,"魔之戒指","魔之戒指",,
85007,"魔の弾頭",0,,2,0,5007,"Bullet of Evil","Ogive maléfique",,"魔之弹头","魔之彈頭",,
85008,"魔の腕輪",0,,2,0,5008,"Bracelet of Evil","Bracelet maléfique",,"魔之手镯","魔之手鐲",,
85009,"アタックサイト",0,,2,0,5009,"Attack Mineral","Attack Site",,"强攻矿材","強攻礦材",,
85010,"ディフェンスサイト",0,,2,0,5010,"Defense Mineral","Defense Site",,"强防矿材","強防礦材",,
85011,"アサルトニウム",0,,2,0,5011,"Assault Alloy","Assaultnium",,"突击合金","突擊合金",,
85012,"プロテクニウム",0,,2,0,5012,"Protective Alloy","Protectnium",,"防护合金","防護合金",,
85024,"鉄の妖精のレリーフ",0,,2,0,5024,"Iron Fairy Relief","Gravure de fée en acier",,"铁之妖精的浮雕","鐵之妖精的浮雕",,
85025,"銅の妖精のレリーフ",0,,2,0,5025,"Copper Fairy Relief","Gravure de fée en bronze",,"铜之妖精的浮雕","銅之妖精的浮雕",,
85026,"銀の妖精のレリーフ",0,,2,0,5026,"Silver Fairy Relief","Gravure de fée en argent",,"银之妖精的浮雕","銀之妖精的浮雕",,
86000,"ピエリスクレスト",0,,2,0,6000,"Crest of Pieris","Crête de Pieris",,"佩莉丝纹章","佩莉絲紋章",,
86001,"マルスクレスト",0,,2,0,6001,"Crest of Mars","Crête de Mars",,"玛尔斯纹章","瑪爾斯紋章",,
86002,"クロリスクレスト",0,,2,0,6002,"Crest of Flora","Crête de Flora",,"刻瑞斯纹章","刻瑞斯紋章",,
86003,"ハウメアクレスト",0,,2,0,6003,"Crest of Haumea","Crête de Haumea",,"哈乌美亚纹章","哈烏美亞紋章",,
90001,"30Gem 50Gem 100Gem",1,"1~55:50001,56~75:50002,76~999:50003",5,1,0,"30Gem, 50Gem, 100Gem","30Gem, 50Gem, 100Gem",,"30Gem 50Gem 100Gem","30Gem 50Gem 100Gem",,
90002,"50gem 100gem 150gem ",1,"1~55:50002,56~75:50003,76~999:50004",5,1,0,"50gem, 100gem, 150gem ","50gem, 100gem, 150gem ",,"50gem 100gem 150gem ","50gem 100gem 150gem ",,
90003,"100gem 150gem 時の砂時計",1,"1~55:50003,56~75:50004,76~999:30011",5,1,0,"100gem, 150gem, Sands of Time","100gem, 150gem, Saut Temporel",,"100gem 150gem 時の砂時計","100gem 150gem 時間沙漏",,
90004,"アイアンコイン ブロンズコイン シルバーコイン",1,"1~55:10001,56~75:10002,76~999:10003",1,1,0,"Iron Coin, Bronze Coin, Silver Coin","Pièce de Fer, Pièce de Bronze, Pièce d'Argent",,"铁币 铜币 银币","鐵幣 銅幣 銀幣",,
90005,"ファーストエイド1 ファーストエイド3 ファーストエイド5",1,"1~55:30013,56~75:30014,76~999:30015",1,1,0,"First Aid 1, First Aid 3, First Aid 5","Première assistance 1, Première assistance 3, Première assistance 5",,"急救品1 急救品3 急救品5","急救品1 急救品3 急救品5",,
90006,"時の砂時計 古の妙薬 道化師の鼻",1,"1~55:30011,56~75:30002,76~999:30352",1,1,0,"Sands of Time, Ancient Potion, 道化師の鼻","Saut Temporel, Potion Ancestrale, Nez de Clown",,"时间沙漏 古代妙药 小丑的鼻子","時間沙漏 古代妙藥 小丑的鼻子",,
90007,"弱・中・強ボス撃破アイテム",1,"1~55:30373,56~90:30374,91~999:30375",1,1,0,"Item from defeating the weak, medium and hard BOSSES","Item de Destruction du Boss (faible/moyen/fort)",,"打倒弱、中、强BOSS道具","打倒弱、中、強BOSS道具",,
90008,"30Gem 50Gem 100Gem",1,"1~55:50001,56~90:50002,91~999:50003",5,1,0,"30Gem 50Gem 100Gem","30Gem 50Gem 100Gem",,"30Gem 50Gem 100Gem","30Gem 50Gem 100Gem",,
90009,"50gem 100gem 150gem ",1,"1~55:50002,56~90:50003,91~999:50004",5,1,0,"50gem 100gem 150gem ","50gem 100gem 150gem ",,"50gem 100gem 150gem ","50gem 100gem 150gem ",,
90010,"アイアンコイン ブロンズコイン シルバーコイン",1,"1~55:10001,56~90:10002,91~999:10003",3,1,0,"Iron Coin, Bronze Coin, Silver Coin","Pièce de Fer, Pièce de Bronze, Pièce d'Argent",,"铁币、铜币、银币","鐵幣、銅幣、銀幣",,
90011,"ファーストエイド1 ファーストエイド3 ファーストエイド5",1,"1~55:30013,56~90:30014,91~999:30015",3,1,0,"First Aid 1, First Aid 3, First Aid 5","Première assistance 1, Première assistance 3, Première assistance 5",,"急救品1、急救品3、急救品5","急救品1、急救品3、急救品5",,
90012,"妖精の薬　妖精の薬　古の妙薬",1,"1~55:30001,56~90:30001,91~999:30002",3,1,0,"Fairy Potion, Fairy Potion, Ancient Potion","Potion de Fée, Potion de Fée, Potion Ancestrale",,"精灵之药、精灵之药、古代妙药","精靈之藥、精靈之藥、古代妙藥",,
90013,"妖精の薬　古の妙薬　イベアイテム1",1,"1~55:30001,56~89:30002,90~999:30388",3,1,0,"Fairy Potion, Ancient Potion, Event Item 1","Potion de Fée, Potion Ancestrale, Event Item 1",,"精灵之药、古代妙药、活动道具1","精靈之藥、古代妙藥、活動道具1",,
90014,"妖精の薬　イベアイテム1　イベアイテム1",1,"1~55:30001,56~89:30388,90~999:30388",3,1,0,"Fairy Potion, Event Item 1, Event Item 1","Potion de Fée, Event Item 1, Event Item 1",,"精灵之药、活动道具1、活动道具1","精靈之藥、活動道具1、活動道具1",,
90015,"イベアイテム1　イベアイテム1　イベアイテム1",1,"1~55:30388,56~89:30388,90~999:30388",3,1,0,"Event Item 1, Event Item 1, Event Item 1","Event Item 1, Event Item 1, Event Item 1",,"活动道具1、活动道具1、活动道具1","活動道具1、活動道具1、活動道具1",,
90016,"妖精の薬　古の妙薬　イベアイテム2",1,"1~55:30001,56~89:30002,90~999:30389",3,1,0,"Fairy Potion, Ancient Potion, Event Item 2","Potion de Fée, Potion Ancestrale, Event Item 2",,"精灵之药、古代妙药、活动道具2","精靈之藥、古代妙藥、活動道具2",,
90017,"妖精の薬　イベアイテム2　イベアイテム2",1,"1~55:30001,56~89:30389,90~999:30389",3,1,0,"Fairy Potion, Event Item 2, Event Item 2","Potion de Fée, Event Item 2, Event Item 2",,"精灵之药、活动道具2、活动道具2","精靈之藥、活動道具2、活動道具2",,
90018,"イベアイテム2　イベアイテム2　イベアイテム2",1,"1~55:30389,56~89:30389,90~999:30389",3,1,0,"Event Item 2, Event Item 2, Event Item 2","Event Item 2, Event Item 2, Event Item 2",,"活动道具2、活动道具2、活动道具2","活動道具2、活動道具2、活動道具2",,
90019,"妖精の薬　古の妙薬　イベアイテム3",1,"1~55:30001,56~89:30002,90~999:30390",3,1,0,"Fairy Potion, Ancient Potion, Event Item 3","Potion de Fée, Potion Ancestrale, Event Item 3",,"精灵之药、古代妙药、活动道具3","精靈之藥、古代妙藥、活動道具3",,
90020,"妖精の薬　イベアイテム3　イベアイテム3",1,"1~55:30001,56~89:30390,90~999:30390",3,1,0,"Fairy Potion, Event Item 3, Event Item 3","Potion de Fée, Event Item 3, Event Item 3",,"精灵之药、活动道具3、活动道具3","精靈之藥、活動道具3、活動道具3",,
90021,"イベアイテム3　イベアイテム3　イベアイテム3",1,"1~55:30390,56~89:30390,90~999:30390",3,1,0,"Event Item 3, Event Item 3, Event Item 3","Event Item 3, Event Item 3, Event Item 3",,"活动道具3、活动道具3、活动道具3","活動道具3、活動道具3、活動道具3",,
90022,"妖精の薬　妖精の薬　古の妙薬",1,"1~55:30001,56~90:30001,91~999:30002",3,1,0,,,,"精灵之药、精灵之药、古代妙药","精靈之藥、精靈之藥、古代妙藥",,
90023,"妖精の薬　古の妙薬　イベアイテム1",1,"1~55:30001,56~90:30002,91~999:30394",3,1,0,,,,"精灵之药、古代妙药、活动道具1","精靈之藥、古代妙藥、活動道具1",,
90024,"妖精の薬　イベアイテム1　イベアイテム1",1,"1~55:30001,56~90:30394,91~999:30394",3,1,0,,,,"精灵之药、活动道具1、活动道具1","精靈之藥、活動道具1、活動道具1",,
90025,"イベアイテム1　イベアイテム1　イベアイテム1",1,"1~55:30394,56~90:30394,91~999:30394",3,1,0,,,,"活动道具1、活动道具1、活动道具1","活動道具1、活動道具1、活動道具1",,
90026,"妖精の薬　妖精の薬　古の妙薬",1,"1~55:30001,56~90:30001,91~999:30002",3,1,0,,,,"精灵之药、精灵之药、古代妙药","精靈之藥、精靈之藥、古代妙藥",,
90027,"妖精の薬　古の妙薬　イベアイテム1",1,"1~55:30001,56~90:30002,91~999:30394",3,1,0,,,,"精灵之药、古代妙药、活动道具1","精靈之藥、古代妙藥、活動道具1",,
90028,"妖精の薬　イベアイテム1　イベアイテム1",1,"1~55:30001,56~90:30394,91~999:30394",3,1,0,,,,"精灵之药、活动道具1、活动道具1","精靈之藥、活動道具1、活動道具1",,
90029,"イベアイテム1　イベアイテム1　イベアイテム1",1,"1~55:30394,56~90:30394,91~999:30394",3,1,0,,,,"活动道具1、活动道具1、活动道具1","活動道具1、活動道具1、活動道具1",,
90030,"妖精の薬　妖精の薬　古の妙薬",1,"1~55:30001,56~90:30001,91~999:30002",3,1,0,,,,"精灵之药、精灵之药、古代妙药","精靈之藥、精靈之藥、古代妙藥",,
90031,"妖精の薬　古の妙薬　イベアイテム2",1,"1~55:30001,56~90:30002,91~999:30395",3,1,0,,,,"精灵之药、古代妙药、活动道具2","精靈之藥、古代妙藥、活動道具2",,
90032,"妖精の薬　イベアイテム2　イベアイテム2",1,"1~55:30001,56~90:30395,91~999:30395",3,1,0,,,,"精灵之药、活动道具2、活动道具2","精靈之藥、活動道具2、活動道具2",,
90033,"イベアイテム2　イベアイテム2　イベアイテム2",1,"1~55:30395,56~90:30395,91~999:30395",3,1,0,,,,"活动道具2、活动道具2、活动道具2","活動道具2、活動道具2、活動道具2",,
90034,"妖精の薬　妖精の薬　古の妙薬",1,"1~55:30001,56~90:30001,91~999:30002",3,1,0,,,,"精灵之药、精灵之药、古代妙药","精靈之藥、精靈之藥、古代妙藥",,
90035,"妖精の薬　古の妙薬　イベアイテム2",1,"1~55:30001,56~90:30002,91~999:30395",3,1,0,,,,"精灵之药、古代妙药、活动道具2","精靈之藥、古代妙藥、活動道具2",,
90036,"妖精の薬　イベアイテム2　イベアイテム2",1,"1~55:30001,56~90:30395,91~999:30395",3,1,0,,,,"精灵之药、活动道具2、活动道具2","精靈之藥、活動道具2、活動道具2",,
90037,"イベアイテム2　イベアイテム2　イベアイテム2",1,"1~55:30395,56~90:30395,91~999:30395",3,1,0,,,,"活动道具2、活动道具2、活动道具2","活動道具2、活動道具2、活動道具2",,
90038,"妖精の薬　妖精の薬　古の妙薬",1,"1~55:30001,56~90:30001,91~999:30002",3,1,0,,,,"精灵之药、精灵之药、古代妙药","精靈之藥、精靈之藥、古代妙藥",,
90039,"妖精の薬　古の妙薬　イベアイテム3",1,"1~55:30001,56~90:30002,91~999:30396",3,1,0,,,,"精灵之药、古代妙药、活动道具3","精靈之藥、古代妙藥、活動道具3",,
90040,"妖精の薬　イベアイテム3　イベアイテム3",1,"1~55:30001,56~90:30396,91~999:30396",3,1,0,,,,"精灵之药、活动道具3、活动道具3","精靈之藥、活動道具3、活動道具3",,
90041,"イベアイテム3　イベアイテム3　イベアイテム3",1,"1~55:30396,56~90:30396,91~999:30396",3,1,0,,,,"活动道具3、活动道具3、活动道具3","活動道具3、活動道具3、活動道具3",,
90042,"100gem 200gem 300gem",1,"1~55:50003,56~90:50005,91~999:50006",5,1,0,,,,"100gem 200gem 300gem","100gem 200gem 300gem",,
90043,"哄笑の平原　妖精の薬　妖精の薬　紫黒の仮面",1,"1~55:30001,56~90:30001,91~999:30601",3,1,0,,,,"哄笑的平原／精灵之药／精灵之药／紫黑色面具","哄笑的平原／精靈之藥／精靈之藥／紫黑色面具",,
90044,"哄笑の平原　妖精の薬　紫黒の仮面　紫黒の仮面",1,"1~55:30001,56~90:30601,91~999:30601",3,1,0,,,,"哄笑的平原／精灵之药／紫黑色面具／紫黑色面具","哄笑的平原／精靈之藥／紫黑色面具／紫黑色面具",,
90045,"哄笑の平原　紫黒の仮面　紫黒の仮面　紫黒の仮面",1,"1~55:30601,56~90:30601,91~999:30601",3,1,0,,,,"哄笑的平原／紫黑色面具／紫黑色面具／紫黑色面具","哄笑的平原／紫黑色面具／紫黑色面具／紫黑色面具",,
90046,"不死の森　妖精の薬　妖精の薬　青黒の仮面",1,"1~55:30001,56~90:30001,91~999:30602",3,1,0,,,,"不死之森／精灵之药／精灵之药／蓝黑色面具","不死之森／精靈之藥／精靈之藥／藍黑色面具",,
90047,"不死の森　妖精の薬　青黒の仮面　青黒の仮面",1,"1~55:30001,56~90:30602,91~999:30602",3,1,0,,,,"不死之森／精灵之药／蓝黑色面具／蓝黑色面具","不死之森／精靈之藥／藍黑色面具／藍黑色面具",,
90048,"不死の森　青黒の仮面　青黒の仮面　青黒の仮面",1,"1~55:30602,56~90:30602,91~999:30602",3,1,0,,,,"不死之森／蓝黑色面具／蓝黑色面具／蓝黑色面具","不死之森／藍黑色面具／藍黑色面具／藍黑色面具",,
90049,"瑕瑾の峡谷　妖精の薬　妖精の薬　金黒の仮面",1,"1~55:30001,56~90:30001,91~999:30603",3,1,0,,,,"瑕瑾的峡谷／精灵之药／精灵之药／金黑色面具","瑕瑾的峽谷／精靈之藥／精靈之藥／金黑色面具",,
90050,"瑕瑾の峡谷　妖精の薬　金黒の仮面　金黒の仮面",1,"1~55:30001,56~90:30603,91~999:30603",3,1,0,,,,"瑕瑾的峡谷／精灵之药／金黑色面具／金黑色面具","瑕瑾的峽谷／精靈之藥／金黑色面具／金黑色面具",,
90051,"瑕瑾の峡谷　金黒の仮面　金黒の仮面　金黒の仮面",1,"1~55:30603,56~90:30603,91~999:30603",3,1,0,,,,"瑕瑾的峡谷／金黑色面具／金黑色面具／金黑色面具","瑕瑾的峽谷／金黑色面具／金黑色面具／金黑色面具",,
90052,"須臾の荒野　妖精の薬　妖精の薬　茶黒の仮面",1,"1~55:30001,56~90:30001,91~999:30604",3,1,0,,,,"须臾的荒野／精灵之药／精灵之药／茶黑色面具","須臾的荒野／精靈之藥／精靈之藥／茶黑色面具",,
90053,"須臾の荒野　妖精の薬　茶黒の仮面　茶黒の仮面",1,"1~55:30001,56~90:30604,91~999:30604",3,1,0,,,,"须臾的荒野／精灵之药／茶黑色面具／茶黑色面具","須臾的荒野／精靈之藥／茶黑色面具／茶黑色面具",,
90054,"須臾の荒野　茶黒の仮面　茶黒の仮面　茶黒の仮面",1,"1~55:30604,56~90:30604,91~999:30604",3,1,0,,,,"须臾的荒野／茶黑色面具／茶黑色面具／茶黑色面具","須臾的荒野／茶黑色面具／茶黑色面具／茶黑色面具",,
90055,"黒衣の城　妖精の薬　妖精の薬　緑黒の仮面",1,"1~55:30001,56~90:30001,91~999:30605",3,1,0,,,,"黑衣之城／精灵之药／精灵之药／绿黑色面具","黑衣之城／精靈之藥／精靈之藥／綠黑色面具",,
90056,"黒衣の城　妖精の薬　緑黒の仮面　緑黒の仮面",1,"1~55:30001,56~90:30605,91~999:30605",3,1,0,,,,"黑衣之城／精灵之药／绿黑色面具／绿黑色面具","黑衣之城／精靈之藥／綠黑色面具／綠黑色面具",,
90057,"黒衣の城　緑黒の仮面　緑黒の仮面　緑黒の仮面",1,"1~55:30605,56~90:30605,91~999:30605",3,1,0,,,,"黑衣之城／绿黑色面具／绿黑色面具／绿黑色面具","黑衣之城／綠黑色面具／綠黑色面具／綠黑色面具",,
99999,"300or1000or3000Gem",1,"1~55:50006,56~75:50008,76~999:50010",5,1,0,"300 or 1000 or 3000Gem","300 or 1000 or 3000Gem",,"300or1000or3000Gem","300or1000or3000Gem",,
