"id","name","caption","region","level","ap","difficulty","name_en","name_fr","name_kr","name_scn","name_tcn","name_ina","name_thai","caption_en","caption_fr","caption_kr","caption_scn","caption_tcn","caption_ina","caption_thai"
1,"魔女の谷","聖女の館に続く薄暗く不気味な谷。",0,1,1,3,"Witches' Valley","Vallée des magiciens","마녀의 계곡","魔女山谷","魔女山谷","Witch Valley","หมู่บ้านแม่มด","The creepy valley that leads to the Saint's castle","Vallée terrifiante qui mène au Saint Château","성녀의 저택으로 이어진 어둡고 기분 나쁜 계곡.","通往圣女之馆的昏暗阴森山谷。","通往聖女之館的昏暗陰森山谷。","Lembah gelap mengerikan menuju kastil Orang Suci.","หมู่บ้านประหลาดที่มีแสงสลัวต่อไปยังคฤหาสน์สตรีศักดิ์สิทธิ์"
2,"隠者の道","世捨て人が力を求めさまよった荒野の道",0,3,1,3,"Hermit Road","Route des Ermites","은자의 길","隐者之道","隱者之道","Hermit Road","ถนนลักซ่อน","The deserted road the hermits have found whilst wandering in search of power","Route déserte que les ermites trouvèrent alors qu'ils étaient à la recherche de pouvoir","세상을 등진 자들이 힘을 구하기 위해 방황하는 황야의 길.","远离尘世的人为了寻求力量而徘徊的荒野小道。","遠離塵世的人為了尋求力量而徘徊的荒野小道。","Jalan setapak yang ditemukan oleh seorang pertapa saat bertualang mencari kekuatan.","ถนนในป่าที่ผู้บำเพ็ญเพียรแสวงหาพลังหลงวนเวียนอยู่"
3,"人狼の住処","人食いの獣が住む魔の森",0,8,1,3,"Wolman's Forest","Forêt de Wolman","인랑의 거처","人狼家园","人狼家園","Wolven Forest","รังมนุษย์หมาป่า","The evil forest where a man slaughtering beast rests","Forêt maléfique où vit un Monstre dévoreur d'Hommes.","식인 짐승이 살고 있는 마의 숲.","有食人兽居住的魔物森林。","有食人獸居住的魔物森林。","Hutan kegelapan tempat tinggal makhluk pembantai manusia.","ป่าเวทมนตร์ที่มีสัตว์ร้ายกินคนอาศัยอยู่"
4,"黒の森","邪悪な侏儒たちは暗い森で宴をひらく。",1,12,1,8,"Black Forest","Forêt Noire","검은 숲","黑森林","黑森林","Black Forest","ป่าสีดำ","In the dark woods,  evil dwarfs feast here.","Bois sombres dans lesquels les nains malins festoient. ","사악한 유령들은 어두운 숲에서 연회를 연다.","邪恶的小矮人们在阴暗森林里开宴会。","邪惡的小矮人們在陰暗森林裡開宴會。","Didalam hutan, para Goblin jahat berpesta.","ป่าอันมืดมิดที่เหล่าก็อบลินชั่วร้ายจัดงานฉลองอยู่"
5,"掃きだめの街道","行き先のないものが歩く黄昏れた道",1,14,1,10,"Road for the Homeless","Route des Sans-abris","방랑의 거리","垃圾之街","垃圾之街","Homeless Path","ถนนขยะ","The lonely roads the homeless ones walk through","Route solitaire sur laquelle les Sans-abris errent.","갈 곳 없는 자들이 걷는 황혼이 짙은 길.","无处可去的人们所行走的黄昏小道。","無處可去的人們所行走的黃昏小道。","Jalan sunyi yang dilewati orang tanpa tempat tinggal.","ถนนยามสายัณห์ที่คนไร้ที่ไปเดินผ่าน"
6,"名伏せられし丘","人々から忘れ去られた丘にはいつからか「魔」が潜む",1,16,2,12,"Hill with a hidden name","Colline au nom inconnu","잊혀진 언덕","无名之丘","無名之丘","Forgotten Hill","เนินซ่อนนาม","The demon lurks in the shadow of this forgotten hill","Un démon se cache à l'ombre de cette colline oubliée. ","사람들에게 잊혀진 언덕 언제부턴가 마의 존재가 숨어들었다.","被人们所遗忘的山丘，在不知何时开始遭到了魔物入侵。","被人們所遺忘的山丘，在不知何時開始遭到了魔物入侵。","Iblis berdiam di dalam bayangan bukit yang terlupakan ini.","เนินเขาที่ถูกผู้คนหลงลืมจนมี [ปิศาจ] มาสิงสู่อยู่"
7,"修道院廃墟","静謐な祈りが毎日ささげられた場所はいまでは邪悪な魂がただよう奇怪な場所に。",1,18,2,15,"Ruins of the Monastery","Ruines du Monastère","폐허 수도원","修道院废墟","修道院廢墟","Monastery Ruin","โบสถ์ร้าง","The once peaceful and sacred monastery now has become a spooky place where lost spirits wander","A autrefois été un monastère sacré mais est désormais peuplé d'esprits mauvais. ","정렴한 기도가 행해지던 장소는 언제부턴가 사악한 혼이 떠도는 기괴한 장소로 변했다","曾经是每天静谧的祈祷场所，现在却成为邪恶魂魄游荡的古怪场所。","曾經是每天靜謐的祈禱場所，現在卻成為邪惡魂魄遊蕩的古怪場所。","Kuil yang dulunya suci & damai kini menjadi tempat berkeliarannya jiwa-jiwa yang tersesat.","สถานที่ที่ผู้คนเคยกล่าวคำอธิษฐานอย่างสงบสุข ได้กลายเป็นสถานที่ลึกลับที่วิญญาณร้ายล่องลอยอยู่"
8,"物忌みの湖","冷たい湖の底には浮かばれない自殺者たちが沈んでいるという。",1,20,2,18,"The Fasting Lake","Lac des Afamés","잊혀진 호수","斋戒之湖","齋戒之湖","Frozen Lake","ทะเลสาบต้องห้าม","They say the suicides rejected from heaven still lie in the bed of this ice cold lake","On dit que les âmes des suicidés, rejetées du Paradis, reposent dans ce lac glacé.","차가운 호수 바닥에는 떠오르지 못한 시체들이 가라앉아있다고 한다.","据说冰冷的湖底沈睡着永不浮出水面的自杀者。","據說冰冷的湖底沈睡著永不浮出水面的自殺者。","Konon arwah korban bunuh diri yang tidak dapat ke surga masih berdiam di dasar danau es ini.","กล่าวกันว่าร่างของผู้คนที่ฆ่าตัวตายไม่เคยลอยขึ้นมาจากทะเลสาบอันเย็นเยียบแห่งนี้"
9,"食人鬼の村","呪われた村に住む住人は呪われた姿になった。",1,22,3,22,"The Cannibal Demon's Village","Village du Démon Cannibale","식인귀의 가도","食人鬼村","食人鬼村","Cannibal Village","หมู่บ้านปิศาจกินคน","The people of this haunted village have become monsters.","Les habitants de ce village hanté sont devenus des monstres.","저주받은 마을에 살던 주민은 모두 다 저주받은 모습으로 변했다.","住在被诅咒的村庄里的人们也都成了诅咒之身。","住在被詛咒的村莊裡的人們也都成了詛咒之身。","Penduduk desa berhantu ini telah menjadi monster.","ร่างต้องสาปที่กลายร่างมากจากผู้คนที่อาศัยอยู่ในหมู่บ้านต้องสาป"
10,"幽霊騎士の首塚","大昔、武勲をたたえられた騎士も今は己の首をもとめて無辜の人々の殺戮を続ける。",1,25,3,26,"The Pile of Heads of Knights","Tas de Têtes de Chevaliers","유령기사의 무덤","幽灵骑士的头颅墓","幽靈騎士的頭顱墓","Knights Skull Mountain","เชิงเขาอัศวินวิญญาณ","The once great knights now wander around brutally killing innocent people in search for their head.","D'anciens Chevaliers errent, à la recherche de leur tête, en tuant d'innocentes victimes.","옛날 존경받던 기사들은 마의 존재에 무릎을 꿇고 무고한 사람들을 해하기 시작했다.","许久以前曾建立过功勋的骑士们如今却为了寻找自己的头颅不断杀戮着无辜的人。","許久以前曾建立過功勳的騎士們如今卻為了尋找自己的頭顱不斷殺戮著無辜的人。","Ksatria yang dulunya perkasa sekarang bergentayangan dan membunuh manusia secara brutal untuk mendapatkan kepala mereka.","อัศวินล่าสังหารจากสมัยโบราณ ที่ยังคงไล่เข่นฆ่าผู้บริสุทธิ์อย่างเหี้ยมโหดเพื่อตามหาหัวที่หายไปของตน"
11,"影斬り森","悪魔は昏い森に君臨していた。",1,28,4,30,"The Forest that Steals Shadows","Forêt voleuse d'ombres","그림자 숲","斩影森林","斬影森林","Shadowless Forest","ป่าตัดเงา","The demon rules the dark forest.","Démon qui règne sur la sombre Forêt.","악마는 어두운 숲 속에 군림하고 있다.","由恶魔统治的昏暗森林。","由惡魔統治的昏暗森林。","Iblis menguasai hutan kegelapan ini.","ป่ามืดครึ้มที่ถูกยึดครองโดยปิศาจร้าย"
12,"碧空の尖塔","古代に建てられた光り輝く尖塔も今は孤影を廃墟にのばすのみ。",2,30,3,25,"A Steeple of the Sky","Clocher du Ciel","창공의 첨탑","碧空的尖塔","碧空的尖塔","Sky Steeple","หอคอยสีคราม","Shadow of the ancient steeple covers the ruin.","L'ombre de l'ancien Clocher couvre encore ses ruines.","먼 옛날에 세워진 빛나는 첨탑도 지금은 그 잔해만이 남아있다.","古代所建造的光辉尖塔,而現在只剩下廢墟伸長著的孤影而已了。","古代所建造的光輝尖塔,而現在只剩下廢墟伸長著的孤影而已了。","Bayangan gereja kuno menaungi reruntuhan ini.","หอคอยเปล่งประกายที่ถูกสร้างขึ้นเมื่อสมัยโบราณ แต่มาบัดนี้รกร้างอยู่อย่างโดดเดี่ยว"
13,"レン高原","誰もいない草原には夜になると、魔の気配を生ずる。",2,32,3,30,"Len's Highland","Pays montagneux de Len","황량한 고원","雷恩高原","雷恩高原","Len Plateau","ที่ราบสูงเลง","Evil appears in this abandon grassland during the night.","Un Esprit malin apparaît dans ces landes quand la nuit tombe.","아무도 없는 초원은 밤이 되면 마의 기운만이 감돈다.","毫无人烟的草原一到了夜晚，就会散发出魔物的气息。","毫無人煙的草原一到了夜晚，就會散發出魔物的氣息。","Para hantu bergentayangan di dataran terabaikan ini saat malam tiba.","ที่ราบสูงปราศจากผู้คน ตกกลางคืนจะมีกลิ่นอายของปิศาจออกมา"
14,"夜歩く影の道","道はあれども、そこに行き交う人々の姿はない。ただ月夜には影だけがうごめいていた。",2,34,4,35,"The Road of Shadow","Route d'Ombre","그림자가 걷는 길","夜影步道","夜影步道","Shadow Road","ถนนเงาราตรี","Only shadow wiggles under the moonlight.","Seules quelques ombres se tortillent sous la lumière blafarde de la Lune.","길은 있지만 아무도 그 길로 다니는 사람은 없고 단지 밤이 되면 그림자만이 배회한다고 한다.","虽有道路，但却绝不会与他人交会。只有月夜下的影子在蠢动着。","雖有道路，但卻絕不會與他人交會。只有月夜下的影子在蠢動著。","Hanya bayangan yang bergerak dibawah sinar bulan.","ถึงจะเป็นถนน แต่ก็ไม่มีใครเดินผ่าน แต่พอตกกลางคืนจะมีเงาออกมาเต็มไปหมด"
15,"ロマール人の砦","誇り高い民族は他者に支配されるのを拒み、最後には皆自決した。",2,36,4,40,"Romarlian Fort","Fort Romarlian","로마르인의 바위","罗玛尔人的要塞","羅瑪爾人的要塞","Romarlian Fort","ป้อมชาวโรมาร์ล","Romarlian, a race with high pride, choose to suicide in this fort at the end of their glory days.","Alors que leur Gloire commença à s'effriter, le fier peuple de Romarlian décida de mettre fin à ses jours en ce Fort.","자긍심 높은 민족은 다른 민족에게 지배되는 것을 수치스럽게 생각하여 모두 자결을 했다고 한다.","高傲的民族因拒绝他人的支配，最后集体自裁了。","高傲的民族因拒絕他人的支配，最後集體自決了。","Romarlian, bangsa yang bermartabat tinggi, memilih untuk bunuh diri dalam benteng ini pada akhir masa kejayaannya.","เหล่าประชาชนผู้ภาคภูมิที่ไม่ยอมรับการเข้ายึดครองของศัตรู ได้จบชีวิตตัวเองในท้ายที่สุด"
16,"牧神の絶峰","牧神は羊を率いていた。ただしその羊の姿は人の想像を超えていた。",2,38,5,45,"The Headland of The Pan","Cap du Faune","목신의 절봉","牧神的绝峰","牧神的絕峰","Pan's Hill","สันเขาเทพเลี้ยงแกะ","Pan, god of sheep raising, had a sheep human would never imagined of.","Le Faune berger garde un mouton qu'aucun humain ne pourrait imaginer.","목신은 양을 끌고 나타났다. 하지만 그 양의 모습은 사람이 상상하는 이상의 모습이었다.","牧神率领着羊群。只是那些羊的姿态却远超过人类的想像。","牧神率領著羊群。只是那些羊的姿態卻遠超過人類的想像。","Pan, dewa penggembala domba, memiliki seekor domba yang tak terbayangkan oleh manusia.","สถานที่เทพเจ้าเลี้ยงแกะไว้ ทว่าแกะที่เลี้ยงนั้นมีรูปร่างพิสดารจนเกินจินตนาการของมนุษย์"
17,"瑪瑙採掘所","欲に駆られた人間が掘り出したモノは美しい石以外のものだった。",2,40,5,50,"Agate Mine","Mine d'Agate","마노 채굴소","玛瑙采掘场","瑪瑙採掘場","Agate Mine","เหมืองหินโมรา","Greedy people mined beautiful agate, and something else.","D'avides personnes creusèrent la montagne à la recherche d'agate, mais pas seulement...","욕심에 가득 찬 인간이 파낸 것은 아름다운 보석이 아니었다.","利欲薰心的人们所采掘出的尽是美丽石头以外的东西。","利慾薰心的人們所採掘出的盡是美麗石頭以外的東西。","Manusia tamak menambang Agate dan barang lainnya di sini.","สิ่งที่มนุษย์ผู้ถูกขับเคลื่อนด้วยกิเลสขุดออกมาได้นั้น หาใช่อัญมณีแสนงามไม่"
18,"忘れ去られし島","忌まわしい殺戮の記憶が残る島にはもう人はだれも近づかない。",2,42,5,55,"A Neglected Island","Île Négligée","잊혀져가는 섬","忘却之岛","忘卻之島","Abandoned Island","เกาะที่ถูกลืม","A island with memory of massacre had been neglected.","Île au passé sanglant et oublié.","저주받은 살육의 기억이 맴도는 섬에는 그 누구도 다가가지 않는다.","残存着可恨杀戮记忆的岛已经不会有任何人靠近了。","殘存著可恨殺戮記憶的島已經不會有任何人靠近了。","Sebuah pulau tempat pembantaian yang telah ditinggalkan.","เกาะที่มีความทรงจำของการสังการหมู่ที่ไม่น่าปรารถนาอยู่ ไม่มีมนุษย์ใดอยากเข้าใกล้"
19,"幻影城","月夜見の国を支配するのは満月の夜にしか現れないという幻影城だった。",2,45,6,60,"The Castle of Phantom","Château du Fantôme","환영성","幻影城","幻影城","Phantom Castle","ปราสาทเงาลวง","The Castle of Phantom will only appear under night of full moon.","N'apparaît que les nuits de pleine Lune.","달의 나라를 지배하는 것은 만월의 밤에만 나타난다는 환영성이었다.","支配着月夜见之国的是只有满月之夜才会出现的幻影城。","支配著月夜見之國的是只有滿月之夜才會出現的幻影城。","Kastil bayangan yang hanya muncul dibawah sinar bulan purnama.","ปราสาทลวงตาที่ถูกนครจันทรายึดครอง จะปรากฎขึ้นในคืนพระจันทร์เต็มดวงเท่านั้น"
20,"妖蛆の巣窟","地中をうごめく巨大な蛆どもはただ貪ることだけを想う。",3,47,4,35,"A Cave of Evil Moss","Caverne des Asticots Maléfiques","요저의 소굴","妖蛆的巢穴","妖蛆的巢穴","Moss Cave","รังหนอนปิศาจ","Huge devouring moss wiggles under ground.","Masse grouillante qui dévore tout ce qui tombe au sol.","땅속을 꿈틀거리는 거대한 구더기들은 단지 탐내는 것만을 생각한다.","潜伏在地中的巨大蛆虫们只想着要吞食一切。","潛伏在地中的巨大蛆蟲們只想著要吞食一切。","Lumut raksasa pemangsa menggeliat dibawah permukaan tanah.","เหล่าหนอนยักษ์บนบก คิดเพียงแต่จะเติมเต็มความอยากของตนเท่านั้น"
21,"死人図書館","死者が管理する隠されたライブラリ。その秘密を知ったものは皆、狂人となる。",3,49,4,40,"The Library of Dead Man","Bibliothèque du Cadavre","사자의 도서관","死者图书馆","死者圖書館","Library of The Dead","หอสมุดคนตาย","Anyone who exposed its secret will go insane.","Toute personne découvrant son secret en perd la tête.","죽은 자가 관리하는 숨겨진 도서관. 그 비밀을 알게 된 자는 모두 광인이 된다.","由死者所管理的隐藏图书馆。知道这个秘密的人，都化为狂人。","由死者所管理的隱藏圖書館。知道這個秘密的人，都化為狂人。","Barangsiapa yang membuka rahasianya akan menjadi gila.","หอสมุดที่ถูกซ่อนไว้โดยมีคนตายคอยดูแล มนุษย์คนใดที่รู้ความลับของมันจะกลายเป็นคนคุ้มคลั่ง"
22,"鉄夢の要塞","機械を操る者たちはいつしか機械に操られるようになっていた。",3,51,4,45,"Fortress of Iron Dream","Forteresse des Rêves d'Acier","철몽의 요새","铁梦的要塞","鐵夢的要塞","Fortress of Iron Dream","ป้อมฝันโลหะ","Machine controls mechanics unnoticeably.","Contrôle secrètement les machines.","기계를 조종하던 자들은 어느덧 기계에 의해 조종당하고 있었다.","操控机械的人不知何时开始变成了被机械操控着。","操控機械的人不知何時開始變成了被機械操控著。","Mesin mengendalikan semua mekanisme tempat ini tanpa ada yang menyadari.","ผู้ควบคุมจักรกล แต่กลับถูกจักรกลเข้าควบคุมเสียเอง"
23,"ウボスの黒い湖","底の見えぬ真っ暗な水底には、時折巨大な光る眼が見えることがある。",3,53,5,50,"Darkness lake of Ubos","Lac Obscur d'Ubos","우보스의 검은 호수","乌波斯的黑湖","烏波斯的黑湖","Ubos Darkness Lake","ทะลสาปสีนิลของอูโบส","Huge glittering eyes can be recognized under the dark water.","On peut voir des yeux globuleux briller dans ses eaux profondes.","바닥이 보이지 않는 검은 물밑은 때때로 거대한 빛나는 눈이 보인다.","深不见底的黑暗水底，不时能看见巨大发光的眼睛。","深不見底的黑暗水底，不時能看見巨大發光的眼睛。","Mata-mata besar dan bersinar dapat dilihat di dalam permukaan air yang keruh.","บางครั้งก็มีผู้เห็นดวงตาเปล่งประกายที่ทะเลสาบลึกมองไม่เห็นก้นนั้น"
24,"植物見張り塔","誰も近づかない森に建てられた塔。誰が何を監視するために建てたのか。",3,55,5,55,"A Mysterious Watchtower","Tour de Garde Mystérieuse","식물 파수탑","植物了望塔","植物瞭望塔","Obscure Watchtower","หอสังเกตการณ์พันธุ์ไม้","A watchtower built in abandon forest. No one knows why it's been there.","Tour de Garde construite dans une forêt abandonnée. Personne ne sait pourquoi elle a été construite là. ","아무도 접근하지 않는 숲에 세워진 탑. 누가 무엇을 감시하기 위해 세운 것인가?","建造于无人森林中的塔。不知是谁为了监视甚么而建的。","建造於無人森林中的塔。不知是誰為了監視甚麼而建的。","Menara pengintai yang dibangun di dalam hutan terpencil. Tidak ada yang mengetahui alasan pembangunannya.","หอคอยที่สร้างขึ้นในป่าที่ไม่มีใครเข้าใกล้ อาจะถูกสร้างขึ้นเพื่อสังเกตการณ์ก็เป็นได้"
25,"白魔の円環列石","白魔と呼ばれる怪物達は人間とは相容れぬある物を信奉していた。",3,57,5,60,"Circled Line Stone of White Demon","Cerle de Pierre des Mages Blancs","백마의 원환열석","白魔的圆环石赈","白魔的圓環石陣","White Stone Circle","วงล้อมหินของปิศาจขาว","Monster called as White Demon believed in something unacceptable for human race.","Les [Mages Blancs] croyaient en d'inacceptables préceptes.","백마라는 괴물들은 인간과는 상성할 수 없는 것을 신봉하고 있었다.","被称作白魔的怪物们信奉着与人类不相容的事物。","被稱作白魔的怪物們信奉著與人類不相容的事物。","Monster yang disebut [Iblis Putih] dipercaya melakukan sesuatu yang tidak dapat diterima oleh manusia.","เหล่าอสูรกายที่ถูกเรียกว่าปิศาจขาวเกิดขัดแย้งกับมนุษย์ จึงสร้างสถานบูชาขึ้น"
26,"死都ヘルドン","かつての美しい都は龍たちとの戦場となった。今、都に残っているのは、とうに人であるのをやめた者達だけだった。",3,59,6,65,"Helldon -The Dead City- ","Helldon - Cité Morte- ","사도 헤루돈","死都黑尔顿","死都黑爾頓","Helldon -The Dead City- ","เฮลดอน นครแห่งความตาย","It was a beautiful city before the war against dragon. Now only monsters, used be human, remains in this city.","Fut jadis une magnifique ville. Depuis la guerre contre les dragons, elle est peuplée d'humains transformés en monstres.","과거의 아름다운 도시는 용들과의 전쟁터가 되었다. 지금 도시에 남아있는 것은 이미 사람임을 버린 자들뿐이었다.","过去美丽的都市成了与龙之间的战场。现在还留在这都市里的，都只剩些非人者而已了。","過去美麗的都市成了與龍之間的戰場。現在還留在這都市裡的，都只剩些非人者而已了。","Sebuah kota yang indah sebelum terjadi peperangan melawan naga. Sekarang hanya monster yang dulunya manusia yang bertahan di dalam kota ini.","เมืองที่สวยงามแห่งหนึ่งต้องตกเป็นสนามรบระหว่างมังกรและมนุษย์ ที่เหลืออยู่ในเมืองตอนนี้ก็คือสิ่งที่ไม่ใช่มนุษย์อีกต่อไปแล้ว"
27,"翼竜の宝物庫","強欲な龍はその翼の下にあらゆる財宝をあつめた。その貪婪のために犠牲なった魂は今も財宝の周りを漂い続ける",3,62,6,70,"Treasury of Wyvern","Coffre de Wyvern","익룡의 보물창고","翼龙的藏宝库","翼龍的藏寶庫","Wyvern Treasury","คลังสมบัติมังกรบิน","Sacrificed soul still drifting around treasure.","Une âme en peine erre toujours autour du trésor.","탐욕스러운 용은 그 날개 밑에 온갖 보물들을 숨겨놓았다. 그 탐욕을 위해 희생된 자들의 영혼은 지금도 보물 주위를 맴돈다.","贪心的龙将其翅膀下所有财宝聚集在此。因它的贪婪而牺牲的灵魂们现在也仍在财宝周围飘荡。","貪心的龍將其翅膀下所有財寶聚集在此。因牠的貪婪而犧牲的靈魂們現在也仍在財寶周圍飄盪。","Jiwa yang dikorbankan melayang-layang mengitari harta karun.","มังกรโลภได้สะสมสมบัติไว้ใต้ปีก ดวงวิญญาณที่ตกเป็นเครื่องสังเวยความโลภนั้นยังคงล่องลอยอยู่รอบๆ คลังสมบัติ"
28,"忘却の辺獄","苦しみも喜びもすべて忘れ去られた場所。静謐な光景は白痴美をたたえていた。",4,64,5,45,,"Limbes de l'oubli","망각의 감옥","忘却的地狱边缘","忘卻的地獄邊緣","Oblivion Limbo","คุกหลงลืม",,"Limbes desquelles ont disparu bonheur et souffrances. Contrée sereine à la beauté indiscible.","고통도 기쁨도 모두 잊힌 장소. 평온한 광경은 백치미를 뛰고 있었다.","可以忘掉所有苦痛及喜乐的场所。静谧的光景呈现着一种无生气之美。","可以忘掉所有苦痛及喜樂的場所。靜謐的光景呈現著一種無生氣之美。","Tempat di mana seluruh suka dan duka terlupakan. Pemandangan yang damai memenuhi keindahan yang semu ini.","สถานที่ที่ทำให้หลงลืมกระทั่งความเจ็บปวดและความสุข ฉากที่สงบสุขนั้นฉายให้เห็นถึงความงดงามอันโง่เขลา"
29,"魔境の胎蔵","赤黒い樹木の生い茂る秘境。この場所に狂気と正気の境はない。",4,66,5,50,,"Frontières maléfiques","마경의 태장","魔境的胎藏","魔境的胎藏","Evil Borderland","ครรภ์แห่งมาร",,"Frontière secrète où poussent des arbres rouges et noirs. Ici n'existe aucune différence entre folie et raison.","검붉은 나무가 우거진 비경. 여기에는 광기와 정신의 경계는 없다.","丛生着暗红色树木的秘境。在这个地方中，正常跟疯狂没有区别。","叢生著暗紅色樹木的秘境。在這個地方中，正常跟瘋狂沒有區別。","Daerah tak terjelajah yang dipenuhi pepohonan lebat berwarna hitam-merah. Tidak ada batas antara kewarasan dan kegilaan di tempat ini.","แดนลับแลที่มีพืชสีแดงคล้ำขึ้นอย่างหนาแน่น เป็นสถานที่ซึ่งไม่มีเส้นแบ่งระหว่างสติและความคุ้มคลั่ง"
30,"暗黒塔","魔道の絶頂を極めた者が住む塔。その狂った呪詛は遙か彼方まで響く。",4,68,5,55,,"Tour des Ténèbres","암흑의 탑","暗黑塔","暗黑塔","Tower of Darkness","หอคอยนิลกาฬ",,"Tour dans laquelle vit le gardien de la Cime du Chemin Enchanté. Ses malédictions résonnent au loin.","마도의 절정을 규명한 남자가 사는 탑. 그 미친 저주는 먼 곳까지 울려 퍼진다.","追求魔道极致之人所居住的塔。那发狂般的诅咒响彻遥远的彼方。","到達魔道頂端的男子所居住的塔。遙遠的彼岸都能聽到他發狂的詛咒。","Menara tempat tinggal manusia yang telah menguasai ilmu kegelapan. Memiliki kutukan yang tak kenal batas.","หอคอยที่ผู้พิชิตถนนปิศาจอาศัยอยู่ คำสาปที่บ้าคลั่งนั้นยังคงดังกังวาลไปถึงพวกเขา"
31,"妖婦の魔道","怨嗟の声が渦巻くこの道には、夢破れた亡者達の頭骨が敷き詰められている。",4,70,6,60,,"Chemin de Dalila","요부의 마도","妖妇的魔道","妖婦的魔道","Dalila Path","ถนนแม่มด",,"Sur ce chemin des Lamentations roulent les crânes de rêveurs désabusés.","원망의 목소리가 소용돌이치는 이 길에 꿈을 잃어버린 망자들의 두개골이 쌓여있다.","在这个道路上回绕着哀怨的声音，路上尽是遍满梦想破灭的亡者们头骨。","在這個道路上迴繞著哀怨的聲音，路上盡是遍滿夢想破滅的亡者們頭骨。","Ratapan terdengar disepanjang jalan yang terbuat dari timbunan tengkorak manusia yang terenggut mimpinya.","ถนนที่ยังคงมีเสียงแค้นใจหมุนวรเวียนเส้นนี้ เต็มไปด้วยกะโหลกของเหล่าคนตายที่ฝันสลาย"
32,"三界の絶頂","あらゆるものを超える山の頂にある巨大な目。その目は今も愚者たちを罰するため睥睨している。",4,72,6,65,,"Cime des Trois Mondes","삼계의 절정","三界的绝顶","三界的絕頂","Three Worlds Pinnacle","ยอดเขาไตรโลก",,"Oeil monstreux qui se trouve à la cime de ce Mont et qui cherche sans fin les fous qu'il lui faut punir.","모든 것을 볼 수 있는 거대한 눈. 그 눈은 지금도 어리석은 자들을 처벌하기 위해 비예하고 있다.","在超越万物山顶上的巨大之眼。这眼至今仍为了处罚愚者们而睥睨着。","在超越萬物山頂上的巨大之眼。這眼至今仍為了處罰愚者們而睥睨著。","Mata-mata mengerikan di puncak gunung yang selalu mengamati dan siap menghukum orang-orang bodoh.","นัยน์ตายักษ์ที่อยู่บนยอดเขาสุดขอบโลก นัยน์ตานั้นยังคงเฝ้ามองอยู่เพื่อมอบโทษให้เหล่าคนเขลา"
33,"異端者の墓碑","断罪された異端者の怨念は天空を赤く染め、地上に血の雨を降らせた。その雨は自らの墓碑は血の湖沈めめるまで降り続いた。",4,74,6,70,,"Tombe des Hérétiques","이단자의 묘비","异端者的墓碑","異端者的墓碑","Heretic Tomb","สุสานคนนอกรีต",,"Ce tombeau des hérétiques teint le ciel en pourpre et fait pleuvoir une pluie de sang. Cette pluie tombe jusqu') ce que le tombeau soit plein de sang.","참수형 당한 이교도의 원한은 하늘을 붉게 물들이며 지상에 피 비를 내리게 했다. 그 비는 자신의 묘를 피의 호수로 만들기에 충분한 양이었다.","被定罪的异端者怨念，将天空染红，降下血之雨。这场雨一直下到他们的墓碑被血之湖淹没为止。","被定罪的異端者怨念，將天空染紅，降下血之雨。這場雨一直下到他們的墓碑被血之湖淹沒為止。","Makam para pembelot terkutuk yang mengubah langit menjadi merah. Hujan yang menetes memenuhi makam ini dengan darah.","ความโกรธแค้นของคนนอกรีตที่ถูกสำเร็จโทษย้อมสีท้องฟ้าให้แดงฉานและหลั่งฝนเลือดอย่างต่อเนื่องจนท่วมสุสานของพวกตนกลายเป็นทะเลสาบโลหิต"
34,"幻視された冥府","古の時代に夢見られた極彩色の世界。しかし、そこを生者が歩くことはない。",4,76,7,75,,"Enfers Imaginaires","환시의 명부","幻觉的冥府","幻覺的冥府","Imaginary Hell","นรกจินตนาการ",,"Monde au mille couleurs dont on rêvait il y a fort longtemps. Cependant, aucun vivant ne peut y accéder.","고대 시대에 꿈에서 봤던 극채색의 세계. 하지만 산자가 걸을 수 없는 세계이다.","在古老时代梦见的极彩色世界。但是，那里生人止步。","在古老時代夢見的極彩色世界。但是，那裡生人止步。","Dunia penuh warna yang diimpikan pada jaman lampau. Namun, menyusurinya tidak segampang yang dipikirkan.","โลกหลากสีสันที่เป็นโลกแห่งความฝันในสมัยโบราณ ทว่า ไม่มีสิ่งมีชีวิตใดในที่แห่งนั้นเลย"
35,"玉座への回廊","無限に続く果てなき回廊。凱旋門は主の帰還を待ち続ける。",4,79,7,80,,"Galerie pour Trône","옥좌로 이어진 회랑","通往玉座的回廊","通往玉座的回廊","Throne Corridor","ระเบียงสู่บัลลังก์",,"Arc de Triomphe continue d'attendre le retour du Seigneur.galerie continue infiniment.","끝없이 계속 어지는 회랑. 개선문은 주인의 귀환을 계속 기다린다.","持续没有尽头的回廊。仍然在等待主人归来的凯旋门。","持續沒有盡頭的回廊。仍然在等待主人歸來的凱旋門。","Koridor tanpa ujung menuju keabadian. Koridor ini menunggu kepulangan Rajanya.","ระเบียงที่ไม่มีจุดสิ้นสุด ประตูชัยนั้นยังคงรอคอยการกลับมาของผู้เป็นนายอยู่"
36,"聖女の玉座","復讐の炎が血肉として実体化したとき、聖女の復活が始まる。",4,79,7,80,,"Saint Trône","성녀의 옥좌 ","圣女的宝座","聖女的寶座",,,,"Lorsque la Flamme de la Vengeance reprendra forme humaine, alors la résurrection de la Sainte Souveraine pourra commencer.","복수의 불꽃이 혈육으로 실체화될 때 성녀의 부활이 시작된다. ","复仇之火以血肉实体化的时候，圣女的复活就要开始。","復仇之火以血肉實體化的時候，聖女的復活就要開始。",,
101,"ExShadowLand","影の大陸に隠れ住む魔の軍勢たち。",1,99,99,99,"Ex Shadow Land","ExShadowLand","ExShadowLand","Ex影之大陆","Ex影之大陸","Ex Shadow Land","ExShadowLand","Evil force hide in Ex ShadowLand.","Une puissance maléfique se cache en ExShadowLand.","그림자 대륙에 숨어 사는 마의 군대들.","隐藏在影之大陆的魔物大军。","隱藏在影之大陸的魔物大軍。","Kekuatan jahat bersembunyi di Ex ShadowLand.","เหล่ากองทัพปิศาจที่แอบอาศัยอยู่ในนครแห่งเงา"
102,"ExMoonLand","数年の1度の月食の日のみ、姿を現すといわれる月影の大陸。",2,99,99,99,"Ex Moon Land","ExMoonLand","ExMoonLand","EX月之大陆","EX月之大陸","Ex Moon Land","ExMoonLand","Ex MoonLand will only appears during lunar eclipse.","ExMoonLand n'apparaît que pendant les éclipses lunaires.","수년에 한번 월식의 날에만 모습을 드러내는 달의 대륙.","只有在数年一次的月蚀之日才会出现的月影大陆。","只有在數年一次的月蝕之日才會出現的月影大陸。","Ex MoonLand hanya akan muncul saat gerhana bulan.","นครจันทราที่ว่ากันว่าจะปรากฎขึ้นในคืนจันทรุปราคาใน 1 ปีเท่านั้น"
103,"ExAnemonea","嵐が吹き荒れる渦中に佇む風の国の裏世界",3,99,99,99,"Ex Anemonea","ExAnemonea","ExAnemonea","Ex安妮莫娜","Ex安妮莫娜","Ex Anemonea","ExAnemonea","The land in violent storm called Ex Anemonea. ","ExAnemonea se trouve au coeur d'une terre protégée par une éternelle et violente tempête.","폭풍우가 휘몰아치는 소용돌이안에 우두커니 서 있는 바람 나라의 어둠의 세계","地处终年狂风大作的漩涡之中的风之国里世界。","地處終年狂風大作的漩渦之中的風之國裏世界。","Daerah di dalam badai yang disebut Ex Anemonea.","โลกเบื้องหลังของวายุนคร ที่อยู่ใจกลางพายุหมุน"
104,"ExAnemonea","嵐が吹き荒れる渦中に佇む風の国の裏世界",3,99,99,99,"Ex Anemonea","ExAnemonea","ExAnemonea","Ex安妮莫娜","Ex安妮莫娜","ExAnemonea","ExAnemonea","The land in violent storm called Ex Anemonea. ","ExAnemonea se trouve au coeur d'une terre protégée par une éternelle et violente tempête.","폭풍우가 휘몰아치는 소용돌이안에 우두커니 서 있는 바람 나라의 어둠의 세계","地处终年狂风大作的漩涡之中的风之国里世界。","地處終年狂風大作的漩渦之中的風之國裏世界。",,"โลกเบื้องหลังของวายุนคร ที่อยู่ใจกลางพายุหมุน"
105,"ExAngelland",,4,99,99,99,,"ExAngelland","ExAngelland","Ex天使大陆","Ex天使大陸","ExAnemonea","ExAngelLand",,,,,,,
106,"ExAngelland",,4,99,99,99,,"ExAngelland","ExAngelland","Ex天使大陆","Ex天使大陸","ExAngelland","ExAngelLand",,,,,,,
107,"ExEventLand","イベント用Ex地形",4,99,99,99,,"ExEventLand","ExEventLand","ExEventLand","Ex活動大陸","ExEventLand",,,,,,,,
108,"ExEventLand","退避用",4,99,99,99,,"ExEventLand","ExEventLand","ExEventLand","Ex活動大陸","ExEventLand",,,,,,,,
201,"2011XmasLand","クリスマスイベント専用地形",0,99,99,99,"2011XmasLand","2011XmasLand","2012XmasLand","2011Xmas大陆","2011Xmas大陸","2011XmasLand","2011XmasLand","A land for Xmas Event.","Terre réservée aux événements de Noël.","크리스마스 이벤트 전용 지형","圣诞节集会地","聖誕節集會地","Daerah untuk event Natal.","พื้นที่พิเศษสำหรับอีเวนท์คริสมาส"
202,"2012ValentineLand","バレンタインイベント専用地形",0,99,99,99,"2012ValentineLand","2012ValentineLand","2012ValentineLand","2012Valentine大陆","2012Valentine大陸","2012ValentineLand","2012ValentineLand","A land for Valentine Event.","Terre réservée aux événements de la St Valentin.","발렌타인 이벤트 전용 지형","情人节活动专用地形","情人節活動專用地形","Daerah untuk event Valentine.","พื้นที่พิเศษสำหรับอีเวนท์วาเลนไทน์"
203,"2012WhiteLand","ホワイトデーイベント専用地形",0,99,99,99,"2012WhiteLand","2012WhiteLand","2012WhiteLand","2012White大陆","2012White大陸","2012WhiteLand","2012WhiteLand","A land for White Valentine Event.","Terre réservée aux événements du White Day.","화이트데이 이벤트 전용 지형","白色情人节活动专用地形","白色情人節活動專用地形","Daerah untuk event White Valentine.","พื้นที่พิเศษสำหรับอีเวนท์ไวท์เดย์"
204,"丘丘の丘","小人たちが目指した新天地",0,99,99,99,,"Colline des Thco Thco","구구의 언덕","丘丘之丘","丘丘之丘","Ogre Hill","หุบเขาคนแคระ",,"Terre Promise que les Nains recherche désormais.","난쟁이들이 소망했던 신천지","矮人们向往的新天地","矮人們嚮往的新天地","Daerah pernjanjian yang dicari oleh para Ogre.","พื้นที่ใหม่ที่เหล่าคนแคระมุ่งหน้าไป"
205,"コデックス","黄金時代の叡智を求めて",0,99,99,99,,"Codex","코덱스","法典","法典","Codex","โคเด็กซ์",,"Sagesse de l'Âge d'Or","황금시대의 예지를 갈망하며...","追求黄金时代的智慧","追求黃金時代的智慧","Tempat mencari kebijaksanaan masa lampau.","ตามหาภูมิปัญญายุครุ่งเรือง"
206,"暗黒塔","箱イベント専用地形",0,99,99,99,,"Tour des Ténèbres","암흑탑","暗黑塔","暗黑塔","Tower of Darkness","หอคอยแห่งความมืด",,"Salle dédiée aux boîtes à événements","상자이벤트 전용 지형","箱子活动专用地形","箱子活動專用地形","Tempat khusus event Box.","พื้นที่พิเศษสำหรับอีเวนท์กล่อง"
207,"シーラ・サーカス","アコライトイベント専用地形",0,99,99,99,,"Syla Circus","시라 서커스","席拉马戏团","席拉馬戲團","Sheila Circus","ซีล่า เซอร์คัส",,"Région réservée aux Evénements d'Acolytes","어콜라이트의 이벤트 전용 지역","侍者活动专用地形","侍者活動專用地形","Tempat khusus event Acolyte.","พื้นที่พิเศษสำหรับอีเวนท์อโคไลท์"
208,"不気味な湖畔","湖畔に潜むものイベント退避用地形",0,99,99,99,,"Bord d'un lac sinistre","불길한 호반","阴森湖畔","陰森湖畔","Eerie Lake","น่านน้ำประหลาด",,"Terre pour l'évitement d'événement de s'embusquer dans le bord du lac.","호반에 숨어있는 것 이벤트 대피용 지형","潜伏在湖畔的怪物活动避难用地形","潛伏在湖畔的怪物活動避難用地形","Tempat event penyergapan di dalam danau.","พื้นที่สำหรับถอนตัวจากอีเวนท์"
209,"流涕の森","流涕の森イベント退避用地形",0,99,99,99,,"Bord d'un lac sinistre","유체의 숲","幽冥之境","陰森湖畔",,,,"Terre pour l'évitement d'événement de s'embusquer dans le bord du lac.","눈물의 숲 이벤트 대피용 지형","新手专用地区","潛伏在湖畔的怪物活動避難用地形",,
210,"魔女の谷","聖女の館に続く薄暗く不気味な谷。",0,3,1,1,,"Vallée de socière","마녀의 계곡","魔女山谷","魔女山谷","Witch Valley","หมู่บ้านแม่มด",,"La vallée sinistre continu à la château de Vesta.","성녀의 관으로 이어지는 희미하고 어두운 기분 나쁜 계곡.","通往圣女之馆的昏暗阴森山谷。","通往聖女之館的昏暗陰森山谷。","Lembah kegelapan menuju rumah orang suci.","หมู่บ้านประหลาดที่มีแสงสลัว เป็นทางผ่านยังคฤหาสน์สตรีศักดิ์สิทธิ์"
211,"忘失の道","レアカ獲得イベント専用地形A",0,99,99,99,,"Chemin d'Oubli","망각의 길","遗失之道","遺失之道","Path of Oblivion","ถนนแห่งความหลงลืม",,"Terre réservée aux événements d'obtenir Carte rare.","레어 카드를 획득할 수 있는 이벤트 전용 지형A","可获得稀有卡的活动专用地形A","可獲得稀有卡的活動專用地形A","Tempat khusus mendapatkan kartu Rare A.","พื้นที่พิเศษ A สำหรับอีเวนท์แรร์การ์ด"
212,"忘失の道","レアカ獲得イベント専用地形B",0,99,99,99,,"Chemin d'Oubli","망각의 길","遗失之道","遺失之道","Path of Oblivion","ถนนแห่งความหลงลืม",,"Terre réservée aux événements d'obtenir Carte rare.","레어 카드를 획득할 수 있는 이벤트 전용 지형B","可获得稀有卡的活动专用地形B","可獲得稀有卡的活動專用地形B","Tempat khusus mendapatkan kartu Rare B.","พื้นที่พิเศษ B สำหรับอีเวนท์แรร์การ์ด"
213,"忘失の道","レアカ獲得イベント専用地形C",0,99,99,99,,"Chemin d'Oubli","망각의 길","遗失之道","遺失之道","Path of Oblivion","ถนนแห่งความหลงลืม",,"Terre réservée aux événements d'obtenir Carte rare.","레어 카드를 획득할 수 있는 이벤트 전용 지형C","可获得稀有卡的活动专用地形C","可獲得稀有卡的活動專用地形C","Tempat khusus mendapatkan kartu Rare C.","พื้นที่พิเศษ C สำหรับอีเวนท์แรร์การ์ด"
214,"2012XmasLand","クリスマスイベント専用地形",0,99,99,99,"2012XmasLand","2012XmasLand","2012XmasLand","2012Xmas大陆","2012Xmas大陸","2012XmasLand","2012XmasLand","A land for Xmas Event.","Terre réservée aux événements de Noël.","크리스마스 이벤트 전용 지형","圣诞节集会地","聖誕節集會地","Daerah untuk event Natal.","พื้นที่พิเศษสำหรับอีเวนท์คริสมาส"
215,"NewYearLand","宝箱イベント専用地形",0,99,99,99,,"Bonne Année","어린이날 기념 지역","恭贺新禧","NewYear大陸","NewYearLand","อวยพรปีใหม่",,"Terre réservée pour événement de Nouvel an.","보상이벤트 전용 지형","福袋活动专用地形","寶箱活動專用地形","Tempat khusus event Lucky Bag.","พื้นที่พิเศษสำหรับอีเวนท์ถุงนำโชค"
216,"2013WhiteLand","2013ホワイトデーイベント専用地形",0,99,99,99,,"WhiteLand 2013","2013WhiteLand","2013白色大陆","2013白色大陸","2013WhiteLand","2013WhiteLand",,"Terre réservée aux événements du White Day 2013.","2013 화이트데이 이벤트 전용 지형","2013白色情人节活动专用地形","2013白色情人節活動專用地形","Tempat khusus event White Day 2013.","พื้นที่พิเศษสำหรับอีเวนท์ไวท์เดย์ปี 2013"
217,"忘失の道","レアカ獲得イベント専用地形",0,99,99,99,,"Chemin d'Oubli","망각의 길","遗失之道","遺失之道","Path of Oblivion","ถนนแห่งความหลงลืม",,"Terre réservée aux événements d'obtenir Carte rare.","레어 카드를 획득할 수 있는 이벤트 전용 지형","获得稀有卡活动的专用地形","獲得稀有卡活動的專用地形","Tempat khusus mendapatkan kartu Rare.","พื้นที่พิเศษสำหรับอีเวนท์แรร์การ์ด"
218,"雨鳴きの湿原","蛙たちの楽園",0,99,99,99,,"Plaine Marécageuse","습기가 많은 초원","骤雨的湿原","驟雨的濕原",,"บึงพิรุณครวญ",,"Paradis des Grenouilles","개구리들의 낙원","蛙群的乐园","蛙群的樂園",,"สวรรค์ของเหล่ากบ"
300,"断絶の谷","イベントクエスト退避用地形",0,99,99,99,,"Vallée de la Rupture","단절의 골짜기",,"斷絕之谷",,,,"Terre pour refuge la quête d'événement.","이벤트 퀘스트 대피용 지형","活動避難用地形",,,
301,"デバッグエリア","デバッグエリア",0,99,99,99,"Debug area","Debug Area","디버그 지역","debug area","Debug area","Debug Area","ดีบั๊ก แอเรีย",,"Debug Area","디버그 지역","debug","Debug area","Debug area.","Debug Area"
