"id","kind","cond","items","prerequisite","exclusion","loop","caption","success_cond","explanation","event_start_at","event_end_at","caption_kr","explanation_kr"
1,0,1,"3/9/1/0",0,,0,"アバターを作成",0,,"2011-09-14 05:31:00 UTC",,"아바타 생성",
2,0,2,"3/9/1/0",1,,0,"アバターLv3達成",3,,"2011-09-14 05:31:00 UTC",,"아바타 [3레벨] 달성하기!",
3,0,3,"3/9/1/0",2,,0,"アバターLv5達成",5,,"2011-09-14 05:31:00 UTC",,"아바타 [5레벨] 달성하기!",
4,0,4,"3/9/1/0",3,,0,"アバターLv10達成",10,,"2011-09-14 05:31:00 UTC",,"아바타 [10레벨] 달성하기!",
5,0,5,"3/9/1/0",4,,0,"アバターLv15達成",15,,"2011-09-14 05:31:00 UTC",,"아바타 [15레벨] 달성하기!",
6,0,6,"3/9/1/0",5,,0,"アバターLv20達成",20,,"2011-09-14 05:31:00 UTC",,"아바타 [20레벨] 달성하기!",
7,0,7,"3/9/2/0",6,,0,"アバターLv30達成",30,,"2011-09-14 05:31:00 UTC",,"아바타 [30레벨] 달성하기!",
8,0,8,"3/9/2/0",7,,0,"アバターLv40達成",40,,"2011-09-14 05:31:00 UTC",,"아바타 [40레벨] 달성하기!",
9,0,9,"3/9/2/0",8,,0,"アバターLv50達成",50,,"2011-09-14 05:31:00 UTC",,"아바타 [50레벨] 달성하기!",
10,0,10,"3/9/2/0",9,,0,"アバターLv60達成",60,,"2011-09-14 05:31:00 UTC",,"아바타 [60레벨] 달성하기!",
11,0,11,"3/9/3/0",10,,0,"アバターLv70達成",70,,"2011-09-14 05:31:00 UTC",,"아바타 [70레벨] 달성하기!",
12,0,12,"3/9/3/0",11,,0,"アバターLv80達成",80,,"2011-09-14 05:31:00 UTC",,"아바타 [80레벨] 달성하기!",
13,0,13,"3/9/3/0",12,,0,"アバターLv90達成",90,,"2011-09-14 05:31:00 UTC",,"아바타 [90레벨] 달성하기!",
14,0,14,"3/9/5/0",13,,0,"アバターLv100達成",100,,"2011-09-14 05:31:00 UTC",,"아바타 [100레벨] 달성하기!",
15,0,15,"3/9/5/0",14,,0,"アバターLv110達成",110,,"2011-09-14 05:31:00 UTC",,"아바타 [110레벨] 달성하기!",
16,0,16,"3/9/5/0",15,,0,"アバターLv120達成",120,,"2011-09-14 05:31:00 UTC",,"아바타 [120레벨] 달성하기!",
17,0,17,"3/9/5/0",16,,0,"アバターLv130達成",130,,"2011-09-14 05:31:00 UTC",,"아바타 [130레벨] 달성하기!",
18,0,18,"3/9/5/0",17,,0,"アバターLv140達成",140,,"2011-09-14 05:31:00 UTC",,"아바타 [140레벨] 달성하기!",
19,0,19,"3/9/10/0",18,,0,"アバターLv150達成",150,,"2011-09-14 05:31:00 UTC",,"아바타 [150레벨] 달성하기!",
20,1,20,"3/8/1/0",0,,0,"デュエル1勝達成",1,,"2011-09-14 05:31:00 UTC",,"듀얼 [1승] 달성하기!",
21,1,21,"3/8/1/0",20,,0,"デュエル10勝達成",10,,"2011-09-14 05:31:00 UTC",,"듀얼 [10승] 달성하기!",
22,1,22,"3/8/1/0",21,,0,"デュエル30勝達成",30,,"2011-09-14 05:31:00 UTC",,"듀얼 [30승] 달성하기!",
23,1,23,"3/8/1/0",22,,0,"デュエル50勝達成",50,,"2011-09-14 05:31:00 UTC",,"듀얼 [50승] 달성하기!",
24,1,24,"4/80/1",23,,0,"デュエル100勝達成",100,,"2011-09-14 05:31:00 UTC",,"듀얼 [100승] 달성하기!",
25,1,25,"3/8/2/0",24,,0,"デュエル250勝達成",250,,"2011-09-14 05:31:00 UTC",,"듀얼 [250승] 달성하기!",
26,1,26,"4/81/1",25,,0,"デュエル500勝達成",500,,"2011-09-14 05:31:00 UTC",,"듀얼 [500승] 달성하기!",
27,1,27,"3/8/2/0",26,,0,"デュエル750勝達成",750,,"2011-09-14 05:31:00 UTC",,"듀얼 [750승] 달성하기!",
28,1,28,"4/82/1",27,,0,"デュエル1000勝達成",1000,,"2011-09-14 05:31:00 UTC",,"듀얼 [1000승] 달성하기!",
29,1,29,"3/8/4/0",28,,0,"デュエル1500勝達成",1500,,"2011-09-14 05:31:00 UTC",,"듀얼 [1500승] 달성하기!",
30,1,30,"3/8/5/0",29,,0,"デュエル2000勝達成",2000,,"2011-09-14 05:31:00 UTC",,"듀얼 [2000승] 달성하기!",
31,2,31,"3/3/1/0+5/0/3000/0",0,,0,"初期地域をクリア",0,"「魔女の谷」をクリアする","2011-09-14 05:31:00 UTC",,"초기지역 퀘스트 완료하기!","[마녀의 계곡] 을 클리어 하기"
32,2,32,"4/86/1",31,,0,"HexRealmをクリア",0,"HexRealmの最終地域「人狼の住処」をクリアする","2011-09-14 05:31:00 UTC",,"HexRealm 퀘스트 완료하기!","HexRealm의 최종지역 [인랑의 거처]를 클리어 하기"
33,2,33,"4/87/1",32,,0,"ShadowLandをクリア",0,"ShadowLandの最終地域「影斬り森」をクリアする","2011-09-14 05:31:00 UTC",,"ShadowLand 퀘스트 완료하기!","ShadowLand의 최종지역 [그림자 숲]을 클리어 하기"
34,2,34,"4/88/1",33,,0,"MoonLandをクリア",0,"MoonLandの最終地域「幻影城」をクリアする","2011-09-14 05:31:00 UTC",,"MoonLand 퀘스트 완료하기!","MoonLand의 최종지역 [환영성]을 클리어 하기 "
35,2,35,"4/138/1",34,,0,"Anemoneaをクリア",0,"Anemoneaの最終地域「翼竜の宝物庫」をクリアする","2011-09-14 05:31:00 UTC",,"Anemonea 퀘스트 완료하기!","Anemonea의 최종지역 [익룡의 보물창고]를 클리어 하기"
36,2,36,"4/230/1+4/231/1",35,,0,"AngelLandをクリア",0,"AngelLandの最終地域「玉座への回廊」をクリアする","2011-09-14 05:31:00 UTC",,"Angelland 퀘스트 완료하기!","AngelLand의 최종지역 [옥좌로 이어진 회랑]을 클리어 하기"
37,3,37,"3/3/1/0",0,,0,"フレンドを1人追加",1,,"2011-09-14 05:31:00 UTC",,"친구 [1명] 추가하기!",
38,3,38,"3/9/1/0",37,,0,"フレンドを5人追加",5,,"2011-09-14 05:31:00 UTC",,"친구 [5명] 추가하기!",
39,3,39,"3/27/1",38,,0,"フレンドを10人追加",10,,"2011-09-14 05:31:00 UTC",,"친구 [10명] 추가하기!",
40,3,40,"3/9/3/0",39,,0,"フレンドを30人追加",30,,"2011-09-14 05:31:00 UTC",,"친구 [30명] 추가하기!",
41,3,41,"3/28/1",40,,0,"フレンドを50人追加",50,,"2011-09-14 05:31:00 UTC",,"친구 [50명] 추가하기!",
42,3,42,"3/9/5/0",41,,0,"フレンドを100人追加",100,,"2011-09-14 05:31:00 UTC",,"친구 [100명] 추가하기!",
43,4,43,"4/96/1",0,,0,"一周年記念コインを5枚集める",0,,"2011-09-14 05:31:00 UTC","2011-11-02 03:00:00 UTC","1주년 기념코인 [5장] 모으기!",
44,4,44,"4/95/1",43,,0,"一周年記念コインを10枚集める",0,,"2011-09-14 05:31:00 UTC","2011-11-02 03:00:00 UTC","1주년 기념코인 [10장] 모으기!",
45,4,45,"4/94/1",44,,0,"一周年記念コインを15枚集める",0,,"2011-09-14 05:31:00 UTC","2011-11-02 03:00:00 UTC","1주년 기념코인 [15장] 모으기!",
46,4,46,"1/201/1",45,,0,"一周年記念コインを20枚集める",0,,"2011-09-14 05:31:00 UTC","2011-11-02 03:00:00 UTC","1주년 기념코인 [20장] 모으기!",
47,4,47,"4/99/1",46,,0,"一周年記念コインを30枚集める",0,,"2011-09-14 05:31:00 UTC","2011-11-02 03:00:00 UTC","1주년 기념코인 [30장] 모으기!",
48,4,48,"4/97/1+4/98/1",34,,0,"黒き湖の主を倒す",0,"「ウボスの黒い湖」をクリアする","2011-09-14 05:31:00 UTC",,"검은 호수의 주인 퇴치하기!","[우보스의 검은 호수]를 클리어 하기"
49,4,49,"3/30/1+4/100/1",0,,0,"☆1・☆2・☆3のクエストを同時に保有する",0,,"2011-09-14 05:31:00 UTC","2011-11-02 03:00:00 UTC","퀘스트 [☆1]，[☆2]，[☆3] 동시에 획득하기!",
50,4,50,"3/30/1+4/101/1",0,,0,"☆4・☆5・☆6のクエストを同時に保有する",0,,"2011-09-14 05:31:00 UTC","2011-11-02 03:00:00 UTC","퀘스트 [☆4]，[☆5]，[☆6] 동시에 획득하기!",
51,4,51,"3/30/1+4/102/1",0,,0,"☆7・☆8・☆9のクエストを同時に保有する",0,,"2011-09-14 05:31:00 UTC","2011-11-02 03:00:00 UTC","퀘스트 [☆7]，[☆8]，[☆9] 동시에 획득하기!",
52,4,52,"3/38/1+4/109/1",0,,0,"Lv1ロッソを入手する",0,,"2011-09-14 05:31:00 UTC","2011-11-30 03:00:00 UTC","1레벨의 [로쏘] 획득하기!",
53,4,53,"3/38/1+4/110/1",52,,0,"Lv3ロッソを入手する",0,,"2011-09-14 05:31:00 UTC","2011-11-30 03:00:00 UTC","3레벨의 [로쏘] 획득하기!",
54,4,54,"3/38/1+2/59/1/2",53,,0,"Lv5ロッソを入手する",0,,"2011-09-14 05:31:00 UTC","2011-11-30 03:00:00 UTC","5레벨의 [로쏘] 획득하기!",
55,4,55,"3/38/1+4/106/1",0,,0,"Lv1茸兎を3枚入手する",0,,"2011-09-14 05:31:00 UTC","2011-11-30 03:00:00 UTC","1레벨의 [버섯토끼] 3장 획득하기!",
56,4,56,"3/38/1+4/108/1+4/107/1",55,,0,"Lv2白疆兎・Lv2犬人を3枚ずつ入手する",0,,"2011-09-14 05:31:00 UTC","2011-11-30 03:00:00 UTC","2레벨의 [백강토끼]，[견인] 3장씩 획득하기!",
57,4,57,"3/38/1+2/60/1/2",56,,0,"Lv3凶兎・Lv3犬神・Lv3赤鼠を3枚ずつ入手する",0,,"2011-09-14 05:31:00 UTC","2011-11-30 03:00:00 UTC","3레벨의 [흉폭한 토끼]，[견신]，[붉은쥐] 3장씩 획득하기!",
58,4,58,"3/38/1+3/39/1",0,,0,"隠された条件を解き明かす",0,,"2011-09-14 05:31:00 UTC","2011-11-30 03:00:00 UTC","숨겨진 조건을 밝혀내기!",
59,4,59,"3/29/1+4/111/1",0,,0,"クランプスを討伐する",0,,"2011-09-14 05:31:00 UTC","2011-12-28 03:00:00 UTC","크램프스 퇴치하기!",
60,4,60,"3/27/1+4/112/1",59,,0,"クランプスを3体討伐する",0,,"2011-09-14 05:31:00 UTC","2011-12-28 03:00:00 UTC","크램프스 [3마리] 퇴치하기!",
61,4,61,"3/28/1+4/113/1",60,,0,"クランプスを5体討伐する",0,,"2011-09-14 05:31:00 UTC","2011-12-28 03:00:00 UTC","크램프스 [5마리] 퇴치하기!",
62,4,62,"1/20004/1+4/114/1",61,,0,"クランプスを10体討伐する",0,,"2011-09-14 05:31:00 UTC","2011-12-28 03:00:00 UTC","크램프스 [10마리] 퇴치하기!",
63,4,63,"1/10006/5+3/43/3",0,,0,"隠された条件を解き明かす",0,,"2011-12-14 06:00:00 UTC","2011-12-28 03:00:00 UTC","숨겨진 조건을 밝혀내기1",
64,4,64,"1/10007/5+3/43/5",63,,0,"隠された条件を解き明かす２",0,,"2011-12-14 06:00:00 UTC","2011-12-28 03:00:00 UTC","숨겨진 조건을 밝혀내기2",
65,4,65,"1/10008/5+3/43/10",64,,0,"隠された条件を解き明かす３",0,,"2011-12-14 06:00:00 UTC","2011-12-28 03:00:00 UTC","숨겨진 조건을 밝혀내기3",
66,4,66,"2/99/1/0",0,,0,"Lv3ミリアンを入手する",243,,"2012-02-15 06:00:00 UTC","2012-02-29 03:00:00 UTC","3레벨의 [루드] 획득하기!",
67,4,67,"3/27/1",0,,0,"デュエルを5回行う",0,,"2012-01-18 06:00:00 UTC","2012-02-01 03:00:00 UTC","듀얼 [5회] 진행하기!",
68,4,68,"4/124/1",67,,0,"デュエルを10回行う",0,,"2012-01-18 06:00:00 UTC","2012-02-01 03:00:00 UTC","듀얼 [10회] 진행하기!",
69,4,69,"4/121/1",68,,0,"デュエルを30回行う",0,,"2012-01-18 06:00:00 UTC","2012-02-01 03:00:00 UTC","듀얼 [30회] 진행하기!",
70,4,70,"2/24/1/0",69,,0,"デュエルを60回行う",0,,"2012-01-18 06:00:00 UTC","2012-02-01 03:00:00 UTC","듀얼 [60회] 진행하기!",
71,4,71,"3/39/1",70,,0,"デュエルを110回行う",0,,"2012-01-18 06:00:00 UTC","2012-02-01 03:00:00 UTC","듀얼 [110회] 진행하기!",
72,4,72,"3/24/1",0,,0,"隠された条件を解き明かす",0,,"2012-01-18 06:00:00 UTC","2012-02-01 03:00:00 UTC","숨겨진 조건을 밝혀내기!",
73,1,73,"4/125/1",30,,0,"デュエル3000勝達成",3000,,"2011-09-14 05:31:00 UTC",,"듀얼 [3000승] 달성하기!",
74,4,74,"2/102/1/0",0,,0,"Lv3ウォーケンを入手する",253,,"2012-02-01 06:00:00 UTC","2012-02-15 03:00:00 UTC","3레벨의 [워켄] 획득하기!",
75,4,75,"4/126/1+3/26/1",0,"79+83+87",0,"「シェリからの招待状」を3回クリアする",0,,"2012-02-08 06:00:00 UTC","2012-02-22 03:00:00 UTC","[쉐리의 초대장] 3회 완료하기!",
76,4,76,"4/127/1+3/17/1",75,,0,"「シェリからの招待状」を8回クリアする",0,,"2012-02-08 06:00:00 UTC","2012-02-22 03:00:00 UTC","[쉐리의 초대장] 8회 완료하기!",
77,4,77,"4/128/1+3/37/1",76,,0,"「シェリからの招待状」を15回クリアする",0,,"2012-02-08 06:00:00 UTC","2012-02-22 03:00:00 UTC","[쉐리의 초대장] 15회 완료하기!",
78,4,78,"2/57/1/0",77,,0,"「シェリからの招待状」を30回クリアする",0,,"2012-02-08 06:00:00 UTC","2012-02-22 03:00:00 UTC","[쉐리의 초대장] 30회 완료하기!",
79,4,79,"4/129/1+3/26/1",0,"75+83+87",0,"「アインからの招待状」を3回クリアする",0,,"2012-02-08 06:00:00 UTC","2012-02-22 03:00:00 UTC","[아인의 초대장] 3회 완료하기!",
80,4,80,"4/130/1+3/17/1",79,,0,"「アインからの招待状」を8回クリアする",0,,"2012-02-08 06:00:00 UTC","2012-02-22 03:00:00 UTC","[아인의 초대장] 8회 완료하기!",
81,4,81,"4/131/1+3/37/1",80,,0,"「アインからの招待状」を15回クリアする",0,,"2012-02-08 06:00:00 UTC","2012-02-22 03:00:00 UTC","[아인의 초대장] 15회 완료하기!",
82,4,82,"2/60/1/0",81,,0,"「アインからの招待状」を30回クリアする",0,,"2012-02-08 06:00:00 UTC","2012-02-22 03:00:00 UTC","[아인의 초대장] 30회 완료하기!",
83,4,83,"4/132/1+3/26/1",0,"75+79+87",0,"「マルグリッドからの招待状」を3回クリアする",0,,"2012-02-08 06:00:00 UTC","2012-02-22 03:00:00 UTC","[마르그리드의 초대장] 3회 완료하기!",
84,4,84,"4/133/1+3/17/1",83,,0,"「マルグリッドからの招待状」を8回クリアする",0,,"2012-02-08 06:00:00 UTC","2012-02-22 03:00:00 UTC","[마르그리드의 초대장] 8회 완료하기!",
85,4,85,"4/134/1+3/37/1",84,,0,"「マルグリッドからの招待状」を15回クリアする",0,,"2012-02-08 06:00:00 UTC","2012-02-22 03:00:00 UTC","[마르그리드의 초대장] 15회 완료하기!",
86,4,86,"2/69/1/0",85,,0,"「マルグリッドからの招待状」を30回クリアする",0,,"2012-02-08 06:00:00 UTC","2012-02-22 03:00:00 UTC","[마르그리드의 초대장] 30회 완료하기!",
87,4,87,"4/135/1+3/26/1",0,"75+79+83",0,"「ドニタからの招待状」を3回クリアする",0,,"2012-02-08 06:00:00 UTC","2012-02-22 03:00:00 UTC","[도니타의 초대장] 3회 완료하기!",
88,4,88,"4/136/1+3/17/1",87,,0,"「ドニタからの招待状」を8回クリアする",0,,"2012-02-08 06:00:00 UTC","2012-02-22 03:00:00 UTC","[도니타의 초대장] 8회 완료하기!",
89,4,89,"4/137/1+3/37/1",88,,0,"「ドニタからの招待状」を15回クリアする",0,,"2012-02-08 06:00:00 UTC","2012-02-22 03:00:00 UTC","[도니타의 초대장] 15회 완료하기!",
90,4,90,"2/72/1/0",89,,0,"「ドニタからの招待状」を30回クリアする",0,,"2012-02-08 06:00:00 UTC","2012-02-22 03:00:00 UTC","[도니타의 초대장] 30회 완료하기!",
91,4,91,"2/108/1/0",0,,0,"Lv3パルモを入手する",273,,"2012-02-29 06:00:00 UTC","2012-03-14 03:00:00 UTC","3레벨의 [파르모] 획득하기!",
92,4,92,"4/139/1+3/25/1",0,,0,"「エヴァリストからの招待状」を3回クリアする",0,,"2012-03-07 04:00:00 UTC","2012-03-21 03:00:00 UTC","[에바리스트의 초대장] 3회 완료하기!",
93,4,93,"4/140/1+3/21/1",92,,0,"「エヴァリストからの招待状」を8回クリアする",0,,"2012-03-07 04:00:00 UTC","2012-03-21 03:00:00 UTC","[에바리스트의 초대장] 8회 완료하기!",
94,4,94,"4/141/1+3/27/1",93,,0,"「エヴァリストからの招待状」を15回クリアする",0,,"2012-03-07 04:00:00 UTC","2012-03-21 03:00:00 UTC","[에바리스트의 초대장] 15회 완료하기!",
95,4,95,"2/27/1/0",94,,0,"「エヴァリストからの招待状」を30回クリアする",0,,"2012-03-07 04:00:00 UTC","2012-03-21 03:00:00 UTC","[에바리스트의 초대장] 30회 완료하기!",
96,4,96,"4/142/1+3/25/1",0,,0,"「グリュンワルドからの招待状」を3回クリアする",0,,"2012-03-07 04:00:00 UTC","2012-03-21 03:00:00 UTC","[그룬왈드의 초대장] 3회 완료하기!",
97,4,97,"4/143/1+3/21/1",96,,0,"「グリュンワルドからの招待状」を8回クリアする",0,,"2012-03-07 04:00:00 UTC","2012-03-21 03:00:00 UTC","[그룬왈드의 초대장] 8회 완료하기!",
98,4,98,"4/144/1+3/27/1",97,,0,"「グリュンワルドからの招待状」を15回クリアする",0,,"2012-03-07 04:00:00 UTC","2012-03-21 03:00:00 UTC","[그룬왈드의 초대장] 15회 완료하기!",
99,4,99,"2/33/1/0",98,,0,"「グリュンワルドからの招待状」を30回クリアする",0,,"2012-03-07 04:00:00 UTC","2012-03-21 03:00:00 UTC","[그룬왈드의 초대장] 30회 완료하기!",
100,4,100,"4/145/1+3/25/1",0,,0,"「アベルからの招待状」を3回クリアする",0,,"2012-03-07 04:00:00 UTC","2012-03-21 03:00:00 UTC","[아벨의 초대장] 3회 완료하기!",
101,4,101,"4/146/1+3/21/1",100,,0,"「アベルからの招待状」を8回クリアする",0,,"2012-03-07 04:00:00 UTC","2012-03-21 03:00:00 UTC","[아벨의 초대장] 8회 완료하기!",
102,4,102,"4/147/1+3/27/1",101,,0,"「アベルからの招待状」を15回クリアする",0,,"2012-03-07 04:00:00 UTC","2012-03-21 03:00:00 UTC","[아벨의 초대장] 15회 완료하기!",
103,4,103,"2/36/1/0",102,,0,"「アベルからの招待状」を30回クリアする",0,,"2012-03-07 04:00:00 UTC","2012-03-21 03:00:00 UTC","[아벨의 초대장] 30회 완료하기!",
104,4,104,"4/148/1+3/25/1",0,,0,"「謎の招待状」を3回クリアする",0,,"2012-03-07 04:00:00 UTC","2012-03-21 03:00:00 UTC","[숨겨진 초대장] 3회 완료하기!",
105,4,105,"4/149/1+3/21/1",104,,0,"「謎の招待状」を8回クリアする",0,,"2012-03-07 04:00:00 UTC","2012-03-21 03:00:00 UTC","[숨겨진 초대장] 8회 완료하기!",
106,4,106,"4/150/1+3/27/1",105,,0,"「謎の招待状」を15回クリアする",0,,"2012-03-07 04:00:00 UTC","2012-03-21 03:00:00 UTC","[숨겨진 초대장] 15회 완료하기!",
107,4,107,"4/151/1+3/42/1",106,,0,"「謎の招待状」を30回クリアする",0,,"2012-03-07 04:00:00 UTC","2012-03-21 03:00:00 UTC","[숨겨진 초대장] 30회 완료하기!",
108,4,108,"3/46/1",0,,0,"全ての招待状レコードをクリアする",0,,"2012-03-07 04:00:00 UTC","2012-03-21 03:00:00 UTC","모든 초대장의 레코드를 완료하기!",
109,4,109,"3/45/1",0,,0,"デュエルで5回勝利する",0,,"2012-03-07 04:00:00 UTC","2012-03-21 03:00:00 UTC","듀얼 [5승] 달성하기!",
110,4,110,"3/45/2",109,,0,"デュエルで10回勝利する",0,,"2012-03-07 04:00:00 UTC","2012-03-21 03:00:00 UTC","듀얼 [10승] 달성하기!",
111,4,111,"3/45/3",110,,0,"デュエルで25回勝利する",0,,"2012-03-07 04:00:00 UTC","2012-03-21 03:00:00 UTC","듀얼 [25승] 달성하기!",
112,4,112,"3/45/5",111,,0,"デュエルで50回勝利する",0,,"2012-03-07 04:00:00 UTC","2012-03-21 03:00:00 UTC","듀얼 [50승] 달성하기!",
113,4,113,"3/45/8",112,,0,"デュエルで100回勝利する",0,,"2012-03-07 04:00:00 UTC","2012-03-21 03:00:00 UTC","듀얼 [100승] 달성하기!",
114,4,114,"3/45/15",113,,0,"デュエルで200回勝利する",0,,"2012-03-07 04:00:00 UTC","2012-03-21 03:00:00 UTC","듀얼 [200승] 달성하기!",
115,4,115,"3/9/1/0",0,,0,"キャラクター人気投票券を入手する",0,,"2012-03-28 04:00:00 UTC","2012-04-04 03:00:00 UTC","캐릭터 인기투표권 획득하기!",
116,4,116,"2/111/1/0",0,,0,"Lv3アスラを入手する",283,,"2012-04-04 04:00:00 UTC","2012-04-18 03:00:00 UTC","3레벨의 [아수라] 획득하기!",
117,4,117,"4/158/1/0",0,,0,"秘伝書の断片を7種類集める",0,,"2012-04-18 04:00:00 UTC","2012-05-02 03:00:00 UTC","비전서 두루마리 7종류 모으기!",
118,4,118,"3/157/1/0",0,,0,"デュエルを50回行う",0,,"2012-04-18 04:00:00 UTC","2012-05-02 03:00:00 UTC","듀얼 [50회] 진행하기!",
119,4,119,"2/105/1/0",0,,0,"Lv3フロレンスを入手する",263,,"2012-05-02 04:00:00 UTC","2012-05-16 03:00:00 UTC","3레벨의 [플로렌스] 획득하기!",
120,4,120,"3/9/1/0",0,,0,"「春の丘丘人」チャレンジ中！(達成不可レコード)",0,,"2012-05-16 04:00:00 UTC","2012-05-30 06:00:00 UTC","[봄 언덕의 사람] 도전중! (달성불가 레코드)",
121,4,121,"3/21/1/0",0,,0,"「小人たちの大行進」(1point)クエストを10回クリア",0,,"2012-05-16 04:00:00 UTC","2012-05-30 03:00:00 UTC","[난쟁이들의 대행렬] (1point) 퀘스트를 10회 완료하기!",
122,4,122,"3/38/1/0",0,,0,"「丘王」(5point)クエストを10回クリア",0,,"2012-05-16 04:00:00 UTC","2012-05-30 03:00:00 UTC","[언덕의 왕] (5point) 퀘스트를 10회 완료하기!",
123,4,123,"1/10011/1/0",0,,0,"「小人の大宴」(10point)クエストを10回クリア",0,,"2012-05-16 04:00:00 UTC","2012-05-30 03:00:00 UTC","[난쟁이들의 대연회] (10point) 퀘스트를 10회 완료하기!",
124,4,124,"2/114/1/0",0,,0,"Lv3ブロウニングを入手する",293,,"2012-05-30 04:00:00 UTC","2012-06-13 03:00:00 UTC","3레벨의 [브라우닝] 획득하기!",
125,4,125,"4/165/1+1/10006/1/0",0,130,0,"人ならぬ少女を3回クリア",0,,"2012-06-06 04:00:00 UTC","2012-06-20 03:00:00 UTC","[사람이 아닌 소녀] 3회 완료하기!",
126,4,126,"4/166/1+1/10007/1/0",125,,0,"工学師の男を8回クリア",0,,"2012-06-06 04:00:00 UTC","2012-06-20 03:00:00 UTC","[공학사 남자] 8회 완료하기!",
127,4,127,"4/167/1+1/10008/1/0",126,,0,"人ならぬ男を15回クリア",0,,"2012-06-06 04:00:00 UTC","2012-06-20 03:00:00 UTC","[사람이 아닌 남자] 15회 완료하기!",
128,4,128,"2/62/1/2+1/10010/1/0",127,,0,"工学師の女を30回クリア",0,,"2012-06-06 04:00:00 UTC","2012-06-20 03:00:00 UTC","[공학사 여자] 30회 완료하기!",
129,4,129,"2/61/1/2+3/39/1/0",128,,0,"工学師の男を50回クリア",0,,"2012-06-06 04:00:00 UTC","2012-06-20 03:00:00 UTC","[공학사 남자] 50회 완료하기!",
130,4,130,"4/162/1+1/10006/1/0",0,125,0,"工学師の女を3回クリア",0,,"2012-06-06 04:00:00 UTC","2012-06-20 03:00:00 UTC","[공학사 여자] 3회 완료하기!",
131,4,131,"4/163/1+1/10007/1/0",130,,0,"人ならぬ男を8回クリア",0,,"2012-06-06 04:00:00 UTC","2012-06-20 03:00:00 UTC","[사람이 아닌 남자] 8회 완료하기!",
132,4,132,"4/164/1+1/10008/1/0",131,,0,"工学師の男を15回クリア",0,,"2012-06-06 04:00:00 UTC","2012-06-20 03:00:00 UTC","[공학사 남자] 15회 완료하기!",
133,4,133,"2/61/1/2+1/10009/1/0",132,,0,"人ならぬ少女を30回クリア",0,,"2012-06-06 04:00:00 UTC","2012-06-20 03:00:00 UTC","[사람이 아닌 소녀] 30회 완료하기!",
134,4,134,"2/62/1/2+3/39/1/0",133,,0,"人ならぬ男を50回クリア",0,,"2012-06-06 04:00:00 UTC","2012-06-20 03:00:00 UTC","[사람이 아닌 남자] 50회 완료하기!",
135,4,135,"4/168/1+3/51/1/0",0,,0,"デュエルを100回行う",0,,"2012-06-06 04:00:00 UTC","2012-06-20 03:00:00 UTC","듀얼 [100회]진행하기!",
136,4,136,"4/169/1+4/170/1",35,,0,"暗黒塔の守護者を倒す",0,"「暗黒塔」をクリアする","2012-06-20 04:00:00 UTC",,"[암흑탑의 수호자] 퇴치하기!","[암흑의 탑]을 클리어 하기"
137,4,137,"3/39/1/0",0,,0,"暗黒塔の守護者を入手する",0,,"2012-06-20 04:00:00 UTC","2012-07-04 03:00:00 UTC","[암흑탑의 수호자] 획득하기!",
138,4,138,"1/10006/1/0",0,,0,"アレクサンドルで10回対戦する",0,,"2012-06-27 04:00:00 UTC","2012-07-11 04:00:00 UTC","코스트 채널에서 [10회] 대전하기!",
139,4,139,"1/10007/1/0",138,,0,"アレクサンドルで20回対戦する",0,,"2012-06-27 04:00:00 UTC","2012-07-11 04:00:00 UTC","코스트 채널에서 [20회] 대전하기!",
140,4,140,"1/10008/1/0",139,,0,"アレクサンドルで30回対戦する",0,,"2012-06-27 04:00:00 UTC","2012-07-11 04:00:00 UTC","코스트 채널에서 [30회] 대전하기!",
141,4,141,"2/117/1/0",0,,0,"Lv3マルセウスを入手する",303,,"2012-07-04 04:00:00 UTC","2012-07-18 03:00:00 UTC","3레벨의 [마르세우스] 획득하기!",
142,4,142,"3/38/1+2/6/1/2",0,,0,"アコライトクエストを40回クリア",0,,"2012-07-18 04:00:00 UTC","2012-08-01 03:00:00 UTC","어콜라이트 퀘스트 [40회] 완료하기!",
143,4,143,"2/120/1/0+2/14/1/2",142,,0,"アコライトクエストを60回クリア",0,,"2012-07-18 04:00:00 UTC","2012-08-01 03:00:00 UTC","어콜라이트 퀘스트 [60회] 완료하기!",
144,4,144,"4/171/1+1/10006/1/0",0,150,0,"ブラウクエストを4回クリア",0,,"2012-07-18 04:00:00 UTC","2012-08-01 03:00:00 UTC","브라우 퀘스트 [4회] 완료하기!",
145,4,145,"4/172/1+1/10007/1/0",144,,0,"ブラウクエストを7回クリア",0,,"2012-07-18 04:00:00 UTC","2012-08-01 03:00:00 UTC","브라우 퀘스트 [7회] 완료하기!",
146,4,146,"4/173/1+1/10008/1/0",145,,0,"ブラウクエストを9回クリア",0,,"2012-07-18 04:00:00 UTC","2012-08-01 03:00:00 UTC","브라우 퀘스트 [9회] 완료하기!",
147,4,147,"4/174/1+1/10009/1/0",146,,0,"鞭使いを15回クリア",0,,"2012-07-18 04:00:00 UTC","2012-08-01 03:00:00 UTC","채찍를 다루는 자 [15회] 완료하기!",
148,4,148,"4/175/1+1/10010/1/0",147,,0,"檻の獣を20回クリア",0,,"2012-07-18 04:00:00 UTC","2012-08-01 03:00:00 UTC","우리의 짐승 [20회] 완료하기!",
149,4,149,"4/176/1+3/39/1/0",148,,0,"廃棄場を25回クリア",0,,"2012-07-18 04:00:00 UTC","2012-08-01 03:00:00 UTC","폐기장 [25회] 완료하기!",
150,4,150,"4/174/1+1/10006/1/0",0,144,0,"ルートクエストを4回クリア",0,,"2012-07-18 04:00:00 UTC","2012-08-01 03:00:00 UTC","루드 퀘스트 [4회] 완료하기!",
151,4,151,"4/175/1+1/10007/1/0",150,,0,"ルートクエストを7回クリア",0,,"2012-07-18 04:00:00 UTC","2012-08-01 03:00:00 UTC","루드 퀘스트 [7회] 완료하기!",
152,4,152,"4/176/1+1/10008/1/0",151,,0,"ルートクエストを9回クリア",0,,"2012-07-18 04:00:00 UTC","2012-08-01 03:00:00 UTC","루드 퀘스트 [9회] 완료하기!",
153,4,153,"4/171/1+1/10009/1/0",152,,0,"手品師を15回クリア",0,,"2012-07-18 04:00:00 UTC","2012-08-01 03:00:00 UTC","마술사 [15회] 완료하기!",
154,4,154,"4/172/1+1/10010/1/0",153,,0,"訪問者を20回クリア",0,,"2012-07-18 04:00:00 UTC","2012-08-01 03:00:00 UTC","방문자 [20회] 완료하기!",
155,4,155,"4/173/1+3/39/1/0",154,,0,"待機室を25回クリア",0,,"2012-07-18 04:00:00 UTC","2012-08-01 03:00:00 UTC","대기실 [25회] 완료하기!",
156,4,156,"2/123/1/0",0,,0,"Lv3リュカを入手する",323,,"2012-08-01 04:00:00 UTC","2012-08-15 03:00:00 UTC","3레벨의 [루카] 획득하기!",
157,4,157,"3/2/1/0",0,,0,"イベントクエストを15回クリア",0,,"2012-08-29 04:00:00 UTC","2012-09-12 03:00:00 UTC","이벤트 퀘스트를 [15회] 완료하기!",
158,4,158,"3/38/1/0",157,,0,"イベントクエストを35回クリア",0,,"2012-08-29 04:00:00 UTC","2012-09-12 03:00:00 UTC","이벤트 퀘스트를 [35회] 완료하기!",
159,4,159,"3/21/1/0+4/180/1",158,,0,"イベントクエストを50回クリア",0,,"2012-08-29 04:00:00 UTC","2012-09-12 03:00:00 UTC","이벤트 퀘스트를 [50회] 완료하기!",
160,4,160,"4/177/1+1/10009/1/0",0,165,0,"異形の爪を4回クリア",0,,"2012-08-29 04:00:00 UTC","2012-09-12 03:00:00 UTC","이형의 손톱 [4회] 완료하기!",
161,4,161,"4/178/1+1/10010/1/0",160,,0,"忍び寄る髭を7回クリア",0,,"2012-08-29 04:00:00 UTC","2012-09-12 03:00:00 UTC","살며시 다가오는 수염 [7회] 완료하기!",
162,4,162,"4/179/1+1/20012/1/0",161,,0,"異形の爪を9回クリア",0,,"2012-08-29 04:00:00 UTC","2012-09-12 03:00:00 UTC","이형의 손톱 [9회] 완료하기!",
163,4,163,"3/27/1/0+1/10008/1/0",162,,0,"細く長い尾を12回クリア",0,,"2012-08-29 04:00:00 UTC","2012-09-12 03:00:00 UTC","가늘고 긴 꼬리 [12회] 완료하기!",
164,4,164,"3/39/1/0+1/20013/1/0",163,,0,"細く長い尾を18回クリア",0,,"2012-08-29 04:00:00 UTC","2012-09-12 03:00:00 UTC","가늘고 긴 꼬리 [18회] 완료하기!",
165,4,165,"4/177/1+1/10009/1/0",0,160,0,"忍び寄る髭を4回クリア",0,,"2012-08-29 04:00:00 UTC","2012-09-12 03:00:00 UTC","살며시 다가오는 수염 [4회] 완료하기!",
166,4,166,"4/178/1+1/10010/1/0",165,,0,"異形の爪を7回クリア",0,,"2012-08-29 04:00:00 UTC","2012-09-12 03:00:00 UTC","이형의 손톱 [7회] 완료하기!",
167,4,167,"4/179/1+1/20013/1/0",166,,0,"忍び寄る髭を9回クリア",0,,"2012-08-29 04:00:00 UTC","2012-09-12 03:00:00 UTC","살며시 다가오는 수염 [9회] 완료하기!",
168,4,168,"3/27/1/0+1/10008/1/0",167,,0,"細く長い尾を12回クリア",0,,"2012-08-29 04:00:00 UTC","2012-09-12 03:00:00 UTC","가늘고 긴 꼬리 [12회] 완료하기!",
169,4,169,"3/39/1/0+1/20012/1/0",168,,0,"細く長い尾を18回クリア",0,,"2012-08-29 04:00:00 UTC","2012-09-12 03:00:00 UTC","가늘고 긴 꼬리 [18회] 완료하기!",
170,4,170,"2/126/1/0",0,,0,"Lv3ステイシアを入手する",333,,"2012-09-05 04:00:00 UTC","2012-09-19 03:00:00 UTC","3레벨의 [스테이시아] 획득하기!",
171,4,171,"3/38/1/0+2/19/1/2",0,,0,"鉄の鎖を5個集める",0,,"2012-09-12 04:00:00 UTC","2012-09-26 03:00:00 UTC","철의 쇠사슬 [5개] 모으기!",
172,4,172,"3/27/1/0+2/23/1/2",171,,0,"鉄の鎖を15個集める",0,,"2012-09-12 04:00:00 UTC","2012-09-26 03:00:00 UTC","철의 쇠사슬 [15개] 모으기!",
173,4,173,"3/27/1/0+2/4/1/2",172,,0,"鉄の鎖を30個集める",0,,"2012-09-12 04:00:00 UTC","2012-09-26 03:00:00 UTC","철의 쇠사슬 [30개] 모으기!",
174,4,174,"3/27/1/0+2/13/1/2",173,,0,"鉄の鎖を50個集める",0,,"2012-09-12 04:00:00 UTC","2012-09-26 03:00:00 UTC","철의 쇠사슬 [50개] 모으기!",
175,4,175,"3/27/1/0+3/39/1/0",174,,0,"鉄の鎖を100個集める",0,,"2012-09-12 04:00:00 UTC","2012-09-26 03:00:00 UTC","철의 쇠사슬 [100개] 모으기!",
176,4,176,"3/28/1/0+2/34/1/2",0,,0,"白金の鎖を10個集める",0,,"2012-09-12 04:00:00 UTC","2012-09-26 03:00:00 UTC","백금의 쇠사슬 [10개] 모으기!",
177,4,177,"4/181/1+4/182/1",136,,0,"氷の悪魔を倒す",0,"「異端者の墓碑」をクリアする","2012-09-19 04:00:00 UTC",,"[얼음 악마] 퇴치하기!","[이단자의 묘비]를 클리어 하기"
178,4,178,"1/10009/10/0",0,,0,"一定期間内に氷の悪魔を倒す",0,,"2012-09-19 04:00:00 UTC","2012-09-22 05:00:00 UTC","일정 기간동안 [얼음 악마] 퇴치하기!",
179,4,179,"2/129/1/0",0,,0,"Lv3ヴォランドを入手する",345,,"2012-10-03 04:00:00 UTC","2012-10-17 05:00:00 UTC","3레벨의 [볼랜드] 획득하기!",
180,2,180,"1/1/1/0",1,,0,"夕刻の大蝙蝠を1回クリア",1,,"2012-10-03 04:00:00 UTC",,"석각의 큰박쥐 [1회] 완료하기!",
181,2,181,"1/21/1/0",180,,0,"夕刻の大蝙蝠をもう1回クリア",1,,"2012-10-03 04:00:00 UTC",,"석각의 큰박쥐 [1회] 완료하기!",
182,2,182,"1/31/1/0",181,,0,"夕刻の大蝙蝠を更に1回クリア",1,,"2012-10-03 04:00:00 UTC",,"석각의 큰박쥐 [1회] 완료하기!",
183,4,183,"3/38/1",0,,0,"イベントクエストを5回クリア",0,,"2012-10-17 04:00:00 UTC","2012-10-31 03:00:00 UTC","이벤트 퀘스트를 [5회] 완료하기!",
184,4,184,"1/10001/1/0",183,"185+186",0,"レッドキャンディクエストを3回クリア ",0,,"2012-10-17 04:00:00 UTC","2012-10-31 03:00:00 UTC","레드캔디 퀘스트를 [3회] 완료하기!",
185,4,185,"1/10001/1/0",183,"184+186",0,"イエローキャンディクエストを3回クリア ",0,,"2012-10-17 04:00:00 UTC","2012-10-31 03:00:00 UTC","옐로캔디 퀘스트를 [3회] 완료하기!",
186,4,186,"1/10001/1/0",183,"184+185",0,"ブルーキャンディクエストを3回クリア ",0,,"2012-10-17 04:00:00 UTC","2012-10-31 03:00:00 UTC","블루캔디 퀘스트를 [3회] 완료하기!",
187,4,187,"1/10006/1/0",184,"190+193+196+199",0,"帝國騎士の想いを5回クリア",0,,"2012-10-17 04:00:00 UTC","2012-10-31 03:00:00 UTC","제국기사의 마음 [5회] 완료하기!",
188,4,188,"1/10006/1/0",187,,0,"帝國騎士の想いを+10回クリア",0,,"2012-10-17 04:00:00 UTC","2012-10-31 03:00:00 UTC","제국기사의 마음 [10회] 완료하기!",
189,4,189,"1/6/1/0",188,,0,"帝國騎士の想いを+15回クリア",0,,"2012-10-17 04:00:00 UTC","2012-10-31 03:00:00 UTC","제국기사의 마음 [15회] 완료하기!",
190,4,190,"1/10007/1/0",184,"187+193+196+199",0,"軍犬の想いを5回クリア",0,,"2012-10-17 04:00:00 UTC","2012-10-31 03:00:00 UTC","군견의 마음 [5회] 완료하기!",
191,4,191,"1/10007/1/0",190,,0,"軍犬の想いを+10回クリア",0,,"2012-10-17 04:00:00 UTC","2012-10-31 03:00:00 UTC","군견의 마음 [10회] 완료하기!",
192,4,192,"1/16/1/0",191,,0,"軍犬の想いを+15回クリア",0,,"2012-10-17 04:00:00 UTC","2012-10-31 03:00:00 UTC","군견의 마음 [15회] 완료하기!",
193,4,193,"1/10008/1/0",184,"187+190+196+199",0,"黒太子の想いを5回クリア",0,,"2012-10-17 04:00:00 UTC","2012-10-31 03:00:00 UTC","흑태자의 마음 [5회] 완료하기!",
194,4,194,"1/10008/1/0",193,,0,"黒太子の想いを+10回クリア",0,,"2012-10-17 04:00:00 UTC","2012-10-31 03:00:00 UTC","흑태자의 마음 [10회] 완료하기!",
195,4,195,"1/26/1/0",194,,0,"黒太子の想いを+15回クリア",0,,"2012-10-17 04:00:00 UTC","2012-10-31 03:00:00 UTC","흑태자의 마음 [15회] 완료하기!",
196,4,196,"1/10009/1/0",184,"187+190+193+199",0,"剣聖の想いを5回クリア",0,,"2012-10-17 04:00:00 UTC","2012-10-31 03:00:00 UTC","검성의 마음 [5회] 완료하기!",
197,4,197,"1/10009/1/0",196,,0,"剣聖の想いを+10回クリア",0,,"2012-10-17 04:00:00 UTC","2012-10-31 03:00:00 UTC","검성의 마음 [10회] 완료하기!",
198,4,198,"1/36/1/0",197,,0,"剣聖の想いを+15回クリア",0,,"2012-10-17 04:00:00 UTC","2012-10-31 03:00:00 UTC","검성의 마음 [15회] 완료하기!",
199,4,199,"1/10010/1/0",184,"187+190+193+196",0,"嵐の乗り手の想いを5回クリア",0,,"2012-10-17 04:00:00 UTC","2012-10-31 03:00:00 UTC","폭풍 조종자의 마음 [5회] 완료하기!",
200,4,200,"1/10010/1/0",199,,0,"嵐の乗り手の想いを+10回クリア",0,,"2012-10-17 04:00:00 UTC","2012-10-31 03:00:00 UTC","폭풍 조종자의 마음 [10회] 완료하기!",
201,4,201,"1/46/1/0",200,,0,"嵐の乗り手の想いを+15回クリア",0,,"2012-10-17 04:00:00 UTC","2012-10-31 03:00:00 UTC","폭풍 조종자의 마음 [15회] 완료하기!",
202,4,202,"1/10006/1/0",185,"205+208+211+214",0,"混沌の守人の想いを5回クリア",0,,"2012-10-17 04:00:00 UTC","2012-10-31 03:00:00 UTC","혼돈 수인의 마음 [5회] 완료하기!",
203,4,203,"1/10006/1/0",202,,0,"混沌の守人の想いを+10回クリア",0,,"2012-10-17 04:00:00 UTC","2012-10-31 03:00:00 UTC","혼돈 수인의 마음 [5회] 완료하기!",
204,4,204,"1/56/1/0",203,,0,"混沌の守人の想いを+15回クリア",0,,"2012-10-17 04:00:00 UTC","2012-10-31 03:00:00 UTC","혼돈 수인의 마음 [5회] 완료하기!",
205,4,205,"1/10007/1/0",185,"202+208+211+214",0,"幼き王の想いを5回クリア",0,,"2012-10-17 04:00:00 UTC","2012-10-31 03:00:00 UTC","어린 왕의 마음 [5회] 완료하기!",
206,4,206,"1/10007/1/0",205,,0,"幼き王の想いを+10回クリア",0,,"2012-10-17 04:00:00 UTC","2012-10-31 03:00:00 UTC","어린 왕의 마음 [10회] 완료하기!",
207,4,207,"1/66/1/0",206,,0,"幼き王の想いを+15回クリア",0,,"2012-10-17 04:00:00 UTC","2012-10-31 03:00:00 UTC","어린 왕의 마음 [15회] 완료하기!",
208,4,208,"1/10008/1/0",185,"202+205+211+214",0,"探求者の想いを5回クリア",0,,"2012-10-17 04:00:00 UTC","2012-10-31 03:00:00 UTC","탐구자의 마음 [5회] 완료하기!",
209,4,209,"1/10008/1/0",208,,0,"探求者の想いを+10回クリア",0,,"2012-10-17 04:00:00 UTC","2012-10-31 03:00:00 UTC","탐구자의 마음 [10회] 완료하기!",
210,4,210,"1/76/1/0",209,,0,"探求者の想いを+15回クリア",0,,"2012-10-17 04:00:00 UTC","2012-10-31 03:00:00 UTC","탐구자의 마음 [15회] 완료하기!",
211,4,211,"1/10009/1/0",185,"202+205+208+214",0,"仮面の男の想いを5回クリア",0,,"2022-10-24 04:00:00 UTC","2012-10-31 03:00:00 UTC","가면 남자의 마음 [5회] 완료하기!",
212,4,212,"1/10009/1/0",211,,0,"仮面の男の想いを+10回クリア",0,,"2022-10-24 04:00:00 UTC","2012-10-31 03:00:00 UTC","가면 남자의 마음 [10회] 완료하기!",
213,4,213,"1/86/1/0",212,,0,"仮面の男の想いを+15回クリア",0,,"2022-10-24 04:00:00 UTC","2012-10-31 03:00:00 UTC","가면 남자의 마음 [15회] 완료하기!",
214,4,214,"1/10010/1/0",185,"202+205+208+211",0,"裁きを下す者の想いを5回クリア",0,,"2012-10-17 04:00:00 UTC","2012-10-31 03:00:00 UTC","심판을 내리는 자의 마음 [5회] 완료하기!",
215,4,215,"1/10010/1/0",214,,0,"裁きを下す者の想いを+10回クリア",0,,"2012-10-17 04:00:00 UTC","2012-10-31 03:00:00 UTC","심판을 내리는 자의 마음 [10회] 완료하기!",
216,4,216,"1/96/1/0",215,,0,"裁きを下す者の想いを+15回クリア",0,,"2012-10-17 04:00:00 UTC","2012-10-31 03:00:00 UTC","심판을 내리는 자의 마음 [15회] 완료하기!",
217,4,217,"1/10006/1/0",186,"220+223+226+229",0,"不死の少女の想いを5回クリア",0,,"2012-10-17 04:00:00 UTC","2012-10-31 03:00:00 UTC","불사 소녀의 마음 [5회] 완료하기!",
218,4,218,"1/10006/1/0",217,,0,"不死の少女の想いを+10回クリア",0,,"2012-10-17 04:00:00 UTC","2012-10-31 03:00:00 UTC","불사 소녀의 마음 [10회] 완료하기!",
219,4,219,"1/106/1/0",218,,0,"不死の少女の想いを+15回クリア",0,,"2012-10-17 04:00:00 UTC","2012-10-31 03:00:00 UTC","불사 소녀의 마음 [15회] 완료하기!",
220,4,220,"1/10007/1/0",186,"217+223+226+229",0,"獣人の娘の想いを5回クリア",0,,"2012-10-17 04:00:00 UTC","2012-10-31 03:00:00 UTC","수인 딸의 마음 [5회] 완료하기!",
221,4,221,"1/10007/1/0",220,,0,"獣人の娘の想いを+10回クリア",0,,"2012-10-17 04:00:00 UTC","2012-10-31 03:00:00 UTC","수인 딸의 마음 [10회] 완료하기!",
222,4,222,"1/116/1/0",221,,0,"獣人の娘の想いを+15回クリア",0,,"2012-10-17 04:00:00 UTC","2012-10-31 03:00:00 UTC","수인 딸의 마음 [15회] 완료하기!",
223,4,223,"1/10008/1/0",186,"217+220+226+229",0,"混沌の担い手の想いを5回クリア",0,,"2012-10-17 04:00:00 UTC","2012-10-31 03:00:00 UTC","혼돈 추종자의 마음 [5회] 완료하기!",
224,4,224,"1/10008/1/0",223,,0,"混沌の担い手の想いを+10回クリア",0,,"2012-10-17 04:00:00 UTC","2012-10-31 03:00:00 UTC","혼돈 추종자의 마음 [10회] 완료하기!",
225,4,225,"1/126/1/0",224,,0,"混沌の担い手の想いを+15回クリア",0,,"2012-10-17 04:00:00 UTC","2012-10-31 03:00:00 UTC","혼돈 추종자의 마음 [15회] 완료하기!",
226,4,226,"1/10009/1/0",186,"217+220+223+229",0,"二刀流の剣士の想いを5回クリア",0,,"2012-10-17 04:00:00 UTC","2012-10-31 03:00:00 UTC","이도류 검객의 마음 [5회] 완료하기!",
227,4,227,"1/10009/1/0",226,,0,"二刀流の剣士の想いを+10回クリア",0,,"2012-10-17 04:00:00 UTC","2012-10-31 03:00:00 UTC","이도류 검객의 마음 [10회] 완료하기!",
228,4,228,"1/136/1/0",227,,0,"二刀流の剣士の想いを+15回クリア",0,,"2012-10-17 04:00:00 UTC","2012-10-31 03:00:00 UTC","이도류 검객의 마음 [15회] 완료하기!",
229,4,229,"1/10010/1/0",186,"217+220+223+226",0,"工学師の尖兵の想いを5回クリア",0,,"2012-10-17 04:00:00 UTC","2012-10-31 03:00:00 UTC","공학사 첨병의 마음 [5회] 완료하기!",
230,4,230,"1/10010/1/0",229,,0,"工学師の尖兵の想いを+10回クリア",0,,"2012-10-17 04:00:00 UTC","2012-10-31 03:00:00 UTC","공학사 첨병의 마음 [10회] 완료하기!",
231,4,231,"1/146/1/0",230,,0,"工学師の尖兵の想いを+15回クリア",0,,"2012-10-17 04:00:00 UTC","2012-10-31 03:00:00 UTC","공학사 첨병의 마음 [15회] 완료하기!",
232,4,232,"3/9/1/0+4/185/1",0,,0,"パンプキングを1回倒す",0,,"2012-10-17 04:00:00 UTC","2012-10-31 03:00:00 UTC","펌프킨 [1회] 퇴치하기!",
233,4,233,"3/9/1/0+4/188/1+4/184/1",232,,0,"パンプキングを+4回倒す",0,,"2012-10-17 04:00:00 UTC","2012-10-31 03:00:00 UTC","펌프킨 [4회] 퇴치하기!",
234,4,234,"3/9/1/0+4/187/1+4/186/1",233,,0,"パンプキングを+5回倒す",0,,"2012-10-17 04:00:00 UTC","2012-10-31 03:00:00 UTC","펌프킨 [5회] 퇴치하기!",
235,4,235,"2/132/1/0",0,,0,"Lv3C.C.を入手する",353,,"2012-10-31 04:00:00 UTC","2012-11-14 04:00:00 UTC","3레벨의 [C.C.] 획득하기!",
236,4,236,"3/38/1+4/189/1",0,,0,"タグを5個集める",0,,"2012-11-14 04:00:00 UTC","2012-11-28 04:00:00 UTC","태그를 [5개] 모으기!",
237,4,237,"3/27/1+4/190/1",236,,0,"タグを15個集める",0,,"2012-11-14 04:00:00 UTC","2012-11-28 04:00:00 UTC","태그를 [15개] 모으기!",
238,4,238,"3/27/1+4/191/1",237,,0,"タグを30個集める",0,,"2012-11-14 04:00:00 UTC","2012-11-28 04:00:00 UTC","태그를 [30개] 모으기!",
239,4,239,"4/192/1+1/10006/1/0",0,244,0,"A・B中隊のタグを1個ずつ集める",0,,"2012-11-14 04:00:00 UTC","2012-11-28 04:00:00 UTC","A/B 중대의 태그를 [1개] 모으기!",
240,4,240,"4/193/1+1/10007/1/0",239,,0,"A~D中隊のタグを1個ずつ集める",0,,"2012-11-14 04:00:00 UTC","2012-11-28 04:00:00 UTC","A~D 중대의 태그를 [1개] 모으기!",
241,4,241,"4/194/1+1/10008/1/0",240,,0,"A~E中隊のタグを2個ずつ集める",0,,"2012-11-14 04:00:00 UTC","2012-11-28 04:00:00 UTC","A~E 중대의 태그를 [2개] 모으기!",
242,4,242,"2/63/1/0+1/10009/1/0",241,,0,"A~E中隊のタグを3個ずつ集める",0,,"2012-11-14 04:00:00 UTC","2012-11-28 04:00:00 UTC","A~E 중대의 태그를 [3개] 모으기!",
243,4,243,"3/39/1",242,,0,"A~E中隊のタグを5個ずつ集める",0,,"2012-11-14 04:00:00 UTC","2012-11-28 04:00:00 UTC","A~E 중대의 태그를 [5개] 모으기!",
244,4,244,"4/195/1+1/10006/1/0",0,239,0,"C・D中隊のタグを1個ずつ集める",0,,"2012-11-14 04:00:00 UTC","2012-11-28 04:00:00 UTC","C/D 중대의 태그를 [1개] 모으기!",
245,4,245,"4/196/1+1/10007/1/0",244,,0,"A~D中隊のタグを1個ずつ集める",0,,"2012-11-14 04:00:00 UTC","2012-11-28 04:00:00 UTC","A~D 중대의 태그를 [1개] 모으기!",
246,4,246,"4/197/1+1/10008/1/0",245,,0,"A~E中隊のタグを2個ずつ集める",0,,"2012-11-14 04:00:00 UTC","2012-11-28 04:00:00 UTC","A~E 중대의 태그를 [2개] 모으기!",
247,4,247,"2/96/1/0+1/10009/1/0",246,,0,"A~E中隊のタグを3個ずつ集める",0,,"2012-11-14 04:00:00 UTC","2012-11-28 04:00:00 UTC","A~E 중대의 태그를 [3개] 모으기!",
248,4,248,"3/39/1",247,,0,"A~E中隊のタグを5個ずつ集める",0,,"2012-11-14 04:00:00 UTC","2012-11-28 04:00:00 UTC","A~E 중대의 태그를 [5개] 모으기!",
249,4,249,"2/135/1/0",0,,0,"Lv3コッブを入手する",363,,"2012-12-05 04:00:00 UTC","2012-12-19 04:00:00 UTC","3레벨의 [콥] 획득하기!",
250,4,250,"2/138/1/0",0,,0,"Lv3イヴリンを入手する",373,,"2013-01-02 04:00:00 UTC","2013-01-16 04:00:00 UTC","3레벨의 [이블린] 획득하기!",
251,4,251,"3/70/1/0",0,,1,"アレクサンドルでデュエルを3回行う(繰り返し可能)",3,"進行度とレコード達成により取得した宝箱はブラウザのリロードを行う事で最新の値が反映されます","2013-01-16 04:00:00 UTC","2013-01-30 04:00:00 UTC","코스트 채널에서 듀얼[3회] 하기!(반복가능)","레코드 달성으로 획득한 보상과 진행도는 브라우저 새로고침을(F5) 하여야만 최신 정보가 반영됩니다."
252,4,252,"3/70/1/0",0,,1,"アレクサンドル以外でデュエルを7回行う(繰り返し可能)",7,"進行度とレコード達成により取得した宝箱はブラウザのリロードを行う事で最新の値が反映されます","2013-01-16 04:00:00 UTC","2013-01-30 04:00:00 UTC","코스트 채널 이외에서 듀얼[7회] 하기!(반복가능)","레코드 달성으로 획득한 보상과 진행도는 브라우저 새로고침을(F5) 하여야만 최신 정보가 반영됩니다."
253,4,253,"2/144/1/0",0,,0,"Lv3カレンベルクを入手する",393,,"2013-02-06 04:00:00 UTC","2013-02-20 04:00:00 UTC","3레벨의 [카렌베르크] 획득하기!",
254,4,254,"3/29/1/0+3/38/1/0",0,,0,"★1のクエストをプレゼントする",0,"プレゼントされたクエストをプレゼントしてもレコード達成にはなりません","2013-02-13 04:00:00 UTC","2013-02-27 04:00:00 UTC","★1의 퀘스트를 선물하기!","선물 받은 퀘스트를 선물하여도 레코드는 달성되지 않습니다."
255,4,255,"3/2/1/0+4/201/1",254,,0,"★2のクエストをプレゼントする",0,"プレゼントされたクエストをプレゼントしてもレコード達成にはなりません","2013-02-13 04:00:00 UTC","2013-02-27 04:00:00 UTC","★2의 퀘스트를 선물하기!","선물 받은 퀘스트를 선물하여도 레코드는 달성되지 않습니다."
256,4,256,"3/27/1/0+4/207/1",255,,0,"★3のクエストをプレゼントする",0,"プレゼントされたクエストをプレゼントしてもレコード達成にはなりません","2013-02-13 04:00:00 UTC","2013-02-27 04:00:00 UTC","★3의 퀘스트를 선물하기!","선물 받은 퀘스트를 선물하여도 레코드는 달성되지 않습니다."
257,4,257,"3/3/1/0+4/204/1",256,,0,"★4のクエストをプレゼントする",0,"プレゼントされたクエストをプレゼントしてもレコード達成にはなりません","2013-02-13 04:00:00 UTC","2013-02-27 04:00:00 UTC","★4의 퀘스트를 선물하기!","선물 받은 퀘스트를 선물하여도 레코드는 달성되지 않습니다."
258,4,258,"3/28/1/0",257,,0,"★5のクエストをプレゼントする",0,"プレゼントされたクエストをプレゼントしてもレコード達成にはなりません","2013-02-13 04:00:00 UTC","2013-02-27 04:00:00 UTC","★5의 퀘스트를 선물하기!","선물 받은 퀘스트를 선물하여도 레코드는 달성되지 않습니다."
259,4,259,"3/21/1/0",258,,0,"★6のクエストをプレゼントする",0,"プレゼントされたクエストをプレゼントしてもレコード達成にはなりません","2013-02-13 04:00:00 UTC","2013-02-27 04:00:00 UTC","★6의 퀘스트를 선물하기!","선물 받은 퀘스트를 선물하여도 레코드는 달성되지 않습니다."
260,4,260,"2/141/1/0",259,,0,"★7のクエストをプレゼントする",0,"プレゼントされたクエストをプレゼントしてもレコード達成にはなりません","2013-02-13 04:00:00 UTC","2013-02-27 04:00:00 UTC","★7의 퀘스트를 선물하기!","선물 받은 퀘스트를 선물하여도 레코드는 달성되지 않습니다."
261,4,261,"3/9/1/0",260,,0,"★8のクエストをプレゼントする",0,"プレゼントされたクエストをプレゼントしてもレコード達成にはなりません","2013-02-13 04:00:00 UTC","2013-02-27 04:00:00 UTC","★8의 퀘스트를 선물하기!","선물 받은 퀘스트를 선물하여도 레코드는 달성되지 않습니다."
262,4,262,"3/9/1/0",261,,0,"★9のクエストをプレゼントする",0,"プレゼントされたクエストをプレゼントしてもレコード達成にはなりません","2013-02-13 04:00:00 UTC","2013-02-27 04:00:00 UTC","★9의 퀘스트를 선물하기!","선물 받은 퀘스트를 선물하여도 레코드는 달성되지 않습니다."
263,4,263,"3/39/1/0",262,,0,"★10のクエストをプレゼントする",0,"プレゼントされたクエストをプレゼントしてもレコード達成にはなりません","2013-02-13 04:00:00 UTC","2013-02-27 04:00:00 UTC","★10의 퀘스트를 선물하기!","선물 받은 퀘스트를 선물하여도 레코드는 달성되지 않습니다."
264,4,264,"3/29/1/0",0,,0,"フレンドと1vs1デュエルをする",0,"レコード達成により取得した「スターキャンディ」はブラウザのリロードを行う事で最新の値が反映されます","2013-02-13 04:00:00 UTC","2013-02-27 04:00:00 UTC","친구와 1 vs 1 듀얼하여 승리하기!","레코드 달성으로 획득한[스타 캔디]는 브라우저 새로고침을(F5) 하여야만 최신 정보가 반영됩니다."
265,4,265,"3/29/1/0+3/6/1/0",0,,0,"フレンドと3vs3デュエルをする",0,"レコード達成により取得した「スターキャンディ+ホワイトヒース3」はブラウザのリロードを行う事で最新の値が反映されます","2013-02-13 04:00:00 UTC","2013-02-27 04:00:00 UTC","친구와 3 vs 3 듀얼하여 승리하기!","레코드 달성으로 획득한[스타 캔디 + 화이트 히스3」는 브라우저 새로고침을(F5) 하여야만 최신 정보가 반영됩니다."
266,4,266,"2/147/1/0",0,,0,"Lv3ネネムを入手する",403,,"2013-03-06 04:00:00 UTC","2013-03-20 04:00:00 UTC","3레벨의 [네넴] 획득하기!",
267,4,267,"4/217/1+3/2/1/0",0,,0,"「アイザックからの招待状」を3回クリアする",3,,"2013-03-13 04:00:00 UTC","2013-03-27 04:00:00 UTC","아이자크 퀘스트를 [3회] 완료하기!",
268,4,268,"4/218/1+3/21/1/0",267,,0,"「アイザックからの招待状」を+7回クリアする",7,,"2013-03-13 04:00:00 UTC","2013-03-27 04:00:00 UTC","아이자크 퀘스트를 [7회] 완료하기!",
269,4,269,"4/219/1+3/50/1/0",268,,0,"「アイザックからの招待状」を+10回クリアする",10,,"2013-03-13 04:00:00 UTC","2013-03-27 04:00:00 UTC","아이자크 퀘스트를 [10회] 완료하기!",
270,4,270,"2/30/1/0",269,,0,"「アイザックからの招待状」を+30回クリアする",30,,"2013-03-13 04:00:00 UTC","2013-03-27 04:00:00 UTC","아이자크 퀘스트를 [30회] 완료하기!",
271,4,271,"4/220/1+3/2/1/0",0,,0,"「ジェッドからの招待状」を3回クリアする",3,,"2013-03-13 04:00:00 UTC","2013-03-27 04:00:00 UTC","제드 퀘스트를 [3회] 완료하기!",
272,4,272,"4/221/1+3/21/1/0",271,,0,"「ジェッドからの招待状」を+7回クリアする",7,,"2013-03-13 04:00:00 UTC","2013-03-27 04:00:00 UTC","제드 퀘스트를 [7회] 완료하기!",
273,4,273,"4/222/1+3/50/1/0",272,,0,"「ジェッドからの招待状」を+10回クリアする",10,,"2013-03-13 04:00:00 UTC","2013-03-27 04:00:00 UTC","제드 퀘스트를 [10회] 완료하기!",
274,4,274,"2/45/1/0",273,,0,"「ジェッドからの招待状」を+30回クリアする",30,,"2013-03-13 04:00:00 UTC","2013-03-27 04:00:00 UTC","제드 퀘스트를 [30회] 완료하기!",
275,4,275,"4/223/1+3/2/1/0",0,,0,"「サルガドからの招待状」を3回クリアする",3,,"2013-03-13 04:00:00 UTC","2013-03-27 04:00:00 UTC","살가드 퀘스트를 [3회] 완료하기!",
276,4,276,"4/224/1+3/21/1/0",275,,0,"「サルガドからの招待状」を+7回クリアする",7,,"2013-03-13 04:00:00 UTC","2013-03-27 04:00:00 UTC","살가드 퀘스트를 [7회] 완료하기!",
277,4,277,"4/225/1+3/50/1/0",276,,0,"「サルガドからの招待状」を+10回クリアする",10,,"2013-03-13 04:00:00 UTC","2013-03-27 04:00:00 UTC","살가드 퀘스트를 [10회] 완료하기!",
278,4,278,"2/90/1/0",277,,0,"「サルガドからの招待状」を+30回クリアする",30,,"2013-03-13 04:00:00 UTC","2013-03-27 04:00:00 UTC","살가드 퀘스트를 [30회] 완료하기!",
279,4,279,"3/39/1/0",0,,0,"全ての招待状レコードをクリアする",0,,"2013-03-13 04:00:00 UTC","2013-03-27 04:00:00 UTC","모든 화이트데이 이벤트 레코드를 완료하기! ",
280,4,280,"4/226/1",0,,0,"3回デュエルを行う",3,"進行度とレコード達成により取得したアイテムはブラウザのリロードを行う事で最新の値が反映されます","2013-03-13 04:00:00 UTC","2013-03-27 04:00:00 UTC","듀얼 [5회] 진행하기!","레코드 달성으로 획득한 보상과 진행도는 브라우저 새로고침을(F5) 하여야만 최신 정보가 반영됩니다."
281,4,281,"4/227/1",280,,0,"+5回デュエルを行う",5,"進行度とレコード達成により取得したアイテムはブラウザのリロードを行う事で最新の値が反映されます","2013-03-13 04:00:00 UTC","2013-03-27 04:00:00 UTC","듀얼 [+5회] 진행하기!","레코드 달성으로 획득한 보상과 진행도는 브라우저 새로고침을(F5) 하여야만 최신 정보가 반영됩니다."
282,4,282,"4/228/1",281,,0,"+7回デュエルを行う",7,"進行度とレコード達成により取得したアイテムはブラウザのリロードを行う事で最新の値が反映されます","2013-03-13 04:00:00 UTC","2013-03-27 04:00:00 UTC","듀얼 [+5회] 진행하기!","레코드 달성으로 획득한 보상과 진행도는 브라우저 새로고침을(F5) 하여야만 최신 정보가 반영됩니다."
283,4,283,"4/229/1",282,,0,"+15回デュエルを行う",15,"進行度とレコード達成により取得したアイテムはブラウザのリロードを行う事で最新の値が反映されます","2013-03-13 04:00:00 UTC","2013-03-27 04:00:00 UTC","듀얼 [+15회] 진행하기!","레코드 달성으로 획득한 보상과 진행도는 브라우저 새로고침을(F5) 하여야만 최신 정보가 반영됩니다."
284,4,284,"2/150/1/0",0,,0,"Lv3コンラッドを入手する",413,,"2013-04-03 04:00:00 UTC","2013-04-17 04:00:00 UTC","3레벨의 [콘래드] 획득하기!",
285,4,285,"3/10/1/0",0,,0,"新たにLv3カードを取得する",0,"合成やボーナスゲーム、DarkroomでLv3カードを取得する。","2013-02-13 04:00:00 UTC",,"새로운 Lv3카드를 획득하기!","합성 또는 보너스게임, Darkroom으로 Lv3 카드를 획득한다."
286,4,286,"3/10/1/0",285,,0,"新たにLv5カードを取得する",0,"合成やボーナスゲーム、DarkroomでLv5カードを取得する。","2013-02-13 04:00:00 UTC",,"새로운 Lv5카드를 획득하기!","합성 또는 보너스게임, Darkroom으로 Lv5 카드를 획득한다."
287,4,287,"3/10/1/0",286,,0,"新たにレアカードを取得する",0,"合成やDarkroomでレアカードを取得する。","2013-02-13 04:00:00 UTC",,"새로운 레어카드를 획득하기!","합성 또는 Darkroom으로 레어 카드를 획득한다."
288,1,288,"3/5/1/0",288,,0,"デュエルを行う",1,"レコードをクリアしたら翌日もログインしてみよう。7日間続けると…。",,,"듀얼에 가자!","레코드를 클리어하면 다음날도 로그인 해보자! 7일간 계속하면…"
289,1,289,"3/5/1/0",289,,0,"2日連続デュエルを行う",1,"レコードをクリアしたら翌日もログインしてみよう。7日間続けると…。",,,"2일 연속 듀얼을 실시하기!","레코드를 클리어하면 다음날도 로그인 해보자! 7일간 계속하면…"
290,1,290,"3/5/1/0",290,,0,"3日連続デュエルを行う",1,"レコードをクリアしたら翌日もログインしてみよう。7日間続けると…。",,,"3일 연속 듀얼을 실시하기!","레코드를 클리어하면 다음날도 로그인 해보자! 7일간 계속하면…"
291,1,291,"3/6/1/0",291,,0,"4日連続デュエルを行う",1,"レコードをクリアしたら翌日もログインしてみよう。7日間続けると…。",,,"4일 연속 듀얼을 실시하기!","레코드를 클리어하면 다음날도 로그인 해보자! 7일간 계속하면…"
292,1,292,"3/6/1/0",292,,0,"5日連続デュエルを行う",1,"レコードをクリアしたら翌日もログインしてみよう。7日間続けると…。",,,"5일 연속 듀얼을 실시하기!","레코드를 클리어하면 다음날도 로그인 해보자! 7일간 계속하면…"
293,1,293,"3/6/1/0",293,,0,"6日連続デュエルを行う",1,"レコードをクリアしたら翌日もログインしてみよう。7日間続けると…。",,,"6일 연속 듀얼을 실시하기!","레코드를 클리어하면 다음날도 로그인 해보자! 7일간 계속하면…"
294,1,294,"3/9/1/0",294,,0,"7日連続デュエルを行う",1,,,,"7일 연속 듀얼을 실시하기!",
295,1,295,"1/10008/1/0",295,,0,"8日連続デュエルを行う",1,,,,"8일 연속 듀얼을 실시하기!",
296,1,296,"1/10009/1/0",296,,0,"9日連続デュエルを行う",1,,,,"9일 연속 듀얼을 실시하기!",
297,1,297,"1/10010/1/0",297,,0,"10日連続デュエルを行う",1,,,,"10일 연속 듀얼을 실시하기!",
298,1,298,"3/6/1/0",298,,0,"11日連続デュエルを行う",1,,,,"11일 연속 듀얼을 실시하기!",
299,1,299,"3/6/1/0",299,,0,"12日連続デュエルを行う",1,,,,"12일 연속 듀얼을 실시하기!",
300,1,300,"3/6/1/0",300,,0,"13日連続デュエルを行う",1,,,,"13일 연속 듀얼을 실시하기!",
301,1,301,"3/9/1/0",301,,0,"14日連続デュエルを行う",1,,,,"14일 연속 듀얼을 실시하기!",
302,4,302,"3/3/1/0",0,,0,"投票券を1枚集める",1,,,"2013-05-01 04:00:00 UTC","두표권 1장 모으기!",
303,4,303,"3/8/1/0",302,,0,"投票券を10枚集める",10,,,"2013-05-01 04:00:00 UTC","두표권 10장 모으기!",
304,4,304,"2/153/1/0",0,,0,"Lv3ビアギッテを入手する",423,,"2013-05-01 04:00:00 UTC","2013-05-15 04:00:00 UTC","3레벨의 [비르기트] 획득하기!",
305,4,305,"1/10005/1/0",0,,0,"エヴァリストの追憶を5回クリアする",5,,"2013-05-15 04:00:00 UTC","2013-05-29 04:00:00 UTC","에바리스트의 추억을 [5회] 완료하기!",
306,4,306,"1/6/1/0",305,,0,"エヴァリストの追憶を+10回クリアする",10,,"2013-05-15 04:00:00 UTC","2013-05-29 04:00:00 UTC","에바리스트의 추억을 [+10회] 완료하기!",
307,4,307,"1/10005/1/0",0,,0,"アイザックの追憶を5回クリアする",5,,"2013-05-15 04:00:00 UTC","2013-05-29 04:00:00 UTC","아이자크의 추억을 [5회] 완료하기!",
308,4,308,"1/16/1/0",307,,0,"アイザックの追憶を+10回クリアする",10,,"2013-05-15 04:00:00 UTC","2013-05-29 04:00:00 UTC","아이자크의 추억을 [+10회] 완료하기!",
309,4,309,"1/10005/1/0",0,,0,"グリュンワルドの追憶を5回クリアする",5,,"2013-05-15 04:00:00 UTC","2013-05-29 04:00:00 UTC","그룬왈드의 추억을 [5회] 완료하기!",
310,4,310,"1/26/1/0",309,,0,"グリュンワルドの追憶を+10回クリアする",10,,"2013-05-15 04:00:00 UTC","2013-05-29 04:00:00 UTC","그룬왈드의 추억을 [+10회] 완료하기!",
311,4,311,"1/10005/1/0",0,,0,"アベルの追憶を5回クリアする",5,,"2013-05-15 04:00:00 UTC","2013-05-29 04:00:00 UTC","아벨의 추억을 [5회] 완료하기!",
312,4,312,"1/36/1/0",311,,0,"アベルの追憶を+10回クリアする",10,,"2013-05-15 04:00:00 UTC","2013-05-29 04:00:00 UTC","아벨의 추억을 [+10회] 완료하기!",
313,4,313,"1/10005/1/0",0,,0,"レオンの追憶を5回クリアする",5,,"2013-05-15 04:00:00 UTC","2013-05-29 04:00:00 UTC","레온의 추억을 [5회] 완료하기!",
314,4,314,"1/46/1/0",313,,0,"レオンの追憶を+10回クリアする",10,,"2013-05-15 04:00:00 UTC","2013-05-29 04:00:00 UTC","레온의 추억을 [+10회] 완료하기!",
315,4,315,"1/10004/1/0",0,,0,"クレーニヒの追憶を5回クリアする",5,,"2013-05-15 04:00:00 UTC","2013-05-29 04:00:00 UTC","크레니히의 추억을 [5회] 완료하기!",
316,4,316,"1/56/1/0",315,,0,"クレーニヒの追憶を+10回クリアする",10,,"2013-05-15 04:00:00 UTC","2013-05-29 04:00:00 UTC","크레니히의 추억을 [+10회] 완료하기!",
317,4,317,"1/10004/1/0",0,,0,"ジェッドの追憶を5回クリアする",5,,"2013-05-15 04:00:00 UTC","2013-05-29 04:00:00 UTC","제드의 추억을 [5회] 완료하기!",
318,4,318,"1/66/1/0",317,,0,"ジェッドの追憶を+10回クリアする",10,,"2013-05-15 04:00:00 UTC","2013-05-29 04:00:00 UTC","제드의 추억을 [+10회] 완료하기!",
319,4,319,"1/10004/1/0",0,,0,"アーチボルトの追憶を5回クリアする",5,,"2013-05-15 04:00:00 UTC","2013-05-29 04:00:00 UTC","아치볼드의 추억을 [5회] 완료하기!",
320,4,320,"1/76/1/0",319,,0,"アーチボルトの追憶を+10回クリアする",10,,"2013-05-15 04:00:00 UTC","2013-05-29 04:00:00 UTC","아치볼드의 추억을 [+10회] 완료하기!",
321,4,321,"1/10004/1/0",0,,0,"マックスの追憶を5回クリアする",5,,"2013-05-15 04:00:00 UTC","2013-05-29 04:00:00 UTC","맥스의 추억을 [5회] 완료하기!",
322,4,322,"1/86/1/0",321,,0,"マックスの追憶を+10回クリアする",10,,"2013-05-15 04:00:00 UTC","2013-05-29 04:00:00 UTC","맥스의 추억을 [+10회] 완료하기!",
323,4,323,"1/10004/1/0",0,,0,"ブレイズの追憶を5回クリアする",5,,"2013-05-15 04:00:00 UTC","2013-05-29 04:00:00 UTC","브레이즈의 추억을 [5회] 완료하기!",
324,4,324,"1/96/1/0",323,,0,"ブレイズの追憶を+10回クリアする",10,,"2013-05-15 04:00:00 UTC","2013-05-29 04:00:00 UTC","브레이즈의 추억을 [+10회] 완료하기!",
325,4,325,"1/10003/1/0",0,,0,"シェリの追憶を5回クリアする",5,,"2013-05-15 04:00:00 UTC","2013-05-29 04:00:00 UTC","쉐리의 추억을 [5회] 완료하기!",
326,4,326,"1/106/1/0",325,,0,"シェリの追憶を+10回クリアする",10,,"2013-05-15 04:00:00 UTC","2013-05-29 04:00:00 UTC","쉐리의 추억을 [+10회] 완료하기!",
327,4,327,"1/10003/1/0",0,,0,"アインの追憶を5回クリアする",5,,"2013-05-15 04:00:00 UTC","2013-05-29 04:00:00 UTC","아인의 추억을 [5회] 완료하기!",
328,4,328,"1/116/1/0",327,,0,"アインの追憶を+10回クリアする",10,,"2013-05-15 04:00:00 UTC","2013-05-29 04:00:00 UTC","아인의 추억을 [+10회] 완료하기!",
329,4,329,"1/10003/1/0",0,,0,"ベルンハルトの追憶を5回クリアする",5,,"2013-05-15 04:00:00 UTC","2013-05-29 04:00:00 UTC","베른하드의 추억을 [5회] 완료하기!",
330,4,330,"1/126/1/0",329,,0,"ベルンハルトの追憶を+10回クリアする",10,,"2013-05-15 04:00:00 UTC","2013-05-29 04:00:00 UTC","베른하드의 추억을 [+10회] 완료하기!",
331,4,331,"1/10003/1/0",0,,0,"フリードリヒの追憶を5回クリアする",5,,"2013-05-15 04:00:00 UTC","2013-05-29 04:00:00 UTC","프리드리히의 추억을 [5회] 완료하기!",
332,4,332,"1/136/1/0",331,,0,"フリードリヒの追憶を+10回クリアする",10,,"2013-05-15 04:00:00 UTC","2013-05-29 04:00:00 UTC","프리드리히의 추억을 [+10회] 완료하기!",
333,4,333,"1/10003/1/0",0,,0,"マルグリッドの追憶を5回クリアする",5,,"2013-05-15 04:00:00 UTC","2013-05-29 04:00:00 UTC","마르그리드의 추억을 [5회] 완료하기!",
334,4,334,"1/146/1/0",333,,0,"マルグリッドの追憶を+10回クリアする",10,,"2013-05-15 04:00:00 UTC","2013-05-29 04:00:00 UTC","마르그리드의 추억을 [+10회] 완료하기!",
335,4,335,"1/10002/1/0",0,,0,"ドニタの追憶を5回クリアする",5,,"2013-05-15 04:00:00 UTC","2013-05-29 04:00:00 UTC","도니타의 추억을 [5회] 완료하기!",
336,4,336,"1/156/1/0",335,,0,"ドニタの追憶を+10回クリアする",10,,"2013-05-15 04:00:00 UTC","2013-05-29 04:00:00 UTC","도니타의 추억을 [+10회] 완료하기!",
337,4,337,"1/10002/1/0",0,,0,"スプラートの追憶を5回クリアする",5,,"2013-05-15 04:00:00 UTC","2013-05-29 04:00:00 UTC","스프라우트의 추억을 [5회] 완료하기!",
338,4,338,"1/166/1/0",337,,0,"スプラートの追憶を+10回クリアする",10,,"2013-05-15 04:00:00 UTC","2013-05-29 04:00:00 UTC","스프라우트의 추억을 [+10회] 완료하기!",
339,4,339,"1/10002/1/0",0,,0,"ベリンダの追憶を5回クリアする",5,,"2013-05-15 04:00:00 UTC","2013-05-29 04:00:00 UTC","벨린다의 추억을 [5회] 완료하기!",
340,4,340,"1/176/1/0",339,,0,"ベリンダの追憶を+10回クリアする",10,,"2013-05-15 04:00:00 UTC","2013-05-29 04:00:00 UTC","벨린다의 추억을 [+10회] 완료하기!",
341,4,341,"1/10002/1/0",0,,0,"ロッソの追憶を5回クリアする",5,,"2013-05-15 04:00:00 UTC","2013-05-29 04:00:00 UTC","로쏘의 추억을 [5회] 완료하기!",
342,4,342,"1/186/1/0",341,,0,"ロッソの追憶を+10回クリアする",10,,"2013-05-15 04:00:00 UTC","2013-05-29 04:00:00 UTC","로쏘의 추억을 [+10회] 완료하기!",
343,4,343,"1/10002/1/0",0,,0,"エイダの追憶を5回クリアする",5,,"2013-05-15 04:00:00 UTC","2013-05-29 04:00:00 UTC","에이다의 추억을 [5회] 완료하기!",
344,4,344,"1/196/1/0",343,,0,"エイダの追憶を+10回クリアする",10,,"2013-05-15 04:00:00 UTC","2013-05-29 04:00:00 UTC","에이다의 추억을 [+10회] 완료하기!",
345,4,345,"3/8/1/0",0,"305+306+307+308+309+310+311+312+313+314+315+316+317+318+319+320+321+322+323+324+325+326+327+328+329+330+331+332+333+334+335+336+337+338+339+340+341+342+343+344",0,"イベントレコードでレアカードを3枚入手する",3,"イベントレコード達成によってレアカードを3枚取得すると、それ以上のイベントレコードは進行できなくなります。","2013-05-15 04:00:00 UTC","2013-05-29 04:00:00 UTC","이벤트 레코드로 레어카드를 [3장] 획득하기!","이벤트 레코드 달성으로 레어카드 3장을 획득하면, 더이상의 이벤트 레코드는 진행할 수 없습니다."
346,4,346,"2/156/1/0",0,,0,"Lv3クーンを入手する",433,,"2013-05-29 04:00:00 UTC","2013-06-12 04:00:00 UTC","3레벨의 [쿤] 획득하기! ",
347,4,347,"3/6/1/0",0,,0,"3vs3デュエルを10回行う",10,"「桃色大戦ぱいろん・生」とのコラボレーション用レコード。「ぱいろん銀貨+ぱいメダル5000枚」の獲得条件。ブラウザのリロードを行う事で最新の値が反映されます","2023-05-29 04:00:00 UTC","2023-06-12 04:00:00 UTC","3vs3듀얼을 [10회] 실시하기!","「桃色大戦ぱいろん・生」이라는 콜라보레이션 용 레코드。「ぱいろん銀貨+ぱいメダル5000枚」획득 조건。브라우저를 새로고침하여야 최신 정보가 반영됩니다."
348,4,348,"1/1/1/0",0,,0,"「水辺の覇者」イベントチャレンジ中！",0,"獲得したポイントはランキングのEventタブで確認できます。ブラウザのリロードを行う事で最新の値が表示されます。ランキングの順位については一定時間毎に更新を行なっており、リアルタイムでの表示ではないのでご注意下さい。","2013-06-12 04:00:00 UTC","2013-06-26 04:00:00 UTC","[물가의 패자] 이벤트 도전!","획득한 표인트는 랭킹의 Event 탭으로 확인할 수 있습니다. 실시간으로 적용되지 않는 점 양해를 구합니다. "
349,4,349,"3/2/1/0+3/11/1/0",0,,0,"「水辺の覇者」イベントで3ポイント獲得する",0,,"2013-06-12 04:00:00 UTC","2013-06-26 04:00:00 UTC","[물가의 패자] 이벤트로 3포인트 획득하기!",
350,4,350,"4/265/1/0+1/10001/1/0",0,,0,"「水辺の覇者」イベントで10ポイント獲得する",0,,"2013-06-12 04:00:00 UTC","2013-06-26 04:00:00 UTC","[물가의 패자] 이벤트로 10포인트 획득하기!",
351,4,351,"4/264/1/0+1/10002/1/0",0,,0,"「水辺の覇者」イベントで20ポイント獲得する",0,,"2013-06-12 04:00:00 UTC","2013-06-26 04:00:00 UTC","[물가의 패자] 이벤트로 20포인트 획득하기!",
352,4,352,"4/261/1/0+1/10003/1/0",0,,0,"「水辺の覇者」イベントで30ポイント獲得する",0,,"2013-06-12 04:00:00 UTC","2013-06-26 04:00:00 UTC","[물가의 패자] 이벤트로 30포인트 획득하기!",
353,4,353,"3/39/1/0",0,,0,"「水辺の覇者」イベントで100ポイント獲得する",0,,"2013-06-12 04:00:00 UTC","2013-06-26 04:00:00 UTC","[물가의 패자] 이벤트로 100포인트 획득하기!",
354,4,354,"2/159/1/0",0,,0,"Lv3シャーロットを入手する",443,,"2013-07-03 04:00:00 UTC","2013-07-17 04:00:00 UTC","3레벨의 [샬롯] 획득하기! ",
355,4,355,"3/2/1/0+3/6/1/0",0,,0,"タリスマンAを3個集める",3," エントランスに戻るかブラウザのリロードを行う事で最新の値が反映されます。 ","2013-07-17 04:00:00 UTC","2013-07-31 04:00:00 UTC","탈리스만 A를 3개 모으기"," 게임 메인화면으로 돌아가거나 브라우저를 새로고침하면 최신 정보가 반영됩니다."
356,4,356,"1/20017/1/0+1/10006/2/0",355,"360+361",0,"タリスマンAを15個集める",15," エントランスに戻るかブラウザのリロードを行う事で最新の値が反映されます。 このレコードをクリアするとBルートは進行できなくなります","2013-07-17 04:00:00 UTC","2013-07-31 04:00:00 UTC","탈리스만 A를 15개 모으기"," 게임 메인화면으로 돌아가거나 브라우저를 새로고침하면 최신 정보가 반영됩니다. 이 루트를 클리어하면 B루트는 진행할 수 없게 됩니다.,"
357,4,357,"1/10007/2/0+1/10008/2/0",356,,0,"タリスマンCを5個集める",5," エントランスに戻るかブラウザのリロードを行う事で最新の値が反映されます。 ","2013-07-17 04:00:00 UTC","2013-07-31 04:00:00 UTC","탈리스만 C를 5개 모으기"," 게임 메인화면으로 돌아가거나 브라우저를 새로고침하면 최신 정보가 반영됩니다."
358,4,358,"1/20018/1/0+1/10009/5/0",357,,0,"タリスマンCを20個集める",20," エントランスに戻るかブラウザのリロードを行う事で最新の値が反映されます。 ","2013-07-17 04:00:00 UTC","2013-07-31 04:00:00 UTC","탈리스만 C를 20개 모으기"," 게임 메인화면으로 돌아가거나 브라우저를 새로고침하면 최신 정보가 반영됩니다."
359,4,359,"3/46/1",358,,0,"タリスマンA・B・Cを30個ずつ集める",30," エントランスに戻るかブラウザのリロードを行う事で最新の値が反映されます。 ","2013-07-17 04:00:00 UTC","2013-07-31 04:00:00 UTC","탈리스만 A・B・C를 30개씩 모으기"," 게임 메인화면으로 돌아가거나 브라우저를 새로고침하면 최신 정보가 반영됩니다."
360,4,360,"3/2/1/0+3/6/1/0",0,,0,"タリスマンBを3個集める",3," エントランスに戻るかブラウザのリロードを行う事で最新の値が反映されます。 ","2013-07-17 04:00:00 UTC","2013-07-31 04:00:00 UTC","탈리스만 B를 3개 모으기"," 게임 메인화면으로 돌아가거나 브라우저를 새로고침하면 최신 정보가 반영됩니다."
361,4,361,"1/20018/1/0+1/10006/2/0",360,"355+356",0,"タリスマンBを15個集める",15," エントランスに戻るかブラウザのリロードを行う事で最新の値が反映されます。 このレコードをクリアするとAルートは進行できなくなります","2013-07-17 04:00:00 UTC","2013-07-31 04:00:00 UTC","탈리스만 B를 15개 모으기"," 게임 메인화면으로 돌아가거나 브라우저를 새로고침하면 최신 정보가 반영됩니다.  이 루트를 클리어하면 A루트는 진행할 수 없게 됩니다.,"
362,4,362,"1/10007/2/0+1/10008/2/0",361,,0,"タリスマンCを5個集める",5," エントランスに戻るかブラウザのリロードを行う事で最新の値が反映されます。 ","2013-07-17 04:00:00 UTC","2013-07-31 04:00:00 UTC","탈리스만 C를 5개 모으기"," 게임 메인화면으로 돌아가거나 브라우저를 새로고침하면 최신 정보가 반영됩니다."
363,4,363,"1/20017/1/0+1/10009/5/0",362,,0,"タリスマンCを20個集める",20," エントランスに戻るかブラウザのリロードを行う事で最新の値が反映されます。 ","2013-07-17 04:00:00 UTC","2013-07-31 04:00:00 UTC","탈리스만 C를 20개 모으기"," 게임 메인화면으로 돌아가거나 브라우저를 새로고침하면 최신 정보가 반영됩니다."
364,4,364,"3/46/1",363,,0,"タリスマンA・B・Cを30個ずつ集める  ",30," エントランスに戻るかブラウザのリロードを行う事で最新の値が反映されます。 ","2013-07-17 04:00:00 UTC","2013-07-31 04:00:00 UTC","탈리스만 A・B・C를30개씩 모으기"," 게임 메인화면으로 돌아가거나 브라우저를 새로고침하면 최신 정보가 반영됩니다."
365,4,365,"2/162/1/0",0,,0,"Lv3タイレルを入手する",453,,"2013-07-31 04:00:00 UTC","2013-08-14 04:00:00 UTC","3레벨의 [타이렐] 획득하기!",
366,4,366,"4/277/1+3/2/1/0+3/11/1/0",0,,0,"クエストポイントを10獲得する",10,"レコード達成に必要なクエストポイントは累計値です。","2013-08-07 04:00:00 UTC","2013-08-28 04:00:00 UTC","퀘스트포인트 [10포인트] 획득하기","레코드 달성에 필요한 퀘스트 포인트는 합산치입니다."
367,4,367,"4/278/1+1/10006/2/0",366,,0,"クエストポイントを50獲得する",50,"レコード達成に必要なクエストポイントは累計値です。","2013-08-07 04:00:00 UTC","2013-08-28 04:00:00 UTC","퀘스트포인트 [50포인트] 획득하기","레코드 달성에 필요한 퀘스트 포인트는 합산치입니다."
368,4,368,"4/279/1+1/10007/2/0",367,,0,"クエストポイントを100獲得する",100,"レコード達成に必要なクエストポイントは累計値です。","2013-08-07 04:00:00 UTC","2013-08-28 04:00:00 UTC","퀘스트포인트 [100포인트] 획득하기","레코드 달성에 필요한 퀘스트 포인트는 합산치입니다."
369,4,369,"4/280/1+1/10008/2/0",368,,0,"クエストポイントを300獲得する",300,"レコード達成に必要なクエストポイントは累計値です。","2013-08-07 04:00:00 UTC","2013-08-28 04:00:00 UTC","퀘스트포인트 [300포인트] 획득하기","레코드 달성에 필요한 퀘스트 포인트는 합산치입니다."
370,4,370,"2/1/1+1/10009/2/0",369,,0,"クエストポイントを500獲得する",500,"レコード達成に必要なクエストポイントは累計値です。","2013-08-07 04:00:00 UTC","2013-08-28 04:00:00 UTC","퀘스트포인트 [500포인트] 획득하기","레코드 달성에 필요한 퀘스트 포인트는 합산치입니다."
371,4,371,"2/2/1+1/10010/2/0",370,,0,"クエストポイントを700獲得する",700,"レコード達成に必要なクエストポイントは累計値です。","2013-08-07 04:00:00 UTC","2013-08-28 04:00:00 UTC","퀘스트포인트 [700포인트] 획득하기","레코드 달성에 필요한 퀘스트 포인트는 합산치입니다."
372,4,372,"4/281/1+1/10012/1/0",371,,0,"クエストポイントを1000獲得する",1000,"レコード達成に必要なクエストポイントは累計値です。","2013-08-07 04:00:00 UTC","2013-08-28 04:00:00 UTC","퀘스트포인트 [1000포인트] 획득하기","레코드 달성에 필요한 퀘스트 포인트는 합산치입니다."
373,4,373,"2/165/1/+3/50/1/0",372,,0,"クエストポイントを2000獲得する",2000,"レコード達成に必要なクエストポイントは累計値です。","2013-08-07 04:00:00 UTC","2013-08-28 04:00:00 UTC","퀘스트포인트 [2000포인트] 획득하기","레코드 달성에 필요한 퀘스트 포인트는 합산치입니다."
374,4,374,"2/166/1/+3/50/1/0",373,,0,"クエストポイントを3000獲得する",3000,"レコード達成に必要なクエストポイントは累計値です。","2013-08-07 04:00:00 UTC","2013-08-28 04:00:00 UTC","퀘스트포인트 [3000포인트] 획득하기","레코드 달성에 필요한 퀘스트 포인트는 합산치입니다."
375,4,375,"2/168/1/0",0,,0,"Lv3ルディアを入手する",463,,"2013-09-04 04:00:00 UTC","2013-09-18 04:00:00 UTC","3레벨의 [루디아] 획득하기!",
376,4,376,"2/33/1/2",0,,0,"新たに武器カードを1枚取得する ",1,,,,"새롭게 무기 카드 [1장] 획득하기",
377,4,377,"2/34/1/2",376,,0,"新たに武器カードを3枚取得する ",3,,,,"새롭게 무기 카드 [3장] 획득하기",
378,4,378,"3/2/1+3/6/1",0,,0,"ドールアイ（橙）を1個獲得する",1,"レコード達成に必要なアイテム数は累計値です。","2013-09-18 04:00:00 UTC","2013-10-02 04:00:00 UTC","인형의 눈（귤색）을 1개 획득하기","레코드 달성에 필요한 아이템 수는 합계 수치입니다."
379,4,379,"4/126/1+3/29/1+1/10006/1",378,,0,"ドールアイ（橙）を5個獲得する",5,"レコード達成に必要なアイテム数は累計値です。","2013-09-18 04:00:00 UTC","2013-10-02 04:00:00 UTC","인형의 눈（귤색）을 5개 획득하기","레코드 달성에 필요한 아이템 수는 합계 수치입니다."
380,4,380,"4/127/1+3/29/1+1/10007/1",379,,0,"ドールアイ（橙）を15個獲得する",15,"レコード達成に必要なアイテム数は累計値です。","2013-09-18 04:00:00 UTC","2013-10-02 04:00:00 UTC","인형의 눈（귤색）을 15개 획득하기","레코드 달성에 필요한 아이템 수는 합계 수치입니다."
381,4,381,"4/128/1+3/29/1+3/50/1+1/10008/1",380,,0,"ドールアイ（橙）を30個獲得する",30,"レコード達成に必要なアイテム数は累計値です。","2013-09-18 04:00:00 UTC","2013-10-02 04:00:00 UTC","인형의 눈（귤색）을 30개 획득하기","레코드 달성에 필요한 아이템 수는 합계 수치입니다."
382,4,382,"2/57/1/0",381,,0,"ドールアイ（橙）を50個獲得する",50,"レコード達成に必要なアイテム数は累計値です。","2013-09-18 04:00:00 UTC","2013-10-02 04:00:00 UTC","인형의 눈（귤색）을 50개 획득하기","레코드 달성에 필요한 아이템 수는 합계 수치입니다."
383,4,383,"3/2/1+3/6/1",0,,0,"ドールアイ（紫）を1個獲得する",1,"レコード達成に必要なアイテム数は累計値です。","2013-09-18 04:00:00 UTC","2013-10-02 04:00:00 UTC","인형의 눈（보라색）을 1개 획득하기","레코드 달성에 필요한 아이템 수는 합계 수치입니다."
384,4,384,"4/135/1+3/29/1+1/10006/1",383,,0,"ドールアイ（紫）を5個獲得する",5,"レコード達成に必要なアイテム数は累計値です。","2013-09-18 04:00:00 UTC","2013-10-02 04:00:00 UTC","인형의 눈（보라색）을 5개 획득하기","레코드 달성에 필요한 아이템 수는 합계 수치입니다."
385,4,385,"4/136/1+3/29/1+1/10007/1",384,,0,"ドールアイ（紫）を15個獲得する",15,"レコード達成に必要なアイテム数は累計値です。","2013-09-18 04:00:00 UTC","2013-10-02 04:00:00 UTC","인형의 눈（보라색）을 15개 획득하기","레코드 달성에 필요한 아이템 수는 합계 수치입니다."
386,4,386,"4/137/1+3/29/1+3/50/1+1/10008/1",385,,0,"ドールアイ（紫）を30個獲得する",30,"レコード達成に必要なアイテム数は累計値です。","2013-09-18 04:00:00 UTC","2013-10-02 04:00:00 UTC","인형의 눈（보라색）을 30개 획득하기","레코드 달성에 필요한 아이템 수는 합계 수치입니다."
387,4,387,"2/72/1/0",386,,0,"ドールアイ（紫）を50個獲得する",50,"レコード達成に必要なアイテム数は累計値です。","2013-09-18 04:00:00 UTC","2013-10-02 04:00:00 UTC","인형의 눈（보라색）을 50개 획득하기","레코드 달성에 필요한 아이템 수는 합계 수치입니다."
388,4,388,"4/289/1+3/3/1+3/7/1",0,,0,"ドールアイ（金）を1個獲得する",1,"レコード達成に必要なアイテム数は累計値です。","2013-09-18 04:00:00 UTC","2013-10-02 04:00:00 UTC","인형의 눈（금색）을 1개 획득하기","레코드 달성에 필요한 아이템 수는 합계 수치입니다."
389,4,389,"4/287/1+1/10009/1+3/27/1",388,,0,"ドールアイ（金）を5個獲得する",5,"レコード達成に必要なアイテム数は累計値です。","2013-09-18 04:00:00 UTC","2013-10-02 04:00:00 UTC","인형의 눈（금색）을 5개 획득하기","레코드 달성에 필요한 아이템 수는 합계 수치입니다."
390,4,390,"4/286/1+1/10010/1+3/27/1",389,,0,"ドールアイ（金）を15個獲得する",15,"レコード達成に必要なアイテム数は累計値です。","2013-09-18 04:00:00 UTC","2013-10-02 04:00:00 UTC","인형의 눈（금색）을 15개 획득하기","레코드 달성에 필요한 아이템 수는 합계 수치입니다."
391,4,391,"4/288/1+1/10009/2+1/10010/2+3/27/1",390,,0,"ドールアイ（金）を30個獲得する",30,"レコード達成に必要なアイテム数は累計値です。","2013-09-18 04:00:00 UTC","2013-10-02 04:00:00 UTC","인형의 눈（금색）을 30개 획득하기","레코드 달성에 필요한 아이템 수는 합계 수치입니다."
392,4,392,"2/78/1+1/10012/1+3/37/1",391,,0,"ドールアイ（金）を50個獲得する",50,"レコード達成に必要なアイテム数は累計値です。","2013-09-18 04:00:00 UTC","2013-10-02 04:00:00 UTC","인형의 눈（금색）을 50개 획득하기","레코드 달성에 필요한 아이템 수는 합계 수치입니다."
393,4,393,"2/171/1/0",0,,0,"Lv3ヴィルヘルムを入手する",473,,"2013-10-02 04:00:00 UTC","2013-10-16 04:00:00 UTC","3레벨의 [빌헬름] 획득하기!",
394,4,394,"2/174/1/0",0,,0,"Lv3メリーを入手する",483,,"2013-10-30 04:00:00 UTC","2013-11-13 04:00:00 UTC","3레벨의 [메리] 획득하기!",
395,4,395,"4/309/1+1/10006/1/0",0,,0,"A中隊のタグを5個集める",5,"レコード達成に必要なアイテム数は累計値です。","2013-11-20 04:00:00 UTC","2013-12-04 04:00:00 UTC","A중대의 태그를 [5개] 모으기","레코드 달성에 필요한 아이템 수는 합계 수치입니다."
396,4,396,"4/308/1+1/10007/1/0",395,,0,"A中隊のタグを15個集める",15,"レコード達成に必要なアイテム数は累計値です。","2013-11-20 04:00:00 UTC","2013-12-04 04:00:00 UTC","A중대의 태그를 [15개] 모으기","레코드 달성에 필요한 아이템 수는 합계 수치입니다."
397,4,397,"4/307/1+1/10008/1/0",396,,0,"A中隊のタグを30個集める",30,"レコード達成に必要なアイテム数は累計値です。","2013-11-20 04:00:00 UTC","2013-12-04 04:00:00 UTC","A중대의 태그를 [30개] 모으기","레코드 달성에 필요한 아이템 수는 합계 수치입니다."
398,4,398,"2/48/1/0+1/10009/1/0",397,,0,"A中隊のタグを50個集める",50,"レコード達成に必要なアイテム数は累計値です。","2013-11-20 04:00:00 UTC","2013-12-04 04:00:00 UTC","A중대의 태그를 [50개] 모으기","레코드 달성에 필요한 아이템 수는 합계 수치입니다."
399,4,399,"4/306/1+1/10006/1/0",0,,0,"F中隊のタグを5個集める",5,"レコード達成に必要なアイテム数は累計値です。","2013-11-20 04:00:00 UTC","2013-12-04 04:00:00 UTC","F중대의 태그를 [5개] 모으기","레코드 달성에 필요한 아이템 수는 합계 수치입니다."
400,4,400,"4/305/1+1/10007/1/0",399,,0,"F中隊のタグを15個集める",15,"レコード達成に必要なアイテム数は累計値です。","2013-11-20 04:00:00 UTC","2013-12-04 04:00:00 UTC","F중대의 태그를 [15개] 모으기","레코드 달성에 필요한 아이템 수는 합계 수치입니다."
401,4,401,"4/304/1+1/10008/1/0",400,,0,"F中隊のタグを30個集める",30,"レコード達成に必要なアイテム数は累計値です。","2013-11-20 04:00:00 UTC","2013-12-04 04:00:00 UTC","F중대의 태그를 [30개] 모으기","레코드 달성에 필요한 아이템 수는 합계 수치입니다."
402,4,402,"2/39/1/0+1/10009/1/0",401,,0,"F中隊のタグを50個集める",50,"レコード達成に必要なアイテム数は累計値です。","2013-11-20 04:00:00 UTC","2013-12-04 04:00:00 UTC","F중대의 태그를 [50개] 모으기","레코드 달성에 필요한 아이템 수는 합계 수치입니다."
403,4,403,"4/192/1+1/10006/1/0",0,,0,"D中隊のタグを5個集める",5,"レコード達成に必要なアイテム数は累計値です。","2013-11-20 04:00:00 UTC","2013-12-04 04:00:00 UTC","D중대의 태그를 [5개] 모으기","레코드 달성에 필요한 아이템 수는 합계 수치입니다."
404,4,404,"4/193/1+1/10007/1/0",403,,0,"D中隊のタグを15個集める",15,"レコード達成に必要なアイテム数は累計値です。","2013-11-20 04:00:00 UTC","2013-12-04 04:00:00 UTC","D중대의 태그를 [15개] 모으기","레코드 달성에 필요한 아이템 수는 합계 수치입니다."
405,4,405,"4/194/1+1/10008/1/0",404,,0,"D中隊のタグを30個集める",30,"レコード達成に必要なアイテム数は累計値です。","2013-11-20 04:00:00 UTC","2013-12-04 04:00:00 UTC","D중대의 태그를 [30개] 모으기","레코드 달성에 필요한 아이템 수는 합계 수치입니다."
406,4,406,"2/63/1/0+1/10009/1/0",405,,0,"D中隊のタグを50個集める",50,"レコード達成に必要なアイテム数は累計値です。","2013-11-20 04:00:00 UTC","2013-12-04 04:00:00 UTC","D중대의 태그를 [50개] 모으기","레코드 달성에 필요한 아이템 수는 합계 수치입니다."
407,4,407,"4/195/1+1/10006/1/0",0,,0,"E中隊のタグを5個集める",5,"レコード達成に必要なアイテム数は累計値です。","2013-11-20 04:00:00 UTC","2013-12-04 04:00:00 UTC","E중대의 태그를 [5개] 모으기","레코드 달성에 필요한 아이템 수는 합계 수치입니다."
408,4,408,"4/196/1+1/10007/1/0",407,,0,"E中隊のタグを15個集める",15,"レコード達成に必要なアイテム数は累計値です。","2013-11-20 04:00:00 UTC","2013-12-04 04:00:00 UTC","E중대의 태그를 [15개] 모으기","레코드 달성에 필요한 아이템 수는 합계 수치입니다."
409,4,409,"4/197/1+1/10008/1/0",408,,0,"E中隊のタグを30個集める",30,"レコード達成に必要なアイテム数は累計値です。","2013-11-20 04:00:00 UTC","2013-12-04 04:00:00 UTC","E중대의 태그를 [30개] 모으기","레코드 달성에 필요한 아이템 수는 합계 수치입니다."
410,4,410,"2/96/1/0+1/10009/1/0",409,,0,"E中隊のタグを50個集める",50,"レコード達成に必要なアイテム数は累計値です。","2013-11-20 04:00:00 UTC","2013-12-04 04:00:00 UTC","E중대의 태그를 [50개] 모으기","레코드 달성에 필요한 아이템 수는 합계 수치입니다."
411,4,411,"3/3/1/0",0,,0,"タグを15個集める",15,"レコード達成に必要なアイテム数は累計値です。","2013-11-20 04:00:00 UTC","2013-12-04 04:00:00 UTC","태그를 [15개] 모으기","레코드 달성에 필요한 아이템 수는 합계 수치입니다."
412,4,412,"3/3/1/0",411,,0,"タグを30個集める",30,"レコード達成に必要なアイテム数は累計値です。","2013-11-20 04:00:00 UTC","2013-12-04 04:00:00 UTC","태그를 [30개] 모으기 ","레코드 달성에 필요한 아이템 수는 합계 수치입니다."
413,4,413,"2/66/1/0",412,,0,"指定の武器を2種類集める",0,"スリースターズ・アーティオブレジメント・ナイトブリンガー・黒耀刀のうち、2種類を取得する。","2013-11-20 04:00:00 UTC","2013-12-04 04:00:00 UTC","지정 무기를 2개 모으기","파괴의 장총,레지멘트의 유물,빛의 성검,흑요도 중 2개를 획득한다."
414,4,414,"3/6/1/0",0,,0,"3vs3デュエルを10回行う",10,"「鬼武者Soul」とのコラボレーション用レコード。ブラウザのリロードを行う事で最新の値が反映されます。※ニコニコアプリ版以外では使用しない","2023-11-12 06:00:00 UTC","2023-12-02 02:59:00 UTC","3vs3듀얼을 [10회] 실시하기!"," [귀무자Soul] 콜라보레이션용 레코드."
