"id","kind","cond","items","prerequisite","exclusion","loop","caption","success_cond","explanation","event_start_at","event_end_at"
1,0,1,"3/9/1/0",0,,0,"Avatar Baru!",0,,"2011-09-14 05:31:00 UTC",
2,0,2,"3/9/1/0",1,,0,"Avatar mencapai LV 3.",3,,"2011-09-14 05:31:00 UTC",
3,0,3,"3/9/1/0",2,,0,"Avatar mencapai LV 5.",5,,"2011-09-14 05:31:00 UTC",
4,0,4,"3/9/1/0",3,,0,"Avatar mencapai LV 10.",10,,"2011-09-14 05:31:00 UTC",
5,0,5,"3/9/1/0",4,,0,"Avatar mencapai LV 15.",15,,"2011-09-14 05:31:00 UTC",
6,0,6,"3/9/1/0",5,,0,"Avatar mencapai LV 20.",20,,"2011-09-14 05:31:00 UTC",
7,0,7,"3/9/2/0",6,,0,"Avatar mencapai LV 30.",30,,"2011-09-14 05:31:00 UTC",
8,0,8,"3/9/2/0",7,,0,"Avatar mencapai LV 40.",40,,"2011-09-14 05:31:00 UTC",
9,0,9,"3/9/2/0",8,,0,"Avatar mencapai LV 50.",50,,"2011-09-14 05:31:00 UTC",
10,0,10,"3/9/2/0",9,,0,"Avatar mencapai LV 60.",60,,"2011-09-14 05:31:00 UTC",
11,0,11,"3/9/3/0",10,,0,"Avatar mencapai LV 70.",70,,"2011-09-14 05:31:00 UTC",
12,0,12,"3/9/3/0",11,,0,"Avatar mencapai LV 80.",80,,"2011-09-14 05:31:00 UTC",
13,0,13,"3/9/3/0",12,,0,"Avatar mencapai LV 90.",90,,"2011-09-14 05:31:00 UTC",
14,0,14,"3/9/5/0",13,,0,"Avatar mencapai LV 100.",100,,"2011-09-14 05:31:00 UTC",
15,0,15,"3/9/5/0",14,,0,"Avatar mencapai LV 110.",110,,"2011-09-14 05:31:00 UTC",
16,0,16,"3/9/5/0",15,,0,"Avatar mencapai LV 120.",120,,"2011-09-14 05:31:00 UTC",
17,0,17,"3/9/5/0",16,,0,"Avatar mencapai LV 130.",130,,"2011-09-14 05:31:00 UTC",
18,0,18,"3/9/5/0",17,,0,"Avatar mencapai LV 140.",140,,"2011-09-14 05:31:00 UTC",
19,0,19,"3/9/10/0",18,,0,"Avatar mencapai LV 150.",150,,"2011-09-14 05:31:00 UTC",
20,1,20,"3/8/1/0",0,,0,"Menang Duel!",1,,"2011-09-14 05:31:00 UTC",
21,1,21,"3/8/1/0",20,,0,"Menang 10 Duel.",10,,"2011-09-14 05:31:00 UTC",
22,1,22,"3/8/1/0",21,,0,"Menang 30 Duel.",30,,"2011-09-14 05:31:00 UTC",
23,1,23,"3/8/1/0",22,,0,"Menang 50 Duel.",50,,"2011-09-14 05:31:00 UTC",
24,1,24,"4/80/1",23,,0,"Menang 100 Duel.",100,,"2011-09-14 05:31:00 UTC",
25,1,25,"3/8/2/0",24,,0,"Menang 250 Duel.",250,,"2011-09-14 05:31:00 UTC",
26,1,26,"4/81/1",25,,0,"Menang 500 Duel.",500,,"2011-09-14 05:31:00 UTC",
27,1,27,"3/8/2/0",26,,0,"Menang 750 Duel.",750,,"2011-09-14 05:31:00 UTC",
28,1,28,"4/82/1",27,,0,"Menang 1000 Duel.",1000,,"2011-09-14 05:31:00 UTC",
29,1,29,"3/8/4/0",28,,0,"Menang 1500 Duel.",1500,,"2011-09-14 05:31:00 UTC",
30,1,30,"3/8/5/0",29,,0,"Menang 2000 Duel.",2000,,"2011-09-14 05:31:00 UTC",
31,2,31,"3/3/1/0+5/0/3000/0",0,,0,"Menyelesaikan peta pertama.",0,"Menyelesaikan [Witch Valley].","2011-09-14 05:31:00 UTC",
32,2,32,"4/86/1",31,,0,"Menyelesaikan HexRealm.",0,"Menyelesaikan [HexRealm].","2011-09-14 05:31:00 UTC",
33,2,33,"4/87/1",32,,0,"Menyelesaikan ShadowLand.",0,"Menyelesaikan [ShadowLand].","2011-09-14 05:31:00 UTC",
34,2,34,"4/88/1",33,,0,"Menyelesaikan MoonLand.",0,"Menyelesaikan [MoonLand].","2011-09-14 05:31:00 UTC",
35,2,35,"4/138/1",34,,0,"Menyelesaikan Anemonea.",0,"Menyelesaikan [Anemonea].","2011-09-14 05:31:00 UTC",
36,2,36,"4/230/1+4/231/1",35,,0,"Menyelesaikan Angelland.",0,"Menyelesaikan [Angelland].","2011-09-14 05:31:00 UTC",
37,3,37,"3/3/1/0",0,,0,"Mengirimkan 1 Invite.",1,,"2011-09-14 05:31:00 UTC",
38,3,38,"3/9/1/0",37,,0,"Mengirimkan 5 Invite.",5,,"2011-09-14 05:31:00 UTC",
39,3,39,"3/27/1",38,,0,"Mengirimkan 10 Invite.",10,,"2011-09-14 05:31:00 UTC",
40,3,40,"3/9/3/0",39,,0,"Mengirimkan 30 Invite.",30,,"2011-09-14 05:31:00 UTC",
41,3,41,"3/28/1",40,,0,"Mengirimkan 50 Invite.",50,,"2011-09-14 05:31:00 UTC",
42,3,42,"3/9/5/0",41,,0,"Mengirimkan 100 Invite.",100,,"2011-09-14 05:31:00 UTC",
43,4,43,"4/96/1",0,,0,"Mengumpulkan 5 kepingan Anniversary Coin.",0,,"2011-09-14 05:31:00 UTC","2011-11-02 03:00:00 UTC"
44,4,44,"4/95/1",43,,0,"Mengumpulkan 10 kepingan Anniversary Coin.",0,,"2011-09-14 05:31:00 UTC","2011-11-02 03:00:00 UTC"
45,4,45,"4/94/1",44,,0,"Mengumpulkan 15 kepingan Anniversary Coin.",0,,"2011-09-14 05:31:00 UTC","2011-11-02 03:00:00 UTC"
46,4,46,"1/201/1",45,,0,"Mengumpulkan 20 kepingan Anniversary Coin.",0,,"2011-09-14 05:31:00 UTC","2011-11-02 03:00:00 UTC"
47,4,47,"4/99/1",46,,0,"Mengumpulkan 30 kepingan Anniversary Coin.",0,,"2011-09-14 05:31:00 UTC","2011-11-02 03:00:00 UTC"
48,4,48,"4/97/1+4/98/1",34,,0,"Mengalahkan Ubos!",0,"Menyelesaikan [Ubos Lake].","2011-09-14 05:31:00 UTC",
49,4,49,"3/30/1+4/100/1",0,,0,"Mengumpulkan Quest ☆1・☆2・☆3 secara bersamaan!",0,,"2011-09-14 05:31:00 UTC","2011-11-02 03:00:00 UTC"
50,4,50,"3/30/1+4/101/1",0,,0,"Mengumpulkan Quest ☆4・☆5・☆6 secara bersamaan!",0,,"2011-09-14 05:31:00 UTC","2011-11-02 03:00:00 UTC"
51,4,51,"3/30/1+4/102/1",0,,0,"Mengumpulkan Quest ☆7・☆8・☆9 secara bersamaan!",0,,"2011-09-14 05:31:00 UTC","2011-11-02 03:00:00 UTC"
52,4,52,"3/38/1+4/109/1",0,,0,"Mendapatkan Rosso LV1.",0,,"2011-09-14 05:31:00 UTC","2011-11-30 03:00:00 UTC"
53,4,53,"3/38/1+4/110/1",52,,0,"Mendapatkan Rosso LV3.",0,,"2011-09-14 05:31:00 UTC","2011-11-30 03:00:00 UTC"
54,4,54,"3/38/1+2/59/1/2",53,,0,"Mendapatkan Rosso LV5.",0,,"2011-09-14 05:31:00 UTC","2011-11-30 03:00:00 UTC"
55,4,55,"3/38/1+4/106/1",0,,0,"Mendapatkan Evil Hare LV1.",0,,"2011-09-14 05:31:00 UTC","2011-11-30 03:00:00 UTC"
56,4,56,"3/38/1+4/108/1+4/107/1",55,,0,"Mendapatkan 3 White Great Hare LV2 & LV3, Werewolf LV2.",0,,"2011-09-14 05:31:00 UTC","2011-11-30 03:00:00 UTC"
57,4,57,"3/38/1+2/60/1/2",56,,0,"Mendapatkan 3 Evil Hare LV3, Lycanthrope LV3, & Red Cap LV3.",0,,"2011-09-14 05:31:00 UTC","2011-11-30 03:00:00 UTC"
58,4,58,"3/38/1+3/39/1",0,,0,"Menyelesaikan misi rahasia.",0,,"2011-09-14 05:31:00 UTC","2011-11-30 03:00:00 UTC"
59,4,59,"3/29/1+4/111/1",0,,0,"Membunuh Cramps.",0,,"2011-09-14 05:31:00 UTC","2011-12-28 03:00:00 UTC"
60,4,60,"3/27/1+4/112/1",59,,0,"Membunuh 3 Cramps.",0,,"2011-09-14 05:31:00 UTC","2011-12-28 03:00:00 UTC"
61,4,61,"3/28/1+4/113/1",60,,0,"Membunuh 5 Cramps.",0,,"2011-09-14 05:31:00 UTC","2011-12-28 03:00:00 UTC"
62,4,62,"1/20004/1+4/114/1",61,,0,"Membunuh 10 Cramps.",0,,"2011-09-14 05:31:00 UTC","2011-12-28 03:00:00 UTC"
63,4,63,"1/10006/5+3/43/3",0,,0,"Menyelesaikan misi rahasia.",0,,"2011-12-14 06:00:00 UTC","2011-12-28 03:00:00 UTC"
64,4,64,"1/10007/5+3/43/5",63,,0,"Menyelesaikan misi rahasia 2.",0,,"2011-12-14 06:00:00 UTC","2011-12-28 03:00:00 UTC"
65,4,65,"1/10008/5+3/43/10",64,,0,"Menyelesaikan misi rahasia 3.",0,,"2011-12-14 06:00:00 UTC","2011-12-28 03:00:00 UTC"
66,4,66,"2/99/1/0",0,,0,"Mendapatkan Milian Level 3.",243,,"2012-02-15 06:00:00 UTC","2012-02-29 03:00:00 UTC"
67,4,67,"3/27/1",0,,0,"Menjalankan 5 duel.",0,,"2012-01-18 06:00:00 UTC","2012-02-01 03:00:00 UTC"
68,4,68,"4/124/1",67,,0,"Menjalankan 10 duel.",0,,"2012-01-18 06:00:00 UTC","2012-02-01 03:00:00 UTC"
69,4,69,"4/121/1",68,,0,"Menjalankan 30 duel.",0,,"2012-01-18 06:00:00 UTC","2012-02-01 03:00:00 UTC"
70,4,70,"2/24/1/0",69,,0,"Menjalankan 60 duel.",0,,"2012-01-18 06:00:00 UTC","2012-02-01 03:00:00 UTC"
71,4,71,"3/39/1",70,,0,"Menjalankan 110 duel.",0,,"2012-01-18 06:00:00 UTC","2012-02-01 03:00:00 UTC"
72,4,72,"3/24/1",0,,0,"Menyelesaikan misi rahasia.",0,,"2012-01-18 06:00:00 UTC","2012-02-01 03:00:00 UTC"
73,1,73,"4/125/1",30,,0,"Memenangkan 3000 duel.",3000,,"2011-09-14 05:31:00 UTC",
74,4,74,"2/102/1/0",0,,0,"Mendapatkan Walken LV3.",253,,"2012-02-01 06:00:00 UTC","2012-02-15 03:00:00 UTC"
75,4,75,"4/126/1+3/26/1",0,"79+83+87",0,"Menyelesaikan [Sheri Invitation] 3x.",0,,"2012-02-08 06:00:00 UTC","2012-02-22 03:00:00 UTC"
76,4,76,"4/127/1+3/17/1",75,,0,"Menyelesaikan [Sheri Invitation] 8x.",0,,"2012-02-08 06:00:00 UTC","2012-02-22 03:00:00 UTC"
77,4,77,"4/128/1+3/37/1",76,,0,"Menyelesaikan [Sheri Invitation] 15x.",0,,"2012-02-08 06:00:00 UTC","2012-02-22 03:00:00 UTC"
78,4,78,"2/57/1/0",77,,0,"Menyelesaikan [Sheri Invitation] 30x.",0,,"2012-02-08 06:00:00 UTC","2012-02-22 03:00:00 UTC"
79,4,79,"4/129/1+3/26/1",0,"75+83+87",0,"Menyelesaikan [Ayn Invitation] 3x.",0,,"2012-02-08 06:00:00 UTC","2012-02-22 03:00:00 UTC"
80,4,80,"4/130/1+3/17/1",79,,0,"Menyelesaikan [Ayn Invitation] 8x.",0,,"2012-02-08 06:00:00 UTC","2012-02-22 03:00:00 UTC"
81,4,81,"4/131/1+3/37/1",80,,0,"Menyelesaikan [Ayn Invitation] 15x.",0,,"2012-02-08 06:00:00 UTC","2012-02-22 03:00:00 UTC"
82,4,82,"2/60/1/0",81,,0,"Menyelesaikan [Ayn Invitation] 30x.",0,,"2012-02-08 06:00:00 UTC","2012-02-22 03:00:00 UTC"
83,4,83,"4/132/1+3/26/1",0,"75+79+87",0,"Menyelesaikan [Marguerite Invitation] 3x.",0,,"2012-02-08 06:00:00 UTC","2012-02-22 03:00:00 UTC"
84,4,84,"4/133/1+3/17/1",83,,0,"Menyelesaikan [Marguerite Invitation] 8x.",0,,"2012-02-08 06:00:00 UTC","2012-02-22 03:00:00 UTC"
85,4,85,"4/134/1+3/37/1",84,,0,"Menyelesaikan [Marguerite Invitation] 15x.",0,,"2012-02-08 06:00:00 UTC","2012-02-22 03:00:00 UTC"
86,4,86,"2/69/1/0",85,,0,"Menyelesaikan [Marguerite Invitation] 30x.",0,,"2012-02-08 06:00:00 UTC","2012-02-22 03:00:00 UTC"
87,4,87,"4/135/1+3/26/1",0,"75+79+83",0,"Menyelesaikan [Donita Invitation] 3x.",0,,"2012-02-08 06:00:00 UTC","2012-02-22 03:00:00 UTC"
88,4,88,"4/136/1+3/17/1",87,,0,"Menyelesaikan [Donita Invitation] 8x.",0,,"2012-02-08 06:00:00 UTC","2012-02-22 03:00:00 UTC"
89,4,89,"4/137/1+3/37/1",88,,0,"Menyelesaikan [Donita Invitation] 15x.",0,,"2012-02-08 06:00:00 UTC","2012-02-22 03:00:00 UTC"
90,4,90,"2/72/1/0",89,,0,"Menyelesaikan [Donita Invitation] 30x.",0,,"2012-02-08 06:00:00 UTC","2012-02-22 03:00:00 UTC"
91,4,91,"2/108/1/0",0,,0,"Mendapatkan Palmo LV3.",273,,"2012-02-29 06:00:00 UTC","2012-03-14 03:00:00 UTC"
92,4,92,"4/139/1+3/25/1",0,,0,"Menyelesaikan [Evarist Invitation] 3x.",0,,"2012-03-07 04:00:00 UTC","2012-03-21 03:00:00 UTC"
93,4,93,"4/140/1+3/21/1",92,,0,"Menyelesaikan [Evarist Invitation] 8x.",0,,"2012-03-07 04:00:00 UTC","2012-03-21 03:00:00 UTC"
94,4,94,"4/141/1+3/27/1",93,,0,"Menyelesaikan [Evarist Invitation] 15x.",0,,"2012-03-07 04:00:00 UTC","2012-03-21 03:00:00 UTC"
95,4,95,"2/27/1/0",94,,0,"Menyelesaikan [Evarist Invitation] 30x.",0,,"2012-03-07 04:00:00 UTC","2012-03-21 03:00:00 UTC"
96,4,96,"4/142/1+3/25/1",0,,0,"Menyelesaikan [Grunwald Invitation] 3x.",0,,"2012-03-07 04:00:00 UTC","2012-03-21 03:00:00 UTC"
97,4,97,"4/143/1+3/21/1",96,,0,"Menyelesaikan [Grunwald Invitation] 8x.",0,,"2012-03-07 04:00:00 UTC","2012-03-21 03:00:00 UTC"
98,4,98,"4/144/1+3/27/1",97,,0,"Menyelesaikan [Grunwald Invitation] 15x.",0,,"2012-03-07 04:00:00 UTC","2012-03-21 03:00:00 UTC"
99,4,99,"2/33/1/0",98,,0,"Menyelesaikan [Grunwald Invitation] 30x.",0,,"2012-03-07 04:00:00 UTC","2012-03-21 03:00:00 UTC"
100,4,100,"4/145/1+3/25/1",0,,0,"Menyelesaikan [Abel Invitation] 3x.",0,,"2012-03-07 04:00:00 UTC","2012-03-21 03:00:00 UTC"
101,4,101,"4/146/1+3/21/1",100,,0,"Menyelesaikan [Abel Invitation] 8x.",0,,"2012-03-07 04:00:00 UTC","2012-03-21 03:00:00 UTC"
102,4,102,"4/147/1+3/27/1",101,,0,"Menyelesaikan [Abel Invitation] 15x.",0,,"2012-03-07 04:00:00 UTC","2012-03-21 03:00:00 UTC"
103,4,103,"2/36/1/0",102,,0,"Menyelesaikan [Abel Invitation] 30x.",0,,"2012-03-07 04:00:00 UTC","2012-03-21 03:00:00 UTC"
104,4,104,"4/148/1+3/25/1",0,,0,"Menyelesaikan [Mysterious Invitation] 3x.",0,,"2012-03-07 04:00:00 UTC","2012-03-21 03:00:00 UTC"
105,4,105,"4/149/1+3/21/1",104,,0,"Menyelesaikan [Mysterious Invitation] 8x.",0,,"2012-03-07 04:00:00 UTC","2012-03-21 03:00:00 UTC"
106,4,106,"4/150/1+3/27/1",105,,0,"Menyelesaikan [Mysterious Invitation] 15x.",0,,"2012-03-07 04:00:00 UTC","2012-03-21 03:00:00 UTC"
107,4,107,"4/151/1+3/42/1",106,,0,"Menyelesaikan [Mysterious Invitation] 30x.",0,,"2012-03-07 04:00:00 UTC","2012-03-21 03:00:00 UTC"
108,4,108,"3/46/1",0,,0,"Menyelesaikan semua quest Invitation.",0,,"2012-03-07 04:00:00 UTC","2012-03-21 03:00:00 UTC"
109,4,109,"3/45/1",0,,0,"Memenangkan 5 duel.",0,,"2012-03-07 04:00:00 UTC","2012-03-21 03:00:00 UTC"
110,4,110,"3/45/2",109,,0,"Memenangkan 10 duel.",0,,"2012-03-07 04:00:00 UTC","2012-03-21 03:00:00 UTC"
111,4,111,"3/45/3",110,,0,"Memenangkan 25 duel.",0,,"2012-03-07 04:00:00 UTC","2012-03-21 03:00:00 UTC"
112,4,112,"3/45/5",111,,0,"Memenangkan 50 duel.",0,,"2012-03-07 04:00:00 UTC","2012-03-21 03:00:00 UTC"
113,4,113,"3/45/8",112,,0,"Memenangkan 100 duel.",0,,"2012-03-07 04:00:00 UTC","2012-03-21 03:00:00 UTC"
114,4,114,"3/45/15",113,,0,"Memenangkan 200 duel.",0,,"2012-03-07 04:00:00 UTC","2012-03-21 03:00:00 UTC"
115,4,115,"3/9/1/0",0,,0,"Mendapatkan surat suara voting karakter terpopuler.",0,,"2012-03-28 04:00:00 UTC","2012-04-04 03:00:00 UTC"
116,4,116,"2/111/1/0",0,,0,"Mendapatkan Asura LV3.",283,,"2012-04-04 04:00:00 UTC","2012-04-18 03:00:00 UTC"
117,4,117,"4/158/1/0",0,,0,"Mengumpulkan 7 bagian Secret Documents.",0,,"2012-04-18 04:00:00 UTC","2012-05-02 03:00:00 UTC"
118,4,118,"3/157/1/0",0,,0,"Menjalankan 50 duel.",0,,"2012-04-18 04:00:00 UTC","2012-05-02 03:00:00 UTC"
119,4,119,"2/105/1/0",0,,0,"Mendapatkan Florence LV3.",263,,"2012-05-02 04:00:00 UTC","2012-05-16 03:00:00 UTC"
120,4,120,"3/9/1/0",0,,0,"Menantang quest [Spring Ogre]!",0,,"2012-05-16 04:00:00 UTC","2012-05-30 06:00:00 UTC"
121,4,121,"3/21/1/0",0,,0,"Menjalankan quest [Goblin Parade] 10x (1 poin).",0,,"2012-05-16 04:00:00 UTC","2012-05-30 03:00:00 UTC"
122,4,122,"3/38/1/0",0,,0,"Menjalankan quest [Goblin King] 10x (5 poin).",0,,"2012-05-16 04:00:00 UTC","2012-05-30 03:00:00 UTC"
123,4,123,"1/10011/1/0",0,,0,"Menjalankan quest [Goblin Banquet] 10x (10 poin).",0,,"2012-05-16 04:00:00 UTC","2012-05-30 03:00:00 UTC"
124,4,124,"2/114/1/0",0,,0,"Mendapatkan Browning LV3.",293,,"2012-05-30 04:00:00 UTC","2012-06-13 03:00:00 UTC"
125,4,125,"4/165/1+1/10006/1/0",0,130,0,"Menjalankan [Sub-Female] 3x.",0,,"2012-06-06 04:00:00 UTC","2012-06-20 03:00:00 UTC"
126,4,126,"4/166/1+1/10007/1/0",125,,0,"Menjalankan [Engineer] 8x.",0,,"2012-06-06 04:00:00 UTC","2012-06-20 03:00:00 UTC"
127,4,127,"4/167/1+1/10008/1/0",126,,0,"Menjalankan [Sub-Man] 15x.",0,,"2012-06-06 04:00:00 UTC","2012-06-20 03:00:00 UTC"
128,4,128,"2/62/1/2+1/10010/1/0",127,,0,"Menjalankan [Female Engineer] 30x.",0,,"2012-06-06 04:00:00 UTC","2012-06-20 03:00:00 UTC"
129,4,129,"2/61/1/2+3/39/1/0",128,,0,"Menjalankan [Engineer] 50x.",0,,"2012-06-06 04:00:00 UTC","2012-06-20 03:00:00 UTC"
130,4,130,"4/162/1+1/10006/1/0",0,125,0,"Menjalankan [Female Engineer] 3x.",0,,"2012-06-06 04:00:00 UTC","2012-06-20 03:00:00 UTC"
131,4,131,"4/163/1+1/10007/1/0",130,,0,"Menjalankan [Sub-Man] 8x.",0,,"2012-06-06 04:00:00 UTC","2012-06-20 03:00:00 UTC"
132,4,132,"4/164/1+1/10008/1/0",131,,0,"Menjalankan [Engineer] 3x.",0,,"2012-06-06 04:00:00 UTC","2012-06-20 03:00:00 UTC"
133,4,133,"2/61/1/2+1/10009/1/0",132,,0,"Menjalankan [Sub-Female] 30x.",0,,"2012-06-06 04:00:00 UTC","2012-06-20 03:00:00 UTC"
134,4,134,"2/62/1/2+3/39/1/0",133,,0,"Menjalankan [Sub-Female] 50x.",0,,"2012-06-06 04:00:00 UTC","2012-06-20 03:00:00 UTC"
135,4,135,"4/168/1+3/51/1/0",0,,0,"Menjalankan 100 duel.",0,,"2012-06-06 04:00:00 UTC","2012-06-20 03:00:00 UTC"
136,4,136,"4/169/1+4/170/1",35,,0,"Membunuh Darkness Tower Guardian.",0,"Menyelesaikan [Tower of Darkness].","2012-06-20 04:00:00 UTC",
137,4,137,"3/39/1/0",0,,0,"Menangkap Darkness Tower Guardian",0,,"2012-06-20 04:00:00 UTC","2012-07-04 03:00:00 UTC"
138,4,138,"1/10006/1/0",0,,0,"Menjalankan 10 duel di channel [Alexander].",0,,"2012-06-27 04:00:00 UTC","2012-07-11 04:00:00 UTC"
139,4,139,"1/10007/1/0",138,,0,"Menjalankan 20 duel di channel [Alexander].",0,,"2012-06-27 04:00:00 UTC","2012-07-11 04:00:00 UTC"
140,4,140,"1/10008/1/0",139,,0,"Menjalankan 30 duel di channel [Alexander].",0,,"2012-06-27 04:00:00 UTC","2012-07-11 04:00:00 UTC"
141,4,141,"2/117/1/0",0,,0,"Mendapatkan Marseus LV3.",303,,"2012-07-04 04:00:00 UTC","2012-07-18 03:00:00 UTC"
142,4,142,"3/38/1+2/6/1/2",0,,0,"Menjalankan quest Acolyte 40x.",0,,"2012-07-18 04:00:00 UTC","2012-08-01 03:00:00 UTC"
143,4,143,"2/120/1/0+2/14/1/2",142,,0,"Menjalankan quest Acolyte 60x.",0,,"2012-07-18 04:00:00 UTC","2012-08-01 03:00:00 UTC"
144,4,144,"4/171/1+1/10006/1/0",0,150,0,"Menjalankan quest Blau 4x.",0,,"2012-07-18 04:00:00 UTC","2012-08-01 03:00:00 UTC"
145,4,145,"4/172/1+1/10007/1/0",144,,0,"Menjalankan quest Blau 7x.",0,,"2012-07-18 04:00:00 UTC","2012-08-01 03:00:00 UTC"
146,4,146,"4/173/1+1/10008/1/0",145,,0,"Menjalankan quest Blau 9x.",0,,"2012-07-18 04:00:00 UTC","2012-08-01 03:00:00 UTC"
147,4,147,"4/174/1+1/10009/1/0",146,,0,"Menjalankan quest Executioner 15x.",0,,"2012-07-18 04:00:00 UTC","2012-08-01 03:00:00 UTC"
148,4,148,"4/175/1+1/10010/1/0",147,,0,"Menjalankan quest Executioner 20x.",0,,"2012-07-18 04:00:00 UTC","2012-08-01 03:00:00 UTC"
149,4,149,"4/176/1+3/39/1/0",148,,0,"Menjalankan quest Executioner 25x.",0,,"2012-07-18 04:00:00 UTC","2012-08-01 03:00:00 UTC"
150,4,150,"4/174/1+1/10006/1/0",0,144,0,"Menjalankan quest Rood 4x.",0,,"2012-07-18 04:00:00 UTC","2012-08-01 03:00:00 UTC"
151,4,151,"4/175/1+1/10007/1/0",150,,0,"Menjalankan quest Rood 7x.",0,,"2012-07-18 04:00:00 UTC","2012-08-01 03:00:00 UTC"
152,4,152,"4/176/1+1/10008/1/0",151,,0,"Menjalankan quest Rood 9x.",0,,"2012-07-18 04:00:00 UTC","2012-08-01 03:00:00 UTC"
153,4,153,"4/171/1+1/10009/1/0",152,,0,"Menjalankan quest Magician 15x.",0,,"2012-07-18 04:00:00 UTC","2012-08-01 03:00:00 UTC"
154,4,154,"4/172/1+1/10010/1/0",153,,0,"Menjalankan quest Visitor 20x.",0,,"2012-07-18 04:00:00 UTC","2012-08-01 03:00:00 UTC"
155,4,155,"4/173/1+3/39/1/0",154,,0,"Menjalankan quest Waiting Room 25x.",0,,"2012-07-18 04:00:00 UTC","2012-08-01 03:00:00 UTC"
156,4,156,"2/123/1/0",0,,0,"Mendapatkan Luka LV3.",323,,"2012-08-01 04:00:00 UTC","2012-08-15 03:00:00 UTC"
157,4,157,"3/2/1/0",0,,0,"Menjalankan quest Event 15x.",0,,"2012-08-29 04:00:00 UTC","2012-09-12 03:00:00 UTC"
158,4,158,"3/38/1/0",157,,0,"Menjalankan quest Event 30x.",0,,"2012-08-29 04:00:00 UTC","2012-09-12 03:00:00 UTC"
159,4,159,"3/21/1/0+4/180/1",158,,0,"Menjalankan quest Event 50x.",0,,"2012-08-29 04:00:00 UTC","2012-09-12 03:00:00 UTC"
160,4,160,"4/177/1+1/10009/1/0",0,165,0,"Menjalankan [Deformed Claw] 4x.",0,,"2012-08-29 04:00:00 UTC","2012-09-12 03:00:00 UTC"
161,4,161,"4/178/1+1/10010/1/0",160,,0,"Menjalankan [Creeping Whisker] 7x.",0,,"2012-08-29 04:00:00 UTC","2012-09-12 03:00:00 UTC"
162,4,162,"4/179/1+1/20012/1/0",161,,0,"Menjalankan [Deformed Claw] 9x.",0,,"2012-08-29 04:00:00 UTC","2012-09-12 03:00:00 UTC"
163,4,163,"3/27/1/0+1/10008/1/0",162,,0,"Menjalankan [Thin Tail] 12x.",0,,"2012-08-29 04:00:00 UTC","2012-09-12 03:00:00 UTC"
164,4,164,"3/39/1/0+1/20013/1/0",163,,0,"Menjalankan [Thin Tail] 18x.",0,,"2012-08-29 04:00:00 UTC","2012-09-12 03:00:00 UTC"
165,4,165,"4/177/1+1/10009/1/0",0,160,0,"Menjalankan [Creeping Whisker] 4x.",0,,"2012-08-29 04:00:00 UTC","2012-09-12 03:00:00 UTC"
166,4,166,"4/178/1+1/10010/1/0",165,,0,"Menjalankan [Deformed Claw] 4x.",0,,"2012-08-29 04:00:00 UTC","2012-09-12 03:00:00 UTC"
167,4,167,"4/179/1+1/20013/1/0",166,,0,"Menjalankan [Creeping Whisker] 9x.",0,,"2012-08-29 04:00:00 UTC","2012-09-12 03:00:00 UTC"
168,4,168,"3/27/1/0+1/10008/1/0",167,,0,"Menjalankan [Thin Tail] 12x.",0,,"2012-08-29 04:00:00 UTC","2012-09-12 03:00:00 UTC"
169,4,169,"3/39/1/0+1/20012/1/0",168,,0,"Menjalankan [Thin Tail] 18x.",0,,"2012-08-29 04:00:00 UTC","2012-09-12 03:00:00 UTC"
170,4,170,"2/126/1/0",0,,0,"Mendapatkan Stacia LV3.",333,,"2012-09-05 04:00:00 UTC","2012-09-19 03:00:00 UTC"
171,4,171,"3/38/1/0+2/19/1/2",0,,0,"Mengumpulkan 5 Iron Chain.",0,,"2012-09-12 04:00:00 UTC","2012-09-26 03:00:00 UTC"
172,4,172,"3/27/1/0+2/23/1/2",171,,0,"Mengumpulkan 15 Iron Chain.",0,,"2012-09-12 04:00:00 UTC","2012-09-26 03:00:00 UTC"
173,4,173,"3/27/1/0+2/4/1/2",172,,0,"Mengumpulkan 30 Iron Chain.",0,,"2012-09-12 04:00:00 UTC","2012-09-26 03:00:00 UTC"
174,4,174,"3/27/1/0+2/13/1/2",173,,0,"Mengumpulkan 50 Iron Chain.",0,,"2012-09-12 04:00:00 UTC","2012-09-26 03:00:00 UTC"
175,4,175,"3/27/1/0+3/39/1/0",174,,0,"Mengumpulkan 100 Iron Chain.",0,,"2012-09-12 04:00:00 UTC","2012-09-26 03:00:00 UTC"
176,4,176,"3/28/1/0+2/34/1/2",0,,0,"Mengumpulkan 10 Platinum Chain.",0,,"2012-09-12 04:00:00 UTC","2012-09-26 03:00:00 UTC"
177,4,177,"4/181/1+4/182/1",136,,0,"Mengalahkan Ice Demon.",0,"Menyelesaikan [Heretic Tomb].","2012-09-19 04:00:00 UTC",
178,4,178,"1/10009/10/0",0,,0,"Mengalahkan Ice Demon dalam jangka yang ditentukan.",0,,"2012-09-19 04:00:00 UTC","2012-09-22 05:00:00 UTC"
179,4,179,"2/129/1/0",0,,0,"Mendapatkan Voland LV3.",345,,"2012-10-03 04:00:00 UTC","2012-10-17 05:00:00 UTC"
180,2,180,"1/1/1/0",1,,0,"Menyelesaikan [Huge Cave Bat].",1,,"2012-10-03 04:00:00 UTC",
181,2,181,"1/21/1/0",180,,0,"Menyelesaikan [Huge Cave Bat] 2x.",1,,"2012-10-03 04:00:00 UTC",
182,2,182,"1/31/1/0",181,,0,"Menyelesaikan [Huge Cave Bat] 3x.",1,,"2012-10-03 04:00:00 UTC",
183,4,183,"3/38/1",0,,0,"Menyelesaikan quest Event 3x.",0,,"2012-10-17 04:00:00 UTC","2012-10-31 03:00:00 UTC"
184,4,184,"1/10001/1/0",183,"185+186",0,"Menyelesaikan [Red Candy] 3x.",0,,"2012-10-17 04:00:00 UTC","2012-10-31 03:00:00 UTC"
185,4,185,"1/10001/1/0",183,"184+186",0,"Menyelesaikan [YellowCandy] 3x.",0,,"2012-10-17 04:00:00 UTC","2012-10-31 03:00:00 UTC"
186,4,186,"1/10001/1/0",183,"184+185",0,"Menyelesaikan [Blue Candy] 3x.",0,,"2012-10-17 04:00:00 UTC","2012-10-31 03:00:00 UTC"
187,4,187,"1/10006/1/0",184,"190+193+196+199",0,"Menyelesaikan memori [Imperial Knight] 5x.",0,,"2012-10-17 04:00:00 UTC","2012-10-31 03:00:00 UTC"
188,4,188,"1/10006/1/0",187,,0,"Menyelesaikan memori [Imperial Knight] 10x.",0,,"2012-10-17 04:00:00 UTC","2012-10-31 03:00:00 UTC"
189,4,189,"1/6/1/0",188,,0,"Menyelesaikan memori [Imperial Knight] 15x.",0,,"2012-10-17 04:00:00 UTC","2012-10-31 03:00:00 UTC"
190,4,190,"1/10007/1/0",184,"187+193+196+199",0,"Menyelesaikan memori [Warhound] 5x.",0,,"2012-10-17 04:00:00 UTC","2012-10-31 03:00:00 UTC"
191,4,191,"1/10007/1/0",190,,0,"Menyelesaikan memori [Warhound] 10x.",0,,"2012-10-17 04:00:00 UTC","2012-10-31 03:00:00 UTC"
192,4,192,"1/16/1/0",191,,0,"Menyelesaikan memori [Warhound] 15x.",0,,"2012-10-17 04:00:00 UTC","2012-10-31 03:00:00 UTC"
193,4,193,"1/10008/1/0",184,"187+190+196+199",0,"Menyelesaikan memori [Black Prince] 5x.",0,,"2012-10-17 04:00:00 UTC","2012-10-31 03:00:00 UTC"
194,4,194,"1/10008/1/0",193,,0,"Menyelesaikan memori [Black Prince] 10x.",0,,"2012-10-17 04:00:00 UTC","2012-10-31 03:00:00 UTC"
195,4,195,"1/26/1/0",194,,0,"Menyelesaikan memori [Black Prince] 15x.",0,,"2012-10-17 04:00:00 UTC","2012-10-31 03:00:00 UTC"
196,4,196,"1/10009/1/0",184,"187+190+193+199",0,"Menyelesaikan memori [Fearless] 5x.",0,,"2012-10-17 04:00:00 UTC","2012-10-31 03:00:00 UTC"
197,4,197,"1/10009/1/0",196,,0,"Menyelesaikan memori [Fearless] 10x.",0,,"2012-10-17 04:00:00 UTC","2012-10-31 03:00:00 UTC"
198,4,198,"1/36/1/0",197,,0,"Menyelesaikan memori [Fearless] 15x.",0,,"2012-10-17 04:00:00 UTC","2012-10-31 03:00:00 UTC"
199,4,199,"1/10010/1/0",184,"187+190+193+196",0,"Menyelesaikan memori [Storm Rider] 5x.",0,,"2012-10-17 04:00:00 UTC","2012-10-31 03:00:00 UTC"
200,4,200,"1/10010/1/0",199,,0,"Menyelesaikan memori [Storm Rider] 10x.",0,,"2012-10-17 04:00:00 UTC","2012-10-31 03:00:00 UTC"
201,4,201,"1/46/1/0",200,,0,"Menyelesaikan memori [Storm Rider] 15x.",0,,"2012-10-17 04:00:00 UTC","2012-10-31 03:00:00 UTC"
202,4,202,"1/10006/1/0",185,"205+208+211+214",0,"Menyelesaikan memori [Observer] 5x.",0,,"2012-10-17 04:00:00 UTC","2012-10-31 03:00:00 UTC"
203,4,203,"1/10006/1/0",202,,0,"Menyelesaikan memori [Observer] 10x.",0,,"2012-10-17 04:00:00 UTC","2012-10-31 03:00:00 UTC"
204,4,204,"1/56/1/0",203,,0,"Menyelesaikan memori [Observer] 15x.",0,,"2012-10-17 04:00:00 UTC","2012-10-31 03:00:00 UTC"
205,4,205,"1/10007/1/0",185,"202+208+211+214",0,"Menyelesaikan memori [Young Ruler] 5x.",0,,"2012-10-17 04:00:00 UTC","2012-10-31 03:00:00 UTC"
206,4,206,"1/10007/1/0",205,,0,"Menyelesaikan memori [Young Ruler] 10x.",0,,"2012-10-17 04:00:00 UTC","2012-10-31 03:00:00 UTC"
207,4,207,"1/66/1/0",206,,0,"Menyelesaikan memori [Young Ruler] 15x.",0,,"2012-10-17 04:00:00 UTC","2012-10-31 03:00:00 UTC"
208,4,208,"1/10008/1/0",185,"202+205+211+214",0,"Menyelesaikan memori [Researcher] 5x.",0,,"2012-10-17 04:00:00 UTC","2012-10-31 03:00:00 UTC"
209,4,209,"1/10008/1/0",208,,0,"Menyelesaikan memori [Researcher] 10x.",0,,"2012-10-17 04:00:00 UTC","2012-10-31 03:00:00 UTC"
210,4,210,"1/76/1/0",209,,0,"Menyelesaikan memori [Researcher] 15x.",0,,"2012-10-17 04:00:00 UTC","2012-10-31 03:00:00 UTC"
211,4,211,"1/10009/1/0",185,"202+205+208+214",0,"Menyelesaikan memori [Masked Man] 5x.",0,,"2022-10-24 04:00:00 UTC","2012-10-31 03:00:00 UTC"
212,4,212,"1/10009/1/0",211,,0,"Menyelesaikan memori [Masked Man] 10x.",0,,"2022-10-24 04:00:00 UTC","2012-10-31 03:00:00 UTC"
213,4,213,"1/86/1/0",212,,0,"Menyelesaikan memori [Masked Man] 15x.",0,,"2022-10-24 04:00:00 UTC","2012-10-31 03:00:00 UTC"
214,4,214,"1/10010/1/0",185,"202+205+208+211",0,"Menyelesaikan memori [Avenger] 5x.",0,,"2012-10-17 04:00:00 UTC","2012-10-31 03:00:00 UTC"
215,4,215,"1/10010/1/0",214,,0,"Menyelesaikan memori [Avenger] 10x.",0,,"2012-10-17 04:00:00 UTC","2012-10-31 03:00:00 UTC"
216,4,216,"1/96/1/0",215,,0,"Menyelesaikan memori [Avenger] 15x.",0,,"2012-10-17 04:00:00 UTC","2012-10-31 03:00:00 UTC"
217,4,217,"1/10006/1/0",186,"220+223+226+229",0,"Menyelesaikan memori [Immortal Girl] 5x.",0,,"2012-10-17 04:00:00 UTC","2012-10-31 03:00:00 UTC"
218,4,218,"1/10006/1/0",217,,0,"Menyelesaikan memori [Immortal Girl] 10x.",0,,"2012-10-17 04:00:00 UTC","2012-10-31 03:00:00 UTC"
219,4,219,"1/106/1/0",218,,0,"Menyelesaikan memori [Immortal Girl] 15x.",0,,"2012-10-17 04:00:00 UTC","2012-10-31 03:00:00 UTC"
220,4,220,"1/10007/1/0",186,"217+223+226+229",0,"Menyelesaikan memori [Beast Girl] 5x.",0,,"2012-10-17 04:00:00 UTC","2012-10-31 03:00:00 UTC"
221,4,221,"1/10007/1/0",220,,0,"Menyelesaikan memori [Beast Girl] 10x.",0,,"2012-10-17 04:00:00 UTC","2012-10-31 03:00:00 UTC"
222,4,222,"1/116/1/0",221,,0,"Menyelesaikan memori [Beast Girl] 15x.",0,,"2012-10-17 04:00:00 UTC","2012-10-31 03:00:00 UTC"
223,4,223,"1/10008/1/0",186,"217+220+226+229",0,"Menyelesaikan memori [Chaos Bearer] 5x.",0,,"2012-10-17 04:00:00 UTC","2012-10-31 03:00:00 UTC"
224,4,224,"1/10008/1/0",223,,0,"Menyelesaikan memori [Chaos Bearer] 10x.",0,,"2012-10-17 04:00:00 UTC","2012-10-31 03:00:00 UTC"
225,4,225,"1/126/1/0",224,,0,"Menyelesaikan memori [Chaos Bearer] 15x.",0,,"2012-10-17 04:00:00 UTC","2012-10-31 03:00:00 UTC"
226,4,226,"1/10009/1/0",186,"217+220+223+229",0,"Menyelesaikan memori [Twin Blade Warrior] 5x.",0,,"2012-10-17 04:00:00 UTC","2012-10-31 03:00:00 UTC"
227,4,227,"1/10009/1/0",226,,0,"Menyelesaikan memori [Twin Blade Warrior] 10x.",0,,"2012-10-17 04:00:00 UTC","2012-10-31 03:00:00 UTC"
228,4,228,"1/136/1/0",227,,0,"Menyelesaikan memori [Twin Blade Warrior] 15x.",0,,"2012-10-17 04:00:00 UTC","2012-10-31 03:00:00 UTC"
229,4,229,"1/10010/1/0",186,"217+220+223+226",0,"Menyelesaikan memori [Scout Engineer] 5x.",0,,"2012-10-17 04:00:00 UTC","2012-10-31 03:00:00 UTC"
230,4,230,"1/10010/1/0",229,,0,"Menyelesaikan memori [Scout Engineer] 10x.",0,,"2012-10-17 04:00:00 UTC","2012-10-31 03:00:00 UTC"
231,4,231,"1/146/1/0",230,,0,"Menyelesaikan memori [Scout Engineer] 15x.",0,,"2012-10-17 04:00:00 UTC","2012-10-31 03:00:00 UTC"
232,4,232,"3/9/1/0+4/185/1",0,,0,"Menyelesaikan Pumpking.",0,,"2012-10-17 04:00:00 UTC","2012-10-31 03:00:00 UTC"
233,4,233,"3/9/1/0+4/188/1+4/184/1",232,,0,"Menyelesaikan Pumpking 4x.",0,,"2012-10-17 04:00:00 UTC","2012-10-31 03:00:00 UTC"
234,4,234,"3/9/1/0+4/187/1+4/186/1",233,,0,"Menyelesaikan Pumpking 5x.",0,,"2012-10-17 04:00:00 UTC","2012-10-31 03:00:00 UTC"
235,4,235,"2/132/1/0",0,,0,"Pendapatkan C.C. LV3.",353,,"2012-10-31 04:00:00 UTC","2012-11-14 04:00:00 UTC"
236,4,236,"3/38/1+4/189/1",0,,0,"Mengumpulkan 5 ID Tag.",0,,"2012-11-14 04:00:00 UTC","2012-11-28 04:00:00 UTC"
237,4,237,"3/27/1+4/190/1",236,,0,"Mengumpulkan 15 ID Tag.",0,,"2012-11-14 04:00:00 UTC","2012-11-28 04:00:00 UTC"
238,4,238,"3/27/1+4/191/1",237,,0,"Mengumpulkan 30 ID Tag.",0,,"2012-11-14 04:00:00 UTC","2012-11-28 04:00:00 UTC"
239,4,239,"4/192/1+1/10006/1/0",0,244,0,"Mengumpulkan ID tiap pasukan A & B.",0,,"2012-11-14 04:00:00 UTC","2012-11-28 04:00:00 UTC"
240,4,240,"4/193/1+1/10007/1/0",239,,0,"Mengumpulkan ID tiap pasukan A sampai D.",0,,"2012-11-14 04:00:00 UTC","2012-11-28 04:00:00 UTC"
241,4,241,"4/194/1+1/10008/1/0",240,,0,"Mengumpulkan 2 ID tiap pasukan A sampai E.",0,,"2012-11-14 04:00:00 UTC","2012-11-28 04:00:00 UTC"
242,4,242,"2/63/1/0+1/10009/1/0",241,,0,"Mengumpulkan 3 ID tiap pasukan A sampai E.",0,,"2012-11-14 04:00:00 UTC","2012-11-28 04:00:00 UTC"
243,4,243,"3/39/1",242,,0,"Mengumpulkan 5 ID tiap pasukan A sampai E.",0,,"2012-11-14 04:00:00 UTC","2012-11-28 04:00:00 UTC"
244,4,244,"4/195/1+1/10006/1/0",0,239,0,"Mengumpulkan ID tiap pasukan C & D.",0,,"2012-11-14 04:00:00 UTC","2012-11-28 04:00:00 UTC"
245,4,245,"4/196/1+1/10007/1/0",244,,0,"Mengumpulkan ID tiap pasukan A sampai D.",0,,"2012-11-14 04:00:00 UTC","2012-11-28 04:00:00 UTC"
246,4,246,"4/197/1+1/10008/1/0",245,,0,"Mengumpulkan 2 ID tiap pasukan A sampai E.",0,,"2012-11-14 04:00:00 UTC","2012-11-28 04:00:00 UTC"
247,4,247,"2/96/1/0+1/10009/1/0",246,,0,"Mengumpulkan 3 ID tiap pasukan A sampai E.",0,,"2012-11-14 04:00:00 UTC","2012-11-28 04:00:00 UTC"
248,4,248,"3/39/1",247,,0,"Mengumpulkan 5 ID tiap pasukan A sampai E.",0,,"2012-11-14 04:00:00 UTC","2012-11-28 04:00:00 UTC"
249,4,249,"2/135/1/0",0,,0,"Mendapatkan Cobb LV3.",363,,"2012-12-05 04:00:00 UTC","2012-12-19 04:00:00 UTC"
250,4,250,"2/138/1/0",0,,0,"Mendapatkan Evelyn LV3.",373,,"2013-01-02 04:00:00 UTC","2013-01-16 04:00:00 UTC"
251,4,251,"3/70/1/0",0,,1,"Menjalankan 3 duel di channel [Alexander] (berulang).",3,"Mengisi ulang Treasure Box yang didapat.","2013-01-16 04:00:00 UTC","2013-01-30 04:00:00 UTC"
252,4,252,"3/70/1/0",0,,1,"Menjalankan 7 duel di channel [Alexander] (berulang).",7,"Mengisi ulang Treasure Box yang didapat.","2013-01-16 04:00:00 UTC","2013-01-30 04:00:00 UTC"
253,4,253,"2/144/1/0",0,,0,"Mendapatkan Karenberd LV3.",393,,"2013-02-06 04:00:00 UTC","2013-02-20 04:00:00 UTC"
254,4,254,"3/29/1/0+3/38/1/0",0,,0,"Menghadiahkan Quest ★1",0,"Tidak tergolong dalam Achievement, bahkan jika sudah diselesaikan.","2013-02-13 04:00:00 UTC","2013-02-27 04:00:00 UTC"
255,4,255,"3/2/1/0+4/201/1",254,,0,"Menghadiahkan Quest ★2",0,"Tidak tergolong dalam Achievement, bahkan jika sudah diselesaikan.","2013-02-13 04:00:00 UTC","2013-02-27 04:00:00 UTC"
256,4,256,"3/27/1/0+4/207/1",255,,0,"Menghadiahkan Quest ★3",0,"Tidak tergolong dalam Achievement, bahkan jika sudah diselesaikan.","2013-02-13 04:00:00 UTC","2013-02-27 04:00:00 UTC"
257,4,257,"3/3/1/0+4/204/1",256,,0,"Menghadiahkan Quest ★4",0,"Tidak tergolong dalam Achievement, bahkan jika sudah diselesaikan.","2013-02-13 04:00:00 UTC","2013-02-27 04:00:00 UTC"
258,4,258,"3/28/1/0",257,,0,"Menghadiahkan Quest ★5",0,"Tidak tergolong dalam Achievement, bahkan jika sudah diselesaikan.","2013-02-13 04:00:00 UTC","2013-02-27 04:00:00 UTC"
259,4,259,"3/21/1/0",258,,0,"Menghadiahkan Quest ★6",0,"Tidak tergolong dalam Achievement, bahkan jika sudah diselesaikan.","2013-02-13 04:00:00 UTC","2013-02-27 04:00:00 UTC"
260,4,260,"2/141/1/0",259,,0,"Menghadiahkan Quest ★7",0,"Tidak tergolong dalam Achievement, bahkan jika sudah diselesaikan.","2013-02-13 04:00:00 UTC","2013-02-27 04:00:00 UTC"
261,4,261,"3/9/1/0",260,,0,"Menghadiahkan Quest ★8",0,"Tidak tergolong dalam Achievement, bahkan jika sudah diselesaikan.","2013-02-13 04:00:00 UTC","2013-02-27 04:00:00 UTC"
262,4,262,"3/9/1/0",261,,0,"Menghadiahkan Quest ★9",0,"Tidak tergolong dalam Achievement, bahkan jika sudah diselesaikan.","2013-02-13 04:00:00 UTC","2013-02-27 04:00:00 UTC"
263,4,263,"3/39/1/0",262,,0,"Menghadiahkan Quest ★10",0,"Tidak tergolong dalam Achievement, bahkan jika sudah diselesaikan.","2013-02-13 04:00:00 UTC","2013-02-27 04:00:00 UTC"
264,4,264,"3/29/1/0",0,,0,"Duel 1vs1 dengan teman.",0,"Silakan reload browser untuk menampilkan data terbaru dari [Star Candy].","2013-02-13 04:00:00 UTC","2013-02-27 04:00:00 UTC"
265,4,265,"3/29/1/0+3/6/1/0",0,,0,"Duel 3vs3 dengan teman.",0,"Silakan reload browser untuk menampilkan data terbaru dari [Star Candy + White Heather 3].","2013-02-13 04:00:00 UTC","2013-02-27 04:00:00 UTC"
266,4,266,"2/147/1/0",0,,0,"Mendapatkan Nenem LV3.",403,,"2013-03-06 04:00:00 UTC","2013-03-20 04:00:00 UTC"
267,4,267,"4/217/1+3/2/1/0",0,,0,"Menyelesaikan [Isaac Invitation] 3x.",3,,"2013-03-13 04:00:00 UTC","2013-03-27 04:00:00 UTC"
268,4,268,"4/218/1+3/21/1/0",267,,0,"Menyelesaikan [Isaac Invitation] 7x.",7,,"2013-03-13 04:00:00 UTC","2013-03-27 04:00:00 UTC"
269,4,269,"4/219/1+3/50/1/0",268,,0,"Menyelesaikan [Isaac Invitation] 10x.",10,,"2013-03-13 04:00:00 UTC","2013-03-27 04:00:00 UTC"
270,4,270,"2/30/1/0",269,,0,"Menyelesaikan [Isaac Invitation] 30x.",30,,"2013-03-13 04:00:00 UTC","2013-03-27 04:00:00 UTC"
271,4,271,"4/220/1+3/2/1/0",0,,0,"Menyelesaikan [Jead Invitation] 3x.",3,,"2013-03-13 04:00:00 UTC","2013-03-27 04:00:00 UTC"
272,4,272,"4/221/1+3/21/1/0",271,,0,"Menyelesaikan [Jead Invitation] 7x.",7,,"2013-03-13 04:00:00 UTC","2013-03-27 04:00:00 UTC"
273,4,273,"4/222/1+3/50/1/0",272,,0,"Menyelesaikan [Jead Invitation] 10x.",10,,"2013-03-13 04:00:00 UTC","2013-03-27 04:00:00 UTC"
274,4,274,"2/45/1/0",273,,0,"Menyelesaikan [Jead Invitation] 30x.",30,,"2013-03-13 04:00:00 UTC","2013-03-27 04:00:00 UTC"
275,4,275,"4/223/1+3/2/1/0",0,,0,"Menyelesaikan [Salgado Invitation] 3x.",3,,"2013-03-13 04:00:00 UTC","2013-03-27 04:00:00 UTC"
276,4,276,"4/224/1+3/21/1/0",275,,0,"Menyelesaikan [Salgado Invitation] 7x.",7,,"2013-03-13 04:00:00 UTC","2013-03-27 04:00:00 UTC"
277,4,277,"4/225/1+3/50/1/0",276,,0,"Menyelesaikan [Salgado Invitation] 10x.",10,,"2013-03-13 04:00:00 UTC","2013-03-27 04:00:00 UTC"
278,4,278,"2/90/1/0",277,,0,"Menyelesaikan [Salgado Invitation] 30x.",30,,"2013-03-13 04:00:00 UTC","2013-03-27 04:00:00 UTC"
279,4,279,"3/39/1/0",0,,0,"Menyelesaikan semua quest Invitation.",0,,"2013-03-13 04:00:00 UTC","2013-03-27 04:00:00 UTC"
280,4,280,"4/226/1",0,,0,"Menjalankan 3 duel.",3,"Mengisi item yang dimiliki.","2013-03-13 04:00:00 UTC","2013-03-27 04:00:00 UTC"
281,4,281,"4/227/1",280,,0,"Menjalankan 5 duel.",5,"Mengisi item yang dimiliki.","2013-03-13 04:00:00 UTC","2013-03-27 04:00:00 UTC"
282,4,282,"4/228/1",281,,0,"Menjalankan 7 duel.",7,"Mengisi item yang dimiliki.","2013-03-13 04:00:00 UTC","2013-03-27 04:00:00 UTC"
283,4,283,"4/229/1",282,,0,"Menjalankan 15 duel.",15,"Mengisi item yang dimiliki.","2013-03-13 04:00:00 UTC","2013-03-27 04:00:00 UTC"
284,4,284,"2/150/1/0",0,,0,"Mendapatkan Nenem LV3.",413,,"2013-04-03 04:00:00 UTC","2013-04-17 04:00:00 UTC"
285,4,285,"3/10/1/0",0,,0,"Mendapatkan kartu baru LV3.",0,"Mendapatkan kartu LV3 Darkroom dari Bonus Game & sintesis.","2013-02-13 04:00:00 UTC",
286,4,286,"3/10/1/0",285,,0,"Mendapatkan kartu baru LV5.",0,"Mendapatkan kartu LV5 Darkroom dari Bonus Game & sintesis.","2013-02-13 04:00:00 UTC",
287,4,287,"3/10/1/0",286,,0,"Mendapatkan kartu rare.",0,"Mendapatkan kartu rare Darkroom dari Bonus Game & sintesis.","2013-02-13 04:00:00 UTC",
288,1,288,"3/5/1/0",288,,0,"Menjalankan duel.",1,"Login pada hari berikutnya untuk menyelesaikan! Jika kamu melanjutkan hingga 7 hari…",,
289,1,289,"3/5/1/0",289,,0,"Menjalankan duel 2 hari berturut-turut.",1,"Login pada hari berikutnya untuk menyelesaikan! Jika kamu melanjutkan hingga 7 hari…",,
290,1,290,"3/5/1/0",290,,0,"Menjalankan duel 3 hari berturut-turut.",1,"Login pada hari berikutnya untuk menyelesaikan! Jika kamu melanjutkan hingga 7 hari…",,
291,1,291,"3/6/1/0",291,,0,"Menjalankan duel 4 hari berturut-turut.",1,"Login pada hari berikutnya untuk menyelesaikan! Jika kamu melanjutkan hingga 7 hari…",,
292,1,292,"3/6/1/0",292,,0,"Menjalankan duel 5 hari berturut-turut.",1,"Login pada hari berikutnya untuk menyelesaikan! Jika kamu melanjutkan hingga 7 hari…",,
293,1,293,"3/6/1/0",293,,0,"Menjalankan duel 6 hari berturut-turut.",1,"Login pada hari berikutnya untuk menyelesaikan! Jika kamu melanjutkan hingga 7 hari…",,
294,1,294,"3/9/1/0",294,,0,"Menjalankan duel 7 hari berturut-turut.",1,,,
295,1,295,"1/10008/1/0",295,,0,"Menjalankan duel 8 hari berturut-turut.",1,,,
296,1,296,"1/10009/1/0",296,,0,"Menjalankan duel 9 hari berturut-turut.",1,,,
297,1,297,"1/10010/1/0",297,,0,"Menjalankan duel 10 hari berturut-turut.",1,,,
298,1,298,"3/6/1/0",298,,0,"Menjalankan duel 11 hari berturut-turut.",1,,,
299,1,299,"3/6/1/0",299,,0,"Menjalankan duel 12 hari berturut-turut.",1,,,
300,1,300,"3/6/1/0",300,,0,"Menjalankan duel 13 hari berturut-turut.",1,,,
301,1,301,"3/9/1/0",301,,0,"Menjalankan duel 14 hari berturut-turut.",1,,,
302,4,302,"3/3/1/0",0,,0,"Mendapatkan surat suara.",1,,,"2013-05-01 04:00:00 UTC"
303,4,303,"3/8/1/0",302,,0,"Mendapatkan 10 surat suara.",10,,,"2013-05-01 04:00:00 UTC"
304,4,304,"2/153/1/0",0,,0,"Mendapatkan Birgit LV3.",423,,"2013-05-01 04:00:00 UTC","2013-05-15 04:00:00 UTC"
305,4,305,"1/10005/1/0",0,,0,"Mengumpulkan 5 ingatan Evarist.",5,,"2013-05-15 04:00:00 UTC","2013-05-29 04:00:00 UTC"
306,4,306,"1/6/1/0",305,,0,"Mengumpulkan 10 ingatan Evarist.",10,,"2013-05-15 04:00:00 UTC","2013-05-29 04:00:00 UTC"
307,4,307,"1/10005/1/0",0,,0,"Mengumpulkan 5 ingatan Isaac.",5,,"2013-05-15 04:00:00 UTC","2013-05-29 04:00:00 UTC"
308,4,308,"1/16/1/0",307,,0,"Mengumpulkan 10 ingatan Isaac.",10,,"2013-05-15 04:00:00 UTC","2013-05-29 04:00:00 UTC"
309,4,309,"1/10005/1/0",0,,0,"Mengumpulkan 5 ingatan Grunwald.",5,,"2013-05-15 04:00:00 UTC","2013-05-29 04:00:00 UTC"
310,4,310,"1/26/1/0",309,,0,"Mengumpulkan 10 ingatan Grunwald.",10,,"2013-05-15 04:00:00 UTC","2013-05-29 04:00:00 UTC"
311,4,311,"1/10005/1/0",0,,0,"Mengumpulkan 5 ingatan Abel.",5,,"2013-05-15 04:00:00 UTC","2013-05-29 04:00:00 UTC"
312,4,312,"1/36/1/0",311,,0,"Mengumpulkan 10 ingatan Abel.",10,,"2013-05-15 04:00:00 UTC","2013-05-29 04:00:00 UTC"
313,4,313,"1/10005/1/0",0,,0,"Mengumpulkan 5 ingatan Leon.",5,,"2013-05-15 04:00:00 UTC","2013-05-29 04:00:00 UTC"
314,4,314,"1/46/1/0",313,,0,"Mengumpulkan 10 ingatan Leon.",10,,"2013-05-15 04:00:00 UTC","2013-05-29 04:00:00 UTC"
315,4,315,"1/10004/1/0",0,,0,"Mengumpulkan 5 ingatan Kronig.",5,,"2013-05-15 04:00:00 UTC","2013-05-29 04:00:00 UTC"
316,4,316,"1/56/1/0",315,,0,"Mengumpulkan 10 ingatan Kronig.",10,,"2013-05-15 04:00:00 UTC","2013-05-29 04:00:00 UTC"
317,4,317,"1/10004/1/0",0,,0,"Mengumpulkan 5 ingatan Jead.",5,,"2013-05-15 04:00:00 UTC","2013-05-29 04:00:00 UTC"
318,4,318,"1/66/1/0",317,,0,"Mengumpulkan 10 ingatan Jead.",10,,"2013-05-15 04:00:00 UTC","2013-05-29 04:00:00 UTC"
319,4,319,"1/10004/1/0",0,,0,"Mengumpulkan 5 ingatan Archibald.",5,,"2013-05-15 04:00:00 UTC","2013-05-29 04:00:00 UTC"
320,4,320,"1/76/1/0",319,,0,"Mengumpulkan 10 ingatan Archibald.",10,,"2013-05-15 04:00:00 UTC","2013-05-29 04:00:00 UTC"
321,4,321,"1/10004/1/0",0,,0,"Mengumpulkan 5 ingatan Max.",5,,"2013-05-15 04:00:00 UTC","2013-05-29 04:00:00 UTC"
322,4,322,"1/86/1/0",321,,0,"Mengumpulkan 10 ingatan Max.",10,,"2013-05-15 04:00:00 UTC","2013-05-29 04:00:00 UTC"
323,4,323,"1/10004/1/0",0,,0,"Mengumpulkan 5 ingatan Blaise.",5,,"2013-05-15 04:00:00 UTC","2013-05-29 04:00:00 UTC"
324,4,324,"1/96/1/0",323,,0,"Mengumpulkan 10 ingatan Blaise.",10,,"2013-05-15 04:00:00 UTC","2013-05-29 04:00:00 UTC"
325,4,325,"1/10003/1/0",0,,0,"Mengumpulkan 5 ingatan Sheri.",5,,"2013-05-15 04:00:00 UTC","2013-05-29 04:00:00 UTC"
326,4,326,"1/106/1/0",325,,0,"Mengumpulkan 10 ingatan Sheri.",10,,"2013-05-15 04:00:00 UTC","2013-05-29 04:00:00 UTC"
327,4,327,"1/10003/1/0",0,,0,"Mengumpulkan 5 ingatan Ayn.",5,,"2013-05-15 04:00:00 UTC","2013-05-29 04:00:00 UTC"
328,4,328,"1/116/1/0",327,,0,"Mengumpulkan 10 ingatan Ayn.",10,,"2013-05-15 04:00:00 UTC","2013-05-29 04:00:00 UTC"
329,4,329,"1/10003/1/0",0,,0,"Mengumpulkan 5 ingatan Bernhard.",5,,"2013-05-15 04:00:00 UTC","2013-05-29 04:00:00 UTC"
330,4,330,"1/126/1/0",329,,0,"Mengumpulkan 10 ingatan Bernhard.",10,,"2013-05-15 04:00:00 UTC","2013-05-29 04:00:00 UTC"
331,4,331,"1/10003/1/0",0,,0,"Mengumpulkan 5 ingatan Friedrich.",5,,"2013-05-15 04:00:00 UTC","2013-05-29 04:00:00 UTC"
332,4,332,"1/136/1/0",331,,0,"Mengumpulkan 10 ingatan Friedrich.",10,,"2013-05-15 04:00:00 UTC","2013-05-29 04:00:00 UTC"
333,4,333,"1/10003/1/0",0,,0,"Mengumpulkan 5 ingatan Marguerite.",5,,"2013-05-15 04:00:00 UTC","2013-05-29 04:00:00 UTC"
334,4,334,"1/146/1/0",333,,0,"Mengumpulkan 10 ingatan Marguerite.",10,,"2013-05-15 04:00:00 UTC","2013-05-29 04:00:00 UTC"
335,4,335,"1/10002/1/0",0,,0,"Mengumpulkan 5 ingatan Donita.",5,,"2013-05-15 04:00:00 UTC","2013-05-29 04:00:00 UTC"
336,4,336,"1/156/1/0",335,,0,"Mengumpulkan 10 ingatan Donita.",10,,"2013-05-15 04:00:00 UTC","2013-05-29 04:00:00 UTC"
337,4,337,"1/10002/1/0",0,,0,"Mengumpulkan 5 ingatan Sprout.",5,,"2013-05-15 04:00:00 UTC","2013-05-29 04:00:00 UTC"
338,4,338,"1/166/1/0",337,,0,"Mengumpulkan 10 ingatan Sprout.",10,,"2013-05-15 04:00:00 UTC","2013-05-29 04:00:00 UTC"
339,4,339,"1/10002/1/0",0,,0,"Mengumpulkan 5 ingatan Belinda.",5,,"2013-05-15 04:00:00 UTC","2013-05-29 04:00:00 UTC"
340,4,340,"1/176/1/0",339,,0,"Mengumpulkan 10 ingatan Belinda.",10,,"2013-05-15 04:00:00 UTC","2013-05-29 04:00:00 UTC"
341,4,341,"1/10002/1/0",0,,0,"Mengumpulkan 5 ingatan Rosso.",5,,"2013-05-15 04:00:00 UTC","2013-05-29 04:00:00 UTC"
342,4,342,"1/186/1/0",341,,0,"Mengumpulkan 10 ingatan Rosso.",10,,"2013-05-15 04:00:00 UTC","2013-05-29 04:00:00 UTC"
343,4,343,"1/10002/1/0",0,,0,"Mengumpulkan 5 ingatan Ada.",5,,"2013-05-15 04:00:00 UTC","2013-05-29 04:00:00 UTC"
344,4,344,"1/196/1/0",343,,0,"Mengumpulkan 10 ingatan Ada.",10,,"2013-05-15 04:00:00 UTC","2013-05-29 04:00:00 UTC"
345,4,345,"3/8/1/0",0,"305+306+307+308+309+310+311+312+313+314+315+316+317+318+319+320+321+322+323+324+325+326+327+328+329+330+331+332+333+334+335+336+337+338+339+340+341+342+343+344",0,"Mendapatkan 3 rare card dari Event.",3,"Tidak dapat melanjutkan setelah mendapatkan 3 kartu rare.","2013-05-15 04:00:00 UTC","2013-05-29 04:00:00 UTC"
346,4,346,"2/156/1/0",0,,0,"Mendapatkan Kuhn LV3.",433,,"2013-05-29 04:00:00 UTC","2013-06-12 04:00:00 UTC"
348,4,348,"1/1/1/0",0,,0,"Memulai [Waterfront Conqueror].",0,"Dpat memeriksa poin di halaman Event Ranking. Menunjukkan poin terakhir saat membuka browser. CATATAN: Bukan peringkat aktual & akan diupdate secara berkala.","2013-06-12 04:00:00 UTC","2013-06-26 04:00:00 UTC"
349,4,349,"3/2/1/0+3/11/1/0",0,,0,"Mendapat 3 poin pada [Waterfront Conqueror].",0,,"2013-06-12 04:00:00 UTC","2013-06-26 04:00:00 UTC"
350,4,350,"4/265/1/0+1/10001/1/0",0,,0,"Mendapat 10 poin pada [Waterfront Conqueror].",0,,"2013-06-12 04:00:00 UTC","2013-06-26 04:00:00 UTC"
351,4,351,"4/264/1/0+1/10002/1/0",0,,0,"Mendapat 20 poin pada [Waterfront Conqueror].",0,,"2013-06-12 04:00:00 UTC","2013-06-26 04:00:00 UTC"
352,4,352,"4/261/1/0+1/10003/1/0",0,,0,"Mendapat 30 poin pada [Waterfront Conqueror].",0,,"2013-06-12 04:00:00 UTC","2013-06-26 04:00:00 UTC"
353,4,353,"3/39/1/0",0,,0,"Mendapat 100 poin pada [Waterfront Conqueror].",0,,"2013-06-12 04:00:00 UTC","2013-06-26 04:00:00 UTC"
