name,kind,,ab_name,color,color_condition,affiliation,price,hp,charactor_id,max,point,rarity,power_id,card_image,caption,tmp,speed,drop_type,bp,gp,base_size,card_uid,is_rare,craftable,decomposable,,
2,1,クリスタル,2,,,0,0,,2,0,0,3,1,3,0,artifact_001,購買:1,FALSE,0,2,0,1,0,1,FALSE,TRUE,TRUE
3,2,サファイア,2,,,0,0,,3,0,0,3,1,3,0,artifact_003,購買:2,FALSE,0,2,0,2,0,2,FALSE,TRUE,TRUE
4,3,ルビー,2,,,0,0,,5,0,0,3,1,4,0,artifact_002,購買:3,FALSE,0,2,0,3,0,3,FALSE,TRUE,TRUE
5,4,ダイアモンド,2,,,0,0,,8,0,0,3,1,4,0,artifact_004,購買:4,FALSE,0,2,0,4,0,4,FALSE,TRUE,TRUE
6,5,ナイフ,2,,,0,0,,1,0,0,3,1,3,0,artifact_005,攻撃:1,FALSE,0,1,1,0,0,5,FALSE,TRUE,TRUE
7,6,ロングソード,2,,,0,0,,3,0,0,3,1,3,0,artifact_006,攻撃:2,FALSE,0,1,2,0,0,6,FALSE,TRUE,TRUE
8,7,ハンドガン,2,,,0,0,,5,0,0,3,1,4,0,artifact_007,攻撃:3,FALSE,0,1,3,0,0,7,FALSE,TRUE,TRUE
9,8,ライフル,2,,,0,0,,8,0,0,3,1,4,0,artifact_008,攻撃:4,FALSE,0,1,4,0,0,8,FALSE,TRUE,TRUE
10,9,聖水,2,,,0,0,,3,0,0,3,1,4,9,artifact_009,"山札から「毒」「麻痺」をランダムに1枚破棄,追加ドロー:1",FALSE,0,3,0,0,0,9,FALSE,TRUE,TRUE
11,10,毒,2,,,0,0,,3,0,0,3,0,4,10,artifact_010,自身に1ダメージ(一時カード),TRUE,0,3,0,0,0,10,FALSE,FALSE,TRUE
12,11,麻痺,2,,,0,0,,0,0,0,3,0,3,0,artifact_011,(一時カード),TRUE,0,3,0,0,0,11,FALSE,FALSE,TRUE
13,12,呪い,2,,,0,0,,0,0,0,3,-1,5,0,artifact_012,,FALSE,0,0,0,0,0,12,FALSE,FALSE,TRUE
14,13,セプター,2,,,0,0,,9,0,0,3,1,4,12,artifact_013,[保有]手札のレジメント所属の攻撃アクション時に+1,FALSE,0,0,0,0,0,13,FALSE,FALSE,TRUE
15,14,十字架,2,,,0,0,,10,0,0,3,1,6,13,artifact_014,[保有]吸血鬼に攻撃＋５,FALSE,0,0,0,0,0,14,FALSE,FALSE,TRUE
16,15,護符,2,,,0,0,,3,0,0,3,1,4,14,artifact_015,手札の呪いカードを破棄できる，追加ドロー:1,FALSE,0,3,0,0,0,15,FALSE,TRUE,TRUE
17,16,チャンス,2,,,0,0,,4,0,0,3,1,3,0,artifact_016,攻撃:4,FALSE,0,1,4,0,0,16,FALSE,FALSE,TRUE
18,17,古いコイン,2,,,0,0,,5,0,0,3,1,4,15,artifact_017,"購買:1, [保有]カード獲得・勝利時に勝利点ボーナス１",FALSE,0,2,0,1,0,17,FALSE,TRUE,TRUE
19,18,秘密の証文,2,,,0,0,,6,0,0,3,1,4,16,artifact_018,"購買:2, [獲得時]GEM4（一時カード）を手札に加える",FALSE,0,2,0,2,0,18,FALSE,FALSE,TRUE
20,19,GEM1,2,,,0,0,,0,0,0,3,0,1,0,artifact_019,購買:1(一時カード),TRUE,0,2,0,1,0,19,FALSE,FALSE,TRUE
21,20,GEM2,2,,,0,0,,0,0,0,3,0,1,0,artifact_019,購買:2(一時カード),TRUE,0,2,0,2,0,20,FALSE,FALSE,TRUE
22,21,GEM3,2,,,0,0,,0,0,0,3,0,1,0,artifact_019,購買:3(一時カード),TRUE,0,2,0,3,0,21,FALSE,FALSE,TRUE
23,22,GEM4,2,,,0,0,,0,0,0,3,0,1,0,artifact_019,購買:4(一時カード),TRUE,0,2,0,4,0,22,FALSE,FALSE,TRUE
24,23,GEM5,2,,,0,0,,0,0,0,3,0,1,0,artifact_019,購買:5(一時カード),TRUE,0,2,0,5,0,23,FALSE,FALSE,TRUE
25,24,GEM6,2,,,0,0,,0,0,0,3,0,1,0,artifact_019,購買:6(一時カード),TRUE,0,2,0,6,0,24,FALSE,FALSE,TRUE
26,25,GEM7,2,,,0,0,,0,0,0,3,0,1,0,artifact_019,購買:7(一時カード),TRUE,0,2,0,7,0,25,FALSE,FALSE,TRUE
27,26,GEM8,2,,,0,0,,0,0,0,3,0,1,0,artifact_019,購買:8(一時カード),TRUE,0,2,0,8,0,26,FALSE,FALSE,TRUE
28,27,GEM9,2,,,0,0,,0,0,0,3,0,1,0,artifact_019,購買:9(一時カード),TRUE,0,2,0,9,0,27,FALSE,FALSE,TRUE
29,28,GEM10,2,,,0,0,,0,0,0,3,0,1,0,artifact_019,購買:10(一時カード),TRUE,0,2,0,10,0,28,FALSE,FALSE,TRUE
30,29,ATK1,2,,,0,0,,1,0,0,3,0,1,0,artifact_029,攻撃:1(一時カード),TRUE,0,1,1,0,0,29,FALSE,FALSE,TRUE
31,30,ATK2,2,,,0,0,,1,0,0,3,0,1,0,artifact_029,攻撃:2(一時カード),TRUE,0,1,2,0,0,30,FALSE,FALSE,TRUE
32,31,ATK3,2,,,0,0,,1,0,0,3,0,1,0,artifact_029,攻撃:3(一時カード),TRUE,0,1,3,0,0,31,FALSE,FALSE,TRUE
33,32,ATK4,2,,,0,0,,1,0,0,3,0,1,0,artifact_029,攻撃:4(一時カード),TRUE,0,1,4,0,0,32,FALSE,FALSE,TRUE
34,33,ATK5,2,,,0,0,,1,0,0,3,0,1,0,artifact_029,攻撃:5(一時カード),TRUE,0,1,5,0,0,33,FALSE,FALSE,TRUE
35,34,ATK6,2,,,0,0,,1,0,0,3,0,1,0,artifact_029,攻撃:6(一時カード),TRUE,0,1,6,0,0,34,FALSE,FALSE,TRUE
36,35,ATK7,2,,,0,0,,1,0,0,3,0,1,0,artifact_029,攻撃:7(一時カード),TRUE,0,1,7,0,0,35,FALSE,FALSE,TRUE
37,36,ATK8,2,,,0,0,,1,0,0,3,0,1,0,artifact_029,攻撃:8(一時カード),TRUE,0,1,8,0,0,36,FALSE,FALSE,TRUE
38,37,ATK9,2,,,0,0,,1,0,0,3,0,1,0,artifact_029,攻撃:9(一時カード),TRUE,0,1,9,0,0,37,FALSE,FALSE,TRUE
39,38,ATK10,2,,,0,0,,1,0,0,3,0,1,0,artifact_029,攻撃:10(一時カード),TRUE,0,1,10,0,0,38,FALSE,FALSE,TRUE
40,39,薬草,2,,,0,0,,4,0,0,2,0,4,27,artifact_039,HP3回復,FALSE,0,3,0,0,0,39,FALSE,TRUE,TRUE
41,40,癒やしの泉,2,,,0,0,,8,0,0,3,0,1,0,artifact_009,(一時カード),TRUE,0,3,0,0,0,40,FALSE,FALSE,TRUE
42,41,戦場の記憶,2,,,0,0,,0,0,0,3,0,1,0,,,FALSE,0,0,0,0,0,41,FALSE,FALSE,TRUE
43,42,戦闘分析,2,,,0,0,,0,0,0,3,0,1,0,,,FALSE,0,0,0,0,0,42,FALSE,FALSE,TRUE
44,43,抱擁,2,,,0,0,,0,0,0,3,0,1,0,,,FALSE,0,0,0,0,0,43,FALSE,FALSE,TRUE
45,44,毒矢,2,,,0,0,,0,0,0,3,0,5,0,artifact_044,攻撃:5(一時カード),TRUE,1,1,5,0,0,44,FALSE,FALSE,TRUE
46,45,天使の羽,2,,,0,0,,0,0,0,3,0,6,75,artifact_045,"購買:2, 「天使の羽」を獲得する(最大16枚)",FALSE,0,2,0,2,0,45,FALSE,FALSE,TRUE
47,46,埋葬地,2,,,0,0,,4,0,0,3,1,6,76,artifact_046,破棄:3(一時カード),TRUE,0,3,0,0,0,46,FALSE,FALSE,TRUE
48,47,博士の手記(一),2,,,0,0,,5,0,0,3,1,6,77,artifact_047,"手札保持:1,博士の手記(二)を次ターン得る(一時カード)",TRUE,0,3,0,0,0,47,FALSE,FALSE,TRUE
49,48,ネクロノミコン,2,,,0,0,,10,0,0,3,2,8,78,artifact_048,[戦闘時]場に出ているウボスの爪を全て撃破する,FALSE,3,1,0,0,0,48,FALSE,FALSE,TRUE
50,49,ウボスのエキス,2,,,0,0,,0,0,0,3,0,7,79,artifact_049,"回復:5,[保有]ウボスの能力を自分だけ無効化する",FALSE,0,3,0,0,0,49,FALSE,FALSE,TRUE
51,50,GEM10,2,,,0,0,,0,0,0,3,0,1,0,artifact_019,購買:,FALSE,0,2,0,10,0,50,FALSE,FALSE,TRUE
52,51,博士の手記(二),2,,,0,0,,6,0,0,3,1,7,80,artifact_047,"手札保持:2,博士の手記(三)を次ターン得る(一時カード)",TRUE,0,3,0,0,0,51,FALSE,FALSE,TRUE
53,52,博士の手記(三),2,,,0,0,,6,0,0,3,1,8,81,artifact_047,手札保持:3(一時カード),TRUE,0,3,0,0,0,52,FALSE,FALSE,TRUE
54,53,死者の手,2,,,0,0,,0,0,0,3,0,4,0,artifact_045,(一時カード),TRUE,0,3,0,0,0,53,FALSE,FALSE,TRUE
55,54,聖騎士の鎧,2,,,0,0,,4,0,0,3,0,4,0,artifact_046,,FALSE,0,1,0,0,0,54,FALSE,FALSE,TRUE
56,55,帝国の侵攻,2,,,0,0,,4,0,0,3,0,4,0,artifact_047,,FALSE,0,3,0,0,0,55,FALSE,FALSE,TRUE
57,56,獣人の雄叫び,2,,,0,0,,7,0,0,2,0,4,0,artifact_048,,FALSE,0,3,0,0,0,56,FALSE,FALSE,TRUE
58,57,ポーション,2,,,0,0,,5,0,0,2,0,4,82,artifact_057,"追加ドロー:1,HP回復:5(一時カード)",TRUE,0,3,0,0,0,57,FALSE,TRUE,TRUE
59,58,トゥースフェアリーの歯,2,,,0,0,,2,0,0,3,0,4,83,artifact_058,追加ドロー:1,FALSE,0,3,0,0,0,58,FALSE,TRUE,TRUE
60,59,コデックス,2,,,0,0,,5,0,0,2,0,5,85,artifact_059,次ターン、ダイス1つ追加,FALSE,0,3,0,0,0,59,FALSE,TRUE,TRUE
61,60,厄災の指輪,2,,,0,0,,5,0,0,2,0,5,86,artifact_060,カード枚数の1番少ないプレイヤーに呪い1枚付与,FALSE,0,3,0,0,0,60,FALSE,TRUE,TRUE
62,61,銀の十字架,2,,,0,0,,12,0,0,3,1,6,89,artifact_014,[保有]高位吸血鬼に攻撃+５,FALSE,0,0,0,0,0,61,FALSE,FALSE,TRUE
63,1000,バッシュ,1,,,1,0,,2,0,3,3,0,3,55,grun_skill_01,"攻撃:X, 追加ドロー:1",FALSE,0,1,-1,0,0,1000,FALSE,TRUE,TRUE
64,1001,バッシュ,1,,,1,0,,2,0,3,3,0,3,55,grun_skill_01,"攻撃:X, 追加ドロー:1",FALSE,0,1,-1,0,0,1000,TRUE,FALSE,TRUE
65,1005,血の恵み,1,,,1,0,,4,0,3,2,0,5,23,grun_skill_03,"攻撃:2, 追加ドロー:1,手札破棄:1",FALSE,0,1,2,0,0,1005,FALSE,TRUE,TRUE
66,1006,血の恵み,1,,,1,0,,4,0,3,2,0,5,23,grun_skill_03,"攻撃:2, 追加ドロー:1,手札破棄:1",FALSE,0,1,2,0,0,1005,TRUE,FALSE,TRUE
67,1007,血の恵み,1,,,1,0,,4,0,3,2,0,5,23,grun_skill_03_,"攻撃:2, 追加ドロー:1,手札破棄:1",FALSE,0,1,2,0,0,1005,TRUE,FALSE,FALSE
68,1010,精神力吸収,1,,,1,0,,5,0,3,2,0,6,24,grun_skill_04,"攻撃:2, HP回復:3,追加ドロー:1",FALSE,0,1,2,0,0,1010,FALSE,TRUE,TRUE
69,1011,精神力吸収,1,,,1,0,,5,0,3,2,0,6,24,grun_skill_04,"攻撃:2, HP回復:3,追加ドロー:1",FALSE,0,1,2,0,0,1010,TRUE,FALSE,TRUE
70,1015,孤影,1,,,1,0,,7,0,3,2,0,7,25,grun_skill_06,"攻撃:XX, 追加ドロー:2,[戦闘時]対象に与えたダメージ分回復",FALSE,0,1,-2,0,0,1015,FALSE,TRUE,TRUE
71,1016,孤影,1,,,1,0,,7,0,3,2,0,7,25,grun_skill_06,"攻撃:XX, 追加ドロー:2,[戦闘時]対象に与えたダメージ分回復",FALSE,0,1,-2,0,0,1015,TRUE,FALSE,TRUE
72,1050,スラッシュ,1,,,4,0,,3,0,4,2,0,3,0,abell_skill_01,攻撃:3,FALSE,0,1,3,0,0,1050,FALSE,TRUE,TRUE
73,1051,スラッシュ,1,,,4,0,,3,0,4,2,0,3,0,abell_skill_01,攻撃:3,FALSE,0,1,3,0,0,1050,TRUE,FALSE,TRUE
74,1055,見切り,1,,,4,0,,5,0,4,2,0,5,87,abell_skill_02,[戦闘時]対象からのダメージを戦闘中、無効にする,FALSE,0,1,0,0,0,1055,FALSE,TRUE,TRUE
75,1056,見切り,1,,,4,0,,5,0,4,2,0,5,87,abell_skill_02,[戦闘時]対象からのダメージを戦闘中、無効にする,FALSE,0,1,0,0,0,1055,TRUE,FALSE,TRUE
76,1060,チャージドスラスト,1,,,4,0,,6,0,4,2,0,6,0,abell_skill_03,攻撃:XXX,FALSE,0,1,-3,0,0,1060,FALSE,TRUE,TRUE
77,1061,チャージドスラスト,1,,,4,0,,6,0,4,2,0,6,0,abell_skill_03,攻撃:XXX,FALSE,0,1,-3,0,0,1060,TRUE,FALSE,TRUE
78,1065,剣術家,1,,,4,0,,4,0,4,2,0,7,2,abell_skill_05,"攻撃:3, [戦闘時]自分以外のプレイヤーにダメージ:2",FALSE,0,1,3,0,0,1065,FALSE,TRUE,TRUE
79,1066,剣術家,1,,,4,0,,4,0,4,2,0,7,2,abell_skill_05,"攻撃:3, [戦闘時]自分以外のプレイヤーにダメージ:2",FALSE,0,1,3,0,0,1065,TRUE,FALSE,TRUE
80,1100,暗殺者の夜,1,,,2,0,,3,0,11,2,0,3,3,sheri_skill_01,"購買:1, 追加ドロー:2,次ターン「ナイフ」を得る",FALSE,0,2,0,1,0,1100,FALSE,TRUE,TRUE
81,1101,暗殺者の夜,1,,,2,0,,3,0,11,2,0,3,3,sheri_skill_01,"購買:1, 追加ドロー:2,次ターン「ナイフ」を得る",FALSE,0,2,0,1,0,1100,TRUE,FALSE,TRUE
82,1105,スーサイダル・T,1,,,2,0,,4,0,11,2,0,5,4,sheri_skill_02,"購買:1, 自身にダメージ:1,追加ドロー:2",FALSE,0,2,0,1,0,1105,FALSE,TRUE,TRUE
83,1106,スーサイダル・T,1,,,2,0,,4,0,11,2,0,5,4,sheri_skill_02,"購買:1, 自身にダメージ:1,追加ドロー:2",FALSE,0,2,0,1,0,1105,TRUE,FALSE,TRUE
84,1110,ビックブラック,1,,,2,0,,5,0,11,2,0,6,5,sheri_skill_03,"購買:3, 手札保持:2",FALSE,0,2,0,3,0,1110,FALSE,TRUE,TRUE
85,1111,ビックブラック,1,,,2,0,,5,0,11,2,0,6,5,sheri_skill_03,"購買:3, 手札保持:2",FALSE,0,2,0,3,0,1110,TRUE,FALSE,TRUE
86,1112,ビックブラック,1,,,2,0,,5,0,11,2,0,6,5,sheri_skill_03_,"購買:3, 手札保持:2",FALSE,0,2,0,3,0,1110,TRUE,FALSE,FALSE
87,1115,レッツ・ナイフ,1,,,2,0,,5,0,11,2,0,7,6,sheri_skill_05,"攻撃:1, 追加ドロー:3,[戦闘時]同じ相手にドロップしたナイフの攻撃を二倍",FALSE,0,1,1,0,0,1115,FALSE,TRUE,TRUE
88,1116,レッツ・ナイフ,1,,,2,0,,5,0,11,2,0,7,6,sheri_skill_05,"攻撃:1, 追加ドロー:3,[戦闘時]同じ相手にドロップしたナイフの攻撃を二倍",FALSE,0,1,1,0,0,1115,TRUE,FALSE,TRUE
89,1150,知覚の扉,1,,,3,0,,4,0,19,2,0,3,1,rosso_skill_01,"購買:2, [獲得時]GEM3（一時カード）を手札に加える",FALSE,0,2,0,2,0,1150,FALSE,TRUE,TRUE
90,1151,知覚の扉,1,,,3,0,,4,0,19,2,0,3,1,rosso_skill_01,"購買:2, [獲得時]GEM3（一時カード）を手札に加える",FALSE,0,2,0,2,0,1150,TRUE,FALSE,TRUE
91,1155,臨床試験,1,,,3,0,,5,0,19,2,0,5,7,rosso_skill_03,3枚ドローして2枚を手札、1枚を捨て札にする,FALSE,0,2,0,0,0,1155,FALSE,TRUE,TRUE
92,1156,臨床試験,1,,,3,0,,5,0,19,2,0,5,7,rosso_skill_03,3枚ドローして2枚を手札、1枚を捨て札にする,FALSE,0,2,0,0,0,1155,TRUE,FALSE,TRUE
93,1160,ヘルズ・ベル,1,,,3,0,,6,0,19,2,0,6,8,rosso_skill_06,"攻撃:3, [戦闘時]対象の両隣のモンスターにもダメージを与える",FALSE,0,1,3,0,0,1160,FALSE,TRUE,TRUE
94,1161,ヘルズ・ベル,1,,,3,0,,6,0,19,2,0,6,8,rosso_skill_06,"攻撃:3, [戦闘時]対象の両隣のモンスターにもダメージを与える",FALSE,0,1,3,0,0,1160,TRUE,FALSE,TRUE
95,1165,異界の戦利品,1,,,3,0,,7,0,19,2,0,7,11,rosso_skill_04,"購買:5, [購入成功時]購入したカードを山札の上に置く",FALSE,0,2,0,5,0,1165,FALSE,TRUE,TRUE
96,1166,異界の戦利品,1,,,3,0,,7,0,19,2,0,7,11,rosso_skill_04,"購買:5, [購入成功時]購入したカードを山札の上に置く",FALSE,0,2,0,5,0,1165,TRUE,FALSE,TRUE
97,1200,リジェクトソード,1,,,4,0,,3,0,9,3,0,3,0,max_skill_01,攻撃:XX,FALSE,0,1,-2,0,0,1200,FALSE,TRUE,TRUE
98,1201,リジェクトソード,1,,,4,0,,3,0,9,3,0,3,0,max_skill_01,攻撃:XX,FALSE,0,1,-2,0,0,1200,TRUE,FALSE,TRUE
99,1205,カウンターガード,1,,,4,0,,5,0,9,2,0,5,26,max_skill_02,"攻撃:1, [戦闘時]ダメージを反射",FALSE,0,1,1,0,0,1205,FALSE,TRUE,TRUE
100,1206,カウンターガード,1,,,4,0,,5,0,9,2,0,5,26,max_skill_02,"攻撃:1, [戦闘時]ダメージを反射",FALSE,0,1,1,0,0,1205,TRUE,FALSE,TRUE
101,1210,オートマタの記憶,1,,,4,0,,6,0,9,2,0,6,0,max_skill_05,"攻撃:5, 購買:5, (一時カード)",TRUE,0,3,5,5,0,1210,FALSE,TRUE,TRUE
102,1211,オートマタの記憶,1,,,4,0,,6,0,9,2,0,6,0,max_skill_05,"攻撃:5, 購買:5, (一時カード)",TRUE,0,3,5,5,0,1210,TRUE,FALSE,TRUE
103,1215,自爆,1,,,4,0,,8,0,9,2,0,7,28,max_skill_04,"攻撃:XXXX, 自身にダメージ:XXX",FALSE,0,1,-4,0,0,1215,FALSE,TRUE,TRUE
104,1216,自爆,1,,,4,0,,8,0,9,2,0,7,28,max_skill_04,"攻撃:XXXX, 自身にダメージ:XXX",FALSE,0,1,-4,0,0,1215,TRUE,FALSE,TRUE
105,1250,何処を見てやがる!,1,,,5,0,,4,0,54,2,0,3,29,dino_skill_02,"攻撃:X, 次ターンに追加ダイス1",FALSE,0,1,-1,0,0,1250,FALSE,TRUE,TRUE
106,1251,何処を見てやがる!,1,,,5,0,,4,0,54,2,0,3,29,dino_skill_02,"攻撃:X, 次ターンに追加ダイス1",FALSE,0,1,-1,0,0,1250,TRUE,FALSE,TRUE
107,1255,お前の技は見切った!,1,,,5,0,,4,0,54,2,0,5,30,dino_skill_03,"攻撃:1, [戦闘時]ダメージの代わりに勝利点を得る",FALSE,0,1,1,0,0,1255,FALSE,TRUE,TRUE
108,1256,お前の技は見切った!,1,,,5,0,,4,0,54,2,0,5,30,dino_skill_03,"攻撃:1, [戦闘時]ダメージの代わりに勝利点を得る",FALSE,0,1,1,0,0,1255,TRUE,FALSE,TRUE
109,1260,強運,1,,,5,0,,6,0,54,2,0,6,31,dino_skill_05,"勝利点:2,[戦闘時]場のダイスの内、ワイルドでないものをひとつランダムにワイルドにする",FALSE,0,1,0,0,0,1260,FALSE,TRUE,TRUE
110,1261,強運,1,,,5,0,,6,0,54,2,0,6,31,dino_skill_05,"勝利点:2,[戦闘時]場のダイスの内、ワイルドでないものをひとつランダムにワイルドにする",FALSE,0,1,0,0,0,1260,TRUE,FALSE,TRUE
111,1265,これが俺様の本当の力だ！,1,,,5,0,,7,0,54,2,0,7,32,dino_skill_04,"攻撃:1, [戦闘時]好きな色のダイスをひとつ追加する",FALSE,0,1,1,0,0,1265,FALSE,TRUE,TRUE
112,1266,これが俺様の本当の力だ！,1,,,5,0,,7,0,54,2,0,7,32,dino_skill_04,"攻撃:1, [戦闘時]好きな色のダイスをひとつ追加する",FALSE,0,1,1,0,0,1265,TRUE,FALSE,TRUE
113,1300,ムーンシャイン,1,,,3,0,,3,0,15,2,0,3,33,marg_skill_01,"購買:1, 手札破棄:1",FALSE,0,2,0,1,0,1300,FALSE,TRUE,TRUE
114,1301,ムーンシャイン,1,,,3,0,,3,0,15,2,0,3,33,marg_skill_01,"購買:1, 手札破棄:1",FALSE,0,2,0,1,0,1300,TRUE,FALSE,TRUE
115,1305,予兆,1,,,3,0,,7,0,15,1,0,5,34,marg_skill_03,"攻撃:1, ドゥームスデイ(一時カード)を得る(一時カード)",TRUE,0,1,1,0,0,1305,FALSE,TRUE,TRUE
116,1306,予兆,1,,,3,0,,7,0,15,1,0,5,34,marg_skill_03,"攻撃:1, ドゥームスデイ(一時カード)を得る(一時カード)",TRUE,0,1,1,0,0,1305,TRUE,FALSE,TRUE
117,1310,ヘルバウンドハート,1,,,3,0,,8,0,15,2,0,6,35,marg_skill_04,"攻撃:3, 山札からランダムに破棄:2,[戦闘時]勝利点が最も高い自分以外のプレイヤーに「麻痺」を2枚渡す",FALSE,0,1,3,0,0,1310,FALSE,TRUE,TRUE
118,1311,ヘルバウンドハート,1,,,3,0,,8,0,15,2,0,6,35,marg_skill_04,"攻撃:3, 山札からランダムに破棄:2,[戦闘時]勝利点が最も高い自分以外のプレイヤーに「麻痺」を2枚渡す",FALSE,0,1,3,0,0,1310,TRUE,FALSE,TRUE
119,1315,ラプチュア,1,,,3,0,,5,0,15,2,0,7,36,marg_skill_02,"購買:1, 追加ドロー:4(一時カード)",TRUE,0,2,0,1,0,1315,FALSE,TRUE,TRUE
120,1316,ラプチュア,1,,,3,0,,5,0,15,2,0,7,36,marg_skill_02,"購買:1, 追加ドロー:4(一時カード)",TRUE,0,2,0,1,0,1315,TRUE,FALSE,TRUE
121,1350,おいしいミルク,1,,,2,0,,3,0,41,2,0,3,37,nenem_skill_01,"攻撃:1, 次ターンに緑ダイスを追加",FALSE,0,1,1,0,0,1350,FALSE,TRUE,TRUE
122,1351,おいしいミルク,1,,,2,0,,3,0,41,2,0,3,37,nenem_skill_01,"攻撃:1, 次ターンに緑ダイスを追加",FALSE,0,1,1,0,0,1350,TRUE,FALSE,TRUE
123,1355,やさしいお注射,1,,,2,0,,5,0,41,2,0,5,38,nenem_skill_02,"攻撃:XX, [戦闘時]与えたダメージ(最大10)の一時攻撃カードをデッキの上に置く",FALSE,0,1,-2,0,0,1355,FALSE,TRUE,TRUE
124,1356,やさしいお注射,1,,,2,0,,5,0,41,2,0,5,38,nenem_skill_02,"攻撃:XX, [戦闘時]与えたダメージ(最大10)の一時攻撃カードをデッキの上に置く",FALSE,0,1,-2,0,0,1355,TRUE,FALSE,TRUE
125,1360,たのしい採血,1,,,2,0,,5,0,41,2,0,6,39,nenem_skill_03,"攻撃:1, [戦闘時]HP回復:XXX, 回復した分の一時攻撃カードを次ターン得る",FALSE,0,1,1,0,0,1360,FALSE,TRUE,TRUE
126,1361,たのしい採血,1,,,2,0,,5,0,41,2,0,6,39,nenem_skill_03,"攻撃:1, [戦闘時]HP回復:XXX, 回復した分の一時攻撃カードを次ターン得る",FALSE,0,1,1,0,0,1360,TRUE,FALSE,TRUE
127,1365,ひみつのお薬,1,,,2,0,,8,0,41,2,0,7,40,nenem_skill_04,"攻撃:1, HP3消費,[戦闘時]ランダムな対象に合計XXXXXXダメージをばら撒く(ただしこの攻撃では死なない)",FALSE,0,1,1,0,0,1365,FALSE,TRUE,TRUE
128,1366,ひみつのお薬,1,,,2,0,,8,0,41,2,0,7,40,nenem_skill_04,"攻撃:1, HP3消費,[戦闘時]ランダムな対象に合計XXXXXXダメージをばら撒く(ただしこの攻撃では死なない)",FALSE,0,1,1,0,0,1365,TRUE,FALSE,TRUE
129,1400,蒼き薔薇,1,,,1,0,,2,0,31,3,0,5,41,mars_skill_01,"攻撃:2, 山札を全て捨て札にしてもよい",FALSE,0,1,2,0,0,1400,FALSE,TRUE,TRUE
130,1401,蒼き薔薇,1,,,1,0,,2,0,31,3,0,5,41,mars_skill_01,"攻撃:2, 山札を全て捨て札にしてもよい",FALSE,0,1,2,0,0,1400,TRUE,FALSE,TRUE
131,1405,白鴉,1,,,1,0,,3,0,31,2,0,6,5,mars_skill_02,手札保持:2,FALSE,0,3,0,0,0,1405,FALSE,TRUE,TRUE
132,1406,白鴉,1,,,1,0,,3,0,31,2,0,6,5,mars_skill_02,手札保持:2,FALSE,0,3,0,0,0,1405,TRUE,FALSE,TRUE
133,1410,黒い太陽,1,,,1,0,,5,0,31,2,0,7,44,mars_skill_04,"攻撃:XX, [戦闘時]他の場のモンスターにXダメージ",FALSE,0,1,-2,0,0,1410,FALSE,TRUE,TRUE
134,1411,黒い太陽,1,,,1,0,,5,0,31,2,0,7,44,mars_skill_04,"攻撃:XX, [戦闘時]他の場のモンスターにXダメージ",FALSE,0,1,-2,0,0,1410,TRUE,FALSE,TRUE
135,1415,深紅の月,1,,,1,0,,6,0,31,1,0,8,43,mars_skill_03,手札のアクションカードを一時的に一枚をコピーする,FALSE,0,3,0,0,0,1415,FALSE,TRUE,TRUE
136,1416,深紅の月,1,,,1,0,,6,0,31,1,0,8,43,mars_skill_03,手札のアクションカードを一時的に一枚をコピーする,FALSE,0,3,0,0,0,1415,TRUE,FALSE,TRUE
137,1450,クロックワークス,1,,,5,0,,2,0,39,4,0,3,42,blau_skill_01,"購買:1, 勝利点:2",FALSE,0,2,0,1,0,1450,FALSE,TRUE,TRUE
138,1451,クロックワークス,1,,,5,0,,2,0,39,4,0,3,42,blau_skill_01,"購買:1, 勝利点:2",FALSE,0,2,0,1,0,1450,TRUE,FALSE,TRUE
139,1455,タイムハント,1,,,5,0,,4,0,39,2,0,5,46,blau_skill_02,"攻撃:1, 捨て札にあるランダムなアクションカード1枚を手札に加える",FALSE,0,1,1,0,0,1455,FALSE,TRUE,TRUE
140,1456,タイムハント,1,,,5,0,,4,0,39,2,0,5,46,blau_skill_02,"攻撃:1, 捨て札にあるランダムなアクションカード1枚を手札に加える",FALSE,0,1,1,0,0,1455,TRUE,FALSE,TRUE
141,1460,タイムボム,1,,,5,0,,6,0,39,2,0,6,47,blau_skill_03,"攻撃:2, デッキ内のクロックワークスの枚数分、勝利点:2",FALSE,0,1,2,0,0,1460,FALSE,TRUE,TRUE
142,1461,タイムボム,1,,,5,0,,6,0,39,2,0,6,47,blau_skill_03,"攻撃:2, デッキ内のクロックワークスの枚数分、勝利点:2",FALSE,0,1,2,0,0,1460,TRUE,FALSE,TRUE
143,1465,イン・ジ・イブニング,1,,,5,0,,8,0,39,2,0,7,48,blau_skill_04,"攻撃:1, [戦闘時]勝利点XXX以下のモンスターを倒す",FALSE,0,1,1,0,0,1465,FALSE,TRUE,TRUE
144,1466,イン・ジ・イブニング,1,,,5,0,,8,0,39,2,0,7,48,blau_skill_04,"攻撃:1, [戦闘時]勝利点XXX以下のモンスターを倒す",FALSE,0,1,1,0,0,1465,TRUE,FALSE,TRUE
145,1500,ホワイトライト,1,,,3,0,,2,0,18,3,0,3,49,belinda_skill_01,"購買:2, 墓場の上から5枚のうち1枚カードを選んで獲得",FALSE,0,2,0,2,0,1500,FALSE,TRUE,TRUE
146,1501,ホワイトライト,1,,,3,0,,2,0,18,3,0,3,49,belinda_skill_01,"購買:2, 墓場の上から5枚のうち1枚カードを選んで獲得",FALSE,0,2,0,2,0,1500,TRUE,FALSE,TRUE
147,1505,クリスタル・M,1,,,3,0,,4,0,18,2,0,5,50,belinda_skill_02,"購買:1, 山札を上から半分（切り捨て）捨て札にしても良い",FALSE,0,2,0,1,0,1505,FALSE,TRUE,TRUE
148,1506,クリスタル・M,1,,,3,0,,4,0,18,2,0,5,50,belinda_skill_02,"購買:1, 山札を上から半分（切り捨て）捨て札にしても良い",FALSE,0,2,0,1,0,1505,TRUE,FALSE,TRUE
149,1510,ソルベント・レイン,1,,,3,0,,5,0,18,2,0,6,52,belinda_skill_04,"攻撃:XX, 捨て札が6枚以上ある場合 このターンダメージを3軽減する",FALSE,0,1,-2,0,0,1510,FALSE,TRUE,TRUE
150,1511,ソルベント・レイン,1,,,3,0,,5,0,18,2,0,6,52,belinda_skill_04,"攻撃:XX, 捨て札が6枚以上ある場合 このターンダメージを3軽減する",FALSE,0,1,-2,0,0,1510,TRUE,FALSE,TRUE
151,1515,スノーボーリング,1,,,3,0,,6,0,18,2,0,7,51,belinda_skill_03,"購買:3, 捨て札が6枚以上あるとき このターンサプライのコストを3下げる(0にはならない)",FALSE,0,2,0,3,0,1515,FALSE,TRUE,TRUE
152,1516,スノーボーリング,1,,,3,0,,6,0,18,2,0,7,51,belinda_skill_03,"購買:3, 捨て札が6枚以上あるとき このターンサプライのコストを3下げる(0にはならない)",FALSE,0,2,0,3,0,1515,TRUE,FALSE,TRUE
153,1550,バーベッドヴィクティム,1,,,1,0,,2,0,61,3,0,5,84,alice_skill_01,"攻撃:X, 購買:2, このカードを破棄したとき勝利点:8",FALSE,0,3,-1,2,0,1550,FALSE,TRUE,TRUE
154,1551,バーベッドヴィクティム,1,,,1,0,,2,0,61,3,0,5,84,alice_skill_01,"攻撃:X, 購買:2, このカードを破棄したとき勝利点:8",FALSE,0,3,-1,2,0,1550,TRUE,FALSE,TRUE
155,1555,シンクアイビー,1,,,1,0,,3,0,61,2,0,6,17,alice_skill_02,"購買:2, [購入成功時]購入したカードのコスト分、一時攻撃カード(最大10)を得る",FALSE,0,2,0,2,0,1555,FALSE,TRUE,TRUE
156,1556,シンクアイビー,1,,,1,0,,3,0,61,2,0,6,17,alice_skill_02,"購買:2, [購入成功時]購入したカードのコスト分、一時攻撃カード(最大10)を得る",FALSE,0,2,0,2,0,1555,TRUE,FALSE,TRUE
157,1560,リフューザル・レイ,1,,,1,0,,4,0,61,2,0,7,53,alice_skill_03,"購買:XXX, 勝利点:2",FALSE,0,2,0,-3,0,1560,FALSE,TRUE,TRUE
158,1561,リフューザル・レイ,1,,,1,0,,4,0,61,2,0,7,53,alice_skill_03,"購買:XXX, 勝利点:2",FALSE,0,2,0,-3,0,1560,TRUE,FALSE,TRUE
159,1565,ネガティブギフト,1,,,1,0,,9,0,61,2,0,8,54,alice_skill_04,"手札破棄:2,他プレイヤーは破棄したカードと同じものを得る",FALSE,0,3,0,0,0,1565,FALSE,TRUE,TRUE
160,1566,ネガティブギフト,1,,,1,0,,9,0,61,2,0,8,54,alice_skill_04,"手札破棄:2,他プレイヤーは破棄したカードと同じものを得る",FALSE,0,3,0,0,0,1565,TRUE,FALSE,TRUE
161,1600,D・ジャンクション,1,,,2,0,,3,0,66,2,0,3,55,epsilon_skill_01,"購買:2, 追加ドロー:1",FALSE,0,2,0,2,0,1600,FALSE,TRUE,TRUE
162,1601,D・ジャンクション,1,,,2,0,,3,0,66,2,0,3,55,epsilon_skill_01,"購買:2, 追加ドロー:1",FALSE,0,2,0,2,0,1600,TRUE,FALSE,TRUE
163,1605,D・イクストーション,1,,,2,0,,5,0,66,1,0,5,56,epsilon_skill_02,"攻撃:2, 追加ドロー:2,墓場からアーティファクトカードをランダムに1枚獲得",FALSE,0,1,2,0,0,1605,FALSE,TRUE,TRUE
164,1606,D・イクストーション,1,,,2,0,,5,0,66,1,0,5,56,epsilon_skill_02,"攻撃:2, 追加ドロー:2,墓場からアーティファクトカードをランダムに1枚獲得",FALSE,0,1,2,0,0,1605,TRUE,FALSE,TRUE
165,1610,D・トラクション,1,,,2,0,,6,0,66,2,0,6,57,epsilon_skill_03,"攻撃:2, 墓場にあるランダムなアクションカードを1枚得る",FALSE,0,1,2,0,0,1610,FALSE,TRUE,TRUE
166,1611,D・トラクション,1,,,2,0,,6,0,66,2,0,6,57,epsilon_skill_03,"攻撃:2, 墓場にあるランダムなアクションカードを1枚得る",FALSE,0,1,2,0,0,1610,TRUE,FALSE,TRUE
167,1615,D・ユーサペイション,1,,,2,0,,7,0,66,2,0,7,58,epsilon_skill_04,"購買:1, 追加ドロー:3,「呪い」を1枚獲得",FALSE,0,2,0,1,0,1615,FALSE,TRUE,TRUE
168,1616,D・ユーサペイション,1,,,2,0,,7,0,66,2,0,7,58,epsilon_skill_04,"購買:1, 追加ドロー:3,「呪い」を1枚獲得",FALSE,0,2,0,1,0,1615,TRUE,FALSE,TRUE
169,1650,奸侫の鉄槌,1,,,4,0,,3,0,51,2,0,3,59,eureka_skill_01,"攻撃:2, [戦闘時]相手モンスターがこのターンに討伐された時、次のドロー時追加:2",FALSE,0,1,2,0,0,1650,FALSE,TRUE,TRUE
170,1651,奸侫の鉄槌,1,,,4,0,,3,0,51,2,0,3,59,eureka_skill_01,"攻撃:2, [戦闘時]相手モンスターがこのターンに討伐された時、次のドロー時追加:2",FALSE,0,1,2,0,0,1650,TRUE,FALSE,TRUE
171,1655,不善なる信仰,1,,,4,0,,5,0,51,2,0,5,60,eureka_skill_02,"攻撃:XX, [戦闘時]受けたダメージ分の一時攻撃カードを次のターンに得る",FALSE,0,1,-2,0,0,1655,FALSE,TRUE,TRUE
172,1656,不善なる信仰,1,,,4,0,,5,0,51,2,0,5,60,eureka_skill_02,"攻撃:XX, [戦闘時]受けたダメージ分の一時攻撃カードを次のターンに得る",FALSE,0,1,-2,0,0,1655,TRUE,FALSE,TRUE
173,1660,曲悪の安寧,1,,,4,0,,7,0,51,2,0,6,61,eureka_skill_03,"攻撃:5, 手札を任意の枚数捨て札にする。捨て札にした枚数分の一時攻撃カードを得る",FALSE,0,1,5,0,0,1660,FALSE,TRUE,TRUE
174,1661,曲悪の安寧,1,,,4,0,,7,0,51,2,0,6,61,eureka_skill_03,"攻撃:5, 手札を任意の枚数捨て札にする。捨て札にした枚数分の一時攻撃カードを得る",FALSE,0,1,5,0,0,1660,TRUE,FALSE,TRUE
175,1665,オーバードライブ,1,,,4,0,,7,0,51,2,0,7,62,eureka_skill_04,"攻撃:XXX, 手札にある全ての一時攻撃カードの攻撃力を+3",FALSE,0,1,-3,0,0,1665,FALSE,TRUE,TRUE
176,1666,オーバードライブ,1,,,4,0,,7,0,51,2,0,7,62,eureka_skill_04,"攻撃:XXX, 手札にある全ての一時攻撃カードの攻撃力を+3",FALSE,0,1,-3,0,0,1665,TRUE,FALSE,TRUE
177,1700,T・スキャッター,1,,,5,0,,3,0,71,2,0,5,63,jamie_skill_01,"購買:2, 全員に「麻痺」",FALSE,0,2,0,2,0,1700,FALSE,TRUE,TRUE
178,1701,T・スキャッター,1,,,5,0,,3,0,71,2,0,5,63,jamie_skill_01,"購買:2, 全員に「麻痺」",FALSE,0,2,0,2,0,1700,TRUE,FALSE,TRUE
179,1705,T・ウォール,1,,,5,0,,4,0,71,2,0,6,64,jamie_skill_02,"購買:1, 追加ドロー:2,手札の「麻痺」を二倍にする",FALSE,0,2,0,1,0,1705,FALSE,TRUE,TRUE
180,1706,T・ウォール,1,,,5,0,,4,0,71,2,0,6,64,jamie_skill_02,"購買:1, 追加ドロー:2,手札の「麻痺」を二倍にする",FALSE,0,2,0,1,0,1705,TRUE,FALSE,TRUE
181,1710,マジストラ,1,,,5,0,,4,0,71,2,0,7,65,jamie_skill_03,"購買:2, 手札にある「麻痺」の枚数分HP回復",FALSE,0,2,0,2,0,1710,FALSE,TRUE,TRUE
182,1711,マジストラ,1,,,5,0,,4,0,71,2,0,7,65,jamie_skill_03,"購買:2, 手札にある「麻痺」の枚数分HP回復",FALSE,0,2,0,2,0,1710,TRUE,FALSE,TRUE
183,1715,ハイブリス,1,,,5,0,,6,0,71,2,0,8,66,jamie_skill_04,"購買:1, 保有している麻痺カード分の一時攻撃カードを次ターン得る",FALSE,0,2,0,1,0,1715,FALSE,TRUE,TRUE
184,1716,ハイブリス,1,,,5,0,,6,0,71,2,0,8,66,jamie_skill_04,"購買:1, 保有している麻痺カード分の一時攻撃カードを次ターン得る",FALSE,0,2,0,1,0,1715,TRUE,FALSE,TRUE
185,1320,ドゥームスデイ,1,,,3,0,,0,0,15,3,0,8,67,marg_skill_03_,"攻撃:5, 「予兆」を得る,次ターン他のプレイヤーは-1ドロー,次ターン+1ドロー(一時カード)",TRUE,0,1,5,0,0,1320,FALSE,FALSE,TRUE
186,1321,ドゥームスデイ,1,,,3,0,,0,0,15,3,0,8,67,marg_skill_03_,"攻撃:5, 「予兆」を得る,次ターン他のプレイヤーは-1ドロー,次ターン+1ドロー(一時カード)",TRUE,0,1,5,0,0,1320,TRUE,FALSE,TRUE
187,10000,森の小人,4,,,4,1,,0,2,0,,2,1,0,monster_001_0,攻撃:X,FALSE,0,0,-1,0,0,10000,FALSE,FALSE,TRUE
188,10001,蝙蝠,4,,,3,1,,0,3,0,,2,1,18,monster_002_0,"攻撃:1, [撃破時]次ターン「クリスタル」(購買1)を得る",FALSE,0,0,1,0,0,10001,FALSE,FALSE,TRUE
189,10002,鬼火,4,,,5,2,,0,4,0,,3,1,19,monster_004_0,"攻撃:1, [ターン開始時]「毒」を全プレイヤーに追加する",FALSE,0,0,1,0,0,10002,FALSE,FALSE,TRUE
190,10003,吊られた男,4,,,2,1,,0,8,0,,3,2,20,monster_006_0,"攻撃:XX, [戦闘時]追加ダイス1",FALSE,0,0,-2,0,0,10003,FALSE,FALSE,TRUE
191,10004,幽霊騎士,4,,,4,1,,0,10,0,,5,3,21,monster_011_0,"攻撃:XXX, [ターン開始時]回復3,[戦闘時]追加ダイス1",FALSE,0,0,-3,0,1,10004,FALSE,FALSE,TRUE
192,10005,吸血鬼,4,,,1,1,,0,30,0,,12,4,22,monster_024_0,"攻撃:XXX, [ターン開始時]もっとも勝利点の高いプレイヤーのデッキからX枚を破棄",FALSE,0,0,-3,0,1,10005,FALSE,FALSE,TRUE
193,10006,鋼鉄の男,4,,,3,1,,0,1,0,,1,1,0,monster_012_0,攻撃:1,FALSE,0,0,1,0,0,10006,FALSE,FALSE,TRUE
194,10007,炎魔,4,,,,1,,0,1,0,,1,1,0,monster_013_1,攻撃:1,FALSE,0,0,1,0,0,10007,FALSE,FALSE,TRUE
195,10008,骸骨兵,4,,,,1,,0,1,0,,1,1,0,monster_016_0,攻撃:1,FALSE,0,0,1,0,0,10008,FALSE,FALSE,TRUE
196,10009,透明な布,4,,,,1,,0,1,0,,1,1,0,monster_017_0,攻撃:1,FALSE,0,0,1,0,0,10009,FALSE,FALSE,TRUE
197,10010,呪われし剣,4,,,,1,,0,1,0,,1,1,0,monster_018_0,攻撃:1,FALSE,0,0,1,0,0,10010,FALSE,FALSE,TRUE
198,10011,バフォメット,4,,,,1,,0,15,0,,1,1,98,monster_020_0,攻撃:XX,FALSE,0,0,-2,0,0,10011,FALSE,FALSE,TRUE
199,10012,人狼,4,,,4,1,,0,10,0,,5,3,21,monster_008_0,"攻撃:XXX, [ターン開始時]回復3,[戦闘時]追加ダイス1",FALSE,0,0,-3,0,0,10012,FALSE,FALSE,TRUE
200,10013,毒蛙,4,,,2,2,,0,4,0,,2,1,45,monster_003_1,"攻撃:2, [ターン開始時]「毒」を全プレイヤーに追加する,[撃破時]「毒矢」を獲得する",FALSE,0,0,2,0,0,10013,FALSE,FALSE,TRUE
201,10014,天使,4,,,3,0,,0,6,0,,5,2,68,monster_041_0,"攻撃:XX, [撃破時]「天使の羽」を獲得する",FALSE,0,0,-2,0,0,10014,FALSE,FALSE,TRUE
202,10015,妖花,4,,,2,1,,0,6,0,,4,1,69,monster_032_0,"攻撃:X, [撃破時]撃破したプレイヤー以外に「麻痺」を追加する",FALSE,0,0,-1,0,0,10015,FALSE,FALSE,TRUE
203,10016,双頭犬オルトス,4,,,4,1,,0,10,0,,8,4,70,monster_023_0,"攻撃:4, ダメージをランダムに対象以外のプレイヤーにも与える",FALSE,0,0,4,0,1,10016,FALSE,FALSE,TRUE
204,10017,ウボスの爪,4,,,3,1,,0,5,0,,2,2,71,monster_029_0,"攻撃:3, [撃破時]「ウボスのエキス」を獲得する,他に「ウボスの爪」が存在する時、復活する",FALSE,0,0,3,0,0,10017,FALSE,FALSE,TRUE
205,10018,ウボス,4,,,5,1,,0,30,0,,18,5,72,monster_030_0,"攻撃:6, [ターン開始時]全員に3ダメージと「呪い」を与える",FALSE,0,0,6,0,2,10018,FALSE,FALSE,TRUE
206,10019,ユボスの落とし子,4,,,1,0,,0,7,0,,10,3,73,monster_999_0,"攻撃:5, [ターン開始時]黃ダイスを追加",FALSE,0,0,5,0,0,10019,FALSE,FALSE,TRUE
207,10020,惑星ユボス,4,,,5,1,,0,60,0,,30,5,74,monster_1000_0,"攻撃:XXX, [戦闘終了時]ダメージなしの時全員にXXXXダメージ,登場から3ターンで消滅",FALSE,0,0,-3,0,2,10020,FALSE,FALSE,TRUE
208,10021,毒鼠,4,,,5,2,,0,4,0,,3,1,19,monster_015_0,"攻撃:1, [ターン開始時]「毒」を全プレイヤーに追加する",FALSE,0,0,1,0,0,10021,FALSE,FALSE,TRUE
209,10022,狂狼,4,,,1,1,,0,4,0,,1,1,0,monster_010_0,攻撃:1,FALSE,0,0,1,0,0,10022,FALSE,FALSE,TRUE
210,10023,茸兎,4,,,1,1,,0,4,0,,1,1,0,monster_005_0,攻撃:1,FALSE,0,0,1,0,0,10023,FALSE,FALSE,TRUE
211,10024,大蛙,4,,,1,1,,0,4,0,,1,1,0,monster_003_0,攻撃:1,FALSE,0,0,1,0,0,10024,FALSE,FALSE,TRUE
212,10025,白の織者,4,,,1,1,,0,4,0,,1,1,92,monster_027_0,"攻撃:1, [ターン開始時]白ダイス追加　[撃破時]「識者の杖」を獲得する",FALSE,0,0,1,0,0,10025,FALSE,FALSE,TRUE
213,10026,ナイチンゲール,4,,,1,1,,0,4,0,,1,1,0,monster_022_0,攻撃:1,FALSE,0,0,1,0,0,10026,FALSE,FALSE,TRUE
214,10027,食屍鬼,4,,,1,1,,0,4,0,,1,1,0,monster_007_0,攻撃:1,FALSE,0,0,1,0,0,10027,FALSE,FALSE,TRUE
215,10028,吸血蝙蝠,4,,,1,1,,0,4,0,,1,1,18,monster_002_1,"攻撃:1, [撃破時]次ターン「クリスタル」(購買1)を得る",FALSE,0,0,1,0,0,10028,FALSE,FALSE,TRUE
216,10029,白蜘蛛,4,,,1,1,,0,8,0,,3,2,20,monster_019_0,"攻撃:XX, [戦闘時]追加ダイス1",FALSE,0,0,-2,0,0,10029,FALSE,FALSE,TRUE
217,10030,虚無,4,,,1,1,,0,10,0,,6,2,88,monster_049_0,[戦闘終了時]攻撃を受けて討伐されなかった場合、攻撃したプレイヤーから勝利点を３奪う,FALSE,0,0,0,0,0,10030,FALSE,FALSE,TRUE
218,10031,骸鼠,4,,,5,1,,0,5,0,,5,1,19,monster_015_1,"攻撃:1, [ターン開始時]「毒」を全プレイヤーに追加する",FALSE,0,0,1,0,0,10031,FALSE,FALSE,TRUE
219,10032,高位吸血鬼,4,,,2,1,,0,40,0,,15,4,22,monster_024_1,"攻撃:XXX, [ターン開始時]もっとも勝利点の高いプレイヤーのデッキからX枚を破棄",FALSE,0,0,-3,0,1,10032,FALSE,FALSE,TRUE
220,10033,犬人,4,,,4,1,,0,12,0,,8,3,90,monster_008_1,"攻撃:XX, [ターン開始時]回復5,[戦闘時]追加ダイス2",FALSE,0,0,-2,0,0,10033,FALSE,FALSE,TRUE
221,10034,白銀蝙蝠,4,,,1,1,,0,5,0,,2,1,18,monster_002_2,"攻撃:2, [撃破時]次ターン「クリスタル」(購買1)を得る",FALSE,0,0,2,0,0,10034,FALSE,FALSE,TRUE
222,10035,鋼鉄蜘蛛,4,,,3,1,,0,9,0,,5,2,91,monster_019_1,"攻撃:3, [撃破時]「ポーション」を獲得する",FALSE,0,0,3,0,0,10035,FALSE,FALSE,TRUE
223,10036,双頭骸犬,4,,,4,1,,0,20,0,,12,5,70,monster_023_1,"攻撃:5, ダメージをランダムに対象以外のプレイヤーにも与える",FALSE,0,0,5,0,1,10036,FALSE,FALSE,TRUE
224,10037,夢馬,4,,,1,1,,0,,0,,1,5,0,monster_054_0,攻撃:1,FALSE,0,0,1,0,0,10037,FALSE,FALSE,TRUE
225,10038,凶兎,4,,,1,1,,0,3,0,,1,5,0,monster_005_2,攻撃:2,FALSE,0,0,2,0,0,10038,FALSE,FALSE,TRUE
226,10039,食人族,4,,,1,1,,0,4,0,,1,5,93,monster_007_2,"攻撃:3, [ターン開始時]全員にXダメージを与える　",FALSE,0,0,3,0,0,10039,FALSE,FALSE,TRUE
227,10040,ハルピュイア,4,,,1,1,,0,10,0,,1,5,95,monster_034_0,"攻撃:4, 3ターン後に逃亡する　 [撃破時]「セイレーンの財宝」を獲得する",FALSE,0,0,4,0,0,10040,FALSE,FALSE,TRUE
228,10041,白魔,4,,,1,1,,0,5,0,,1,5,97,monster_033_0,"攻撃:3, [戦闘時]追加ダイス1　",FALSE,0,0,3,0,0,10041,FALSE,FALSE,TRUE
229,10042,機械兵,4,,,1,1,,0,5,0,,1,5,105,monster_028_0,"攻撃:XX, [ターン開始時] 全プレイヤーに攻撃",FALSE,0,0,-2,0,0,10042,FALSE,FALSE,TRUE
230,10043,偵察メカ,4,,,1,1,,0,0,0,,1,5,0,monster_031_0,攻撃:1,FALSE,0,0,1,0,0,10043,FALSE,FALSE,TRUE
231,10044,銀の哨兵,4,,,1,1,,0,5,0,,1,5,100,monster_009_1,"攻撃:3, [ターン開始時]赤ダイス追加　攻撃力1以下の攻撃を無効化",FALSE,0,0,3,0,0,10044,FALSE,FALSE,TRUE
232,,,,,,,,,,,,,,,,,,,,,,,,,,,
